,shot_description,shot_type,shot_count,shot_makes,year,shot_group,efg%
0,Driving Dunk Shot,2PT Field Goal,93,92,1997,DUNKS,0.989247311827957
1,Driving Layup Shot,2PT Field Goal,1003,815,1997,LAYUPS,0.8125623130608175
2,Dunk Shot,2PT Field Goal,315,282,1997,DUNKS,0.8952380952380953
3,Hook Shot,2PT Field Goal,459,268,1997,POST_MOVES,0.5838779956427015
4,Jump Shot,2PT Field Goal,5663,2163,1997,JUMP_SHOTS,0.3819530284301607
5,Jump Shot,3PT Field Goal,4004,1442,1997,JUMP_SHOTS,0.5402097902097902
6,Layup Shot,2PT Field Goal,3625,1381,1997,LAYUPS,0.38096551724137934
7,Running Jump Shot,2PT Field Goal,263,177,1997,JUMP_SHOTS,0.6730038022813688
8,Running Jump Shot,3PT Field Goal,8,3,1997,JUMP_SHOTS,0.5625
9,Slam Dunk Shot,2PT Field Goal,265,257,1997,DUNKS,0.969811320754717
10,Tip Shot,2PT Field Goal,288,149,1997,SPECIALTY_SHOTS,0.5173611111111112
0,Driving Dunk Shot,2PT Field Goal,85,82,1998,DUNKS,0.9647058823529412
1,Driving Layup Shot,2PT Field Goal,1056,726,1998,LAYUPS,0.6875
2,Dunk Shot,2PT Field Goal,436,395,1998,DUNKS,0.9059633027522935
3,Hook Shot,2PT Field Goal,601,301,1998,POST_MOVES,0.5008319467554077
4,Jump Shot,2PT Field Goal,7646,2763,1998,JUMP_SHOTS,0.3613654198273607
5,Jump Shot,3PT Field Goal,2649,872,1998,JUMP_SHOTS,0.49377123442808607
6,Layup Shot,2PT Field Goal,2510,1259,1998,LAYUPS,0.501593625498008
7,No Shot,2PT Field Goal,5,2,1998,NO_SHOT,0.4
8,Running Jump Shot,2PT Field Goal,315,186,1998,JUMP_SHOTS,0.5904761904761905
9,Running Jump Shot,3PT Field Goal,3,2,1998,JUMP_SHOTS,1.0
10,Slam Dunk Shot,2PT Field Goal,382,378,1998,DUNKS,0.9895287958115183
11,Tip Shot,2PT Field Goal,360,158,1998,SPECIALTY_SHOTS,0.4388888888888889
0,Driving Dunk Shot,2PT Field Goal,45,41,1999,DUNKS,0.9111111111111111
1,Driving Layup Shot,2PT Field Goal,676,420,1999,LAYUPS,0.621301775147929
2,Dunk Shot,2PT Field Goal,263,231,1999,DUNKS,0.8783269961977186
3,Hook Shot,2PT Field Goal,330,179,1999,POST_MOVES,0.5424242424242425
4,Jump Shot,2PT Field Goal,4961,1785,1999,JUMP_SHOTS,0.35980649062688974
5,Jump Shot,3PT Field Goal,1659,585,1999,JUMP_SHOTS,0.5289330922242315
6,Layup Shot,2PT Field Goal,1453,733,1999,LAYUPS,0.5044735030970406
7,Running Jump Shot,2PT Field Goal,194,110,1999,JUMP_SHOTS,0.5670103092783505
8,Running Jump Shot,3PT Field Goal,1,0,1999,JUMP_SHOTS,0.0
9,Slam Dunk Shot,2PT Field Goal,180,175,1999,DUNKS,0.9722222222222222
10,Tip Shot,2PT Field Goal,190,84,1999,SPECIALTY_SHOTS,0.4421052631578947
0,Driving Dunk Shot,2PT Field Goal,106,94,2000,DUNKS,0.8867924528301887
1,Driving Layup Shot,2PT Field Goal,1304,857,2000,LAYUPS,0.6572085889570553
2,Dunk Shot,2PT Field Goal,424,368,2000,DUNKS,0.8679245283018868
3,Hook Shot,2PT Field Goal,375,209,2000,POST_MOVES,0.5573333333333333
4,Jump Shot,2PT Field Goal,8110,2979,2000,JUMP_SHOTS,0.36732429099876696
5,Jump Shot,3PT Field Goal,3052,1104,2000,JUMP_SHOTS,0.5425950196592398
6,Layup Shot,2PT Field Goal,2381,1247,2000,LAYUPS,0.5237295254094918
8,Running Jump Shot,2PT Field Goal,392,224,2000,JUMP_SHOTS,0.5714285714285714
9,Running Jump Shot,3PT Field Goal,7,2,2000,JUMP_SHOTS,0.42857142857142855
10,Slam Dunk Shot,2PT Field Goal,359,350,2000,DUNKS,0.9749303621169917
11,Tip Shot,2PT Field Goal,377,150,2000,SPECIALTY_SHOTS,0.3978779840848806
0,Alley Oop Dunk Shot,2PT Field Goal,44,40,2001,DUNKS,0.9090909090909091
1,Alley Oop Layup shot,2PT Field Goal,18,14,2001,LAYUPS,0.7777777777777778
2,Driving Dunk Shot,2PT Field Goal,87,83,2001,DUNKS,0.9540229885057471
3,Driving Finger Roll Shot,2PT Field Goal,32,19,2001,LAYUPS,0.59375
4,Driving Hook Shot,2PT Field Goal,3,2,2001,POST_MOVES,0.6666666666666666
5,Driving Layup Shot,2PT Field Goal,847,582,2001,LAYUPS,0.6871310507674144
6,Dunk Shot,2PT Field Goal,379,322,2001,DUNKS,0.8496042216358839
7,Finger Roll Shot,2PT Field Goal,31,17,2001,LAYUPS,0.5483870967741935
8,Hook Shot,2PT Field Goal,300,148,2001,POST_MOVES,0.49333333333333335
9,Jump Shot,2PT Field Goal,8361,3093,2001,JUMP_SHOTS,0.36993182633656263
10,Jump Shot,3PT Field Goal,3244,1161,2001,JUMP_SHOTS,0.5368372379778051
11,Layup Shot,2PT Field Goal,2300,1125,2001,LAYUPS,0.4891304347826087
13,Reverse Dunk Shot,2PT Field Goal,14,14,2001,DUNKS,1.0
14,Reverse Layup Shot,2PT Field Goal,131,89,2001,LAYUPS,0.6793893129770993
15,Running Dunk Shot,2PT Field Goal,14,14,2001,DUNKS,1.0
16,Running Finger Roll Shot,2PT Field Goal,3,3,2001,LAYUPS,1.0
17,Running Hook Shot,2PT Field Goal,38,24,2001,POST_MOVES,0.631578947368421
18,Running Jump Shot,2PT Field Goal,412,252,2001,JUMP_SHOTS,0.6116504854368932
19,Running Jump Shot,3PT Field Goal,3,0,2001,JUMP_SHOTS,0.0
20,Running Layup Shot,2PT Field Goal,51,45,2001,LAYUPS,0.8823529411764706
21,Slam Dunk Shot,2PT Field Goal,281,273,2001,DUNKS,0.9715302491103203
22,Tip Shot,2PT Field Goal,378,179,2001,SPECIALTY_SHOTS,0.47354497354497355
23,Turnaround Hook Shot,2PT Field Goal,12,7,2001,POST_MOVES,0.5833333333333334
24,Turnaround Jump Shot,2PT Field Goal,287,169,2001,JUMP_SHOTS,0.5888501742160279
0,Alley Oop Dunk Shot,2PT Field Goal,68,66,2002,DUNKS,0.9705882352941176
1,Alley Oop Layup shot,2PT Field Goal,26,15,2002,LAYUPS,0.5769230769230769
2,Driving Dunk Shot,2PT Field Goal,107,102,2002,DUNKS,0.9532710280373832
3,Driving Finger Roll Shot,2PT Field Goal,26,17,2002,LAYUPS,0.6538461538461539
4,Driving Hook Shot,2PT Field Goal,2,2,2002,POST_MOVES,1.0
5,Driving Layup Shot,2PT Field Goal,795,594,2002,LAYUPS,0.7471698113207547
6,Dunk Shot,2PT Field Goal,339,278,2002,DUNKS,0.8200589970501475
7,Fadeaway Jump Shot,2PT Field Goal,161,95,2002,JUMP_SHOTS,0.5900621118012422
8,Finger Roll Shot,2PT Field Goal,35,23,2002,LAYUPS,0.6571428571428571
9,Follow Up Dunk Shot,2PT Field Goal,25,24,2002,DUNKS,0.96
10,Hook Shot,2PT Field Goal,268,120,2002,POST_MOVES,0.44776119402985076
11,Jump Hook Shot,2PT Field Goal,44,30,2002,POST_MOVES,0.6818181818181818
12,Jump Shot,2PT Field Goal,7057,2479,2002,JUMP_SHOTS,0.3512824146237778
13,Jump Shot,3PT Field Goal,3743,1354,2002,JUMP_SHOTS,0.5426128773710928
14,Layup Shot,2PT Field Goal,2373,1153,2002,LAYUPS,0.4858828487147071
15,Reverse Dunk Shot,2PT Field Goal,27,25,2002,DUNKS,0.9259259259259259
16,Reverse Layup Shot,2PT Field Goal,190,122,2002,LAYUPS,0.6421052631578947
17,Running Dunk Shot,2PT Field Goal,8,8,2002,DUNKS,1.0
18,Running Hook Shot,2PT Field Goal,31,20,2002,POST_MOVES,0.6451612903225806
19,Running Jump Shot,2PT Field Goal,320,206,2002,JUMP_SHOTS,0.64375
20,Running Jump Shot,3PT Field Goal,4,1,2002,JUMP_SHOTS,0.375
21,Running Layup Shot,2PT Field Goal,31,26,2002,LAYUPS,0.8387096774193549
22,Slam Dunk Shot,2PT Field Goal,267,262,2002,DUNKS,0.9812734082397003
23,Tip Shot,2PT Field Goal,322,152,2002,SPECIALTY_SHOTS,0.4720496894409938
24,Turnaround Hook Shot,2PT Field Goal,16,11,2002,POST_MOVES,0.6875
25,Turnaround Jump Shot,2PT Field Goal,299,156,2002,JUMP_SHOTS,0.5217391304347826
26,Turnaround Jump Shot,3PT Field Goal,3,2,2002,JUMP_SHOTS,1.0
0,Alley Oop Dunk Shot,2PT Field Goal,85,79,2003,DUNKS,0.9294117647058824
1,Alley Oop Layup shot,2PT Field Goal,33,19,2003,LAYUPS,0.5757575757575758
2,Driving Dunk Shot,2PT Field Goal,107,104,2003,DUNKS,0.9719626168224299
3,Driving Finger Roll Shot,2PT Field Goal,50,40,2003,LAYUPS,0.8
4,Driving Hook Shot,2PT Field Goal,5,3,2003,POST_MOVES,0.6
5,Driving Layup Shot,2PT Field Goal,742,542,2003,LAYUPS,0.7304582210242587
6,Dunk Shot,2PT Field Goal,287,243,2003,DUNKS,0.8466898954703833
7,Fadeaway Jump Shot,2PT Field Goal,184,104,2003,JUMP_SHOTS,0.5652173913043478
8,Fadeaway Jump Shot,3PT Field Goal,3,2,2003,JUMP_SHOTS,1.0
9,Finger Roll Shot,2PT Field Goal,44,29,2003,LAYUPS,0.6590909090909091
10,Follow Up Dunk Shot,2PT Field Goal,32,28,2003,DUNKS,0.875
11,Hook Shot,2PT Field Goal,195,95,2003,POST_MOVES,0.48717948717948717
12,Jump Hook Shot,2PT Field Goal,54,37,2003,POST_MOVES,0.6851851851851852
13,Jump Shot,2PT Field Goal,7436,2686,2003,JUMP_SHOTS,0.3612157073695535
14,Jump Shot,3PT Field Goal,3826,1371,2003,JUMP_SHOTS,0.5375065342394145
15,Layup Shot,2PT Field Goal,2357,1048,2003,LAYUPS,0.4446330080610946
16,Reverse Dunk Shot,2PT Field Goal,26,25,2003,DUNKS,0.9615384615384616
17,Reverse Layup Shot,2PT Field Goal,163,104,2003,LAYUPS,0.6380368098159509
18,Running Dunk Shot,2PT Field Goal,15,14,2003,DUNKS,0.9333333333333333
19,Running Finger Roll Shot,2PT Field Goal,6,2,2003,LAYUPS,0.3333333333333333
20,Running Hook Shot,2PT Field Goal,24,15,2003,POST_MOVES,0.625
21,Running Jump Shot,2PT Field Goal,392,237,2003,JUMP_SHOTS,0.6045918367346939
22,Running Jump Shot,3PT Field Goal,2,0,2003,JUMP_SHOTS,0.0
23,Running Layup Shot,2PT Field Goal,52,41,2003,LAYUPS,0.7884615384615384
24,Running Tip Shot,2PT Field Goal,1,1,2003,SPECIALTY_SHOTS,1.0
25,Slam Dunk Shot,2PT Field Goal,267,264,2003,DUNKS,0.9887640449438202
26,Tip Shot,2PT Field Goal,301,148,2003,SPECIALTY_SHOTS,0.49169435215946844
27,Turnaround Finger Roll Shot,2PT Field Goal,1,0,2003,LAYUPS,0.0
28,Turnaround Hook Shot,2PT Field Goal,23,17,2003,POST_MOVES,0.7391304347826086
29,Turnaround Jump Shot,2PT Field Goal,336,199,2003,JUMP_SHOTS,0.5922619047619048
0,Alley Oop Dunk Shot,2PT Field Goal,99,92,2004,DUNKS,0.9292929292929293
1,Alley Oop Layup shot,2PT Field Goal,41,33,2004,LAYUPS,0.8048780487804879
2,Driving Dunk Shot,2PT Field Goal,92,90,2004,DUNKS,0.9782608695652174
3,Driving Finger Roll Shot,2PT Field Goal,44,32,2004,LAYUPS,0.7272727272727273
4,Driving Hook Shot,2PT Field Goal,8,5,2004,POST_MOVES,0.625
5,Driving Layup Shot,2PT Field Goal,812,603,2004,LAYUPS,0.7426108374384236
6,Dunk Shot,2PT Field Goal,369,310,2004,DUNKS,0.8401084010840109
7,Fadeaway Jump Shot,2PT Field Goal,176,103,2004,JUMP_SHOTS,0.5852272727272727
8,Fadeaway Jump Shot,3PT Field Goal,2,2,2004,JUMP_SHOTS,1.5
9,Finger Roll Shot,2PT Field Goal,48,31,2004,LAYUPS,0.6458333333333334
10,Follow Up Dunk Shot,2PT Field Goal,52,47,2004,DUNKS,0.9038461538461539
11,Hook Bank Shot,2PT Field Goal,4,2,2004,POST_MOVES,0.5
12,Hook Shot,2PT Field Goal,262,126,2004,POST_MOVES,0.48091603053435117
13,Jump Bank Shot,2PT Field Goal,116,92,2004,JUMP_SHOTS,0.7931034482758621
14,Jump Bank Shot,3PT Field Goal,2,2,2004,JUMP_SHOTS,1.5
15,Jump Hook Shot,2PT Field Goal,58,36,2004,POST_MOVES,0.6206896551724138
16,Jump Shot,2PT Field Goal,7131,2461,2004,JUMP_SHOTS,0.3451128873930725
17,Jump Shot,3PT Field Goal,3612,1228,2004,JUMP_SHOTS,0.5099667774086378
18,Layup Shot,2PT Field Goal,2865,1312,2004,LAYUPS,0.45794066317626525
19,Reverse Dunk Shot,2PT Field Goal,17,16,2004,DUNKS,0.9411764705882353
20,Reverse Layup Shot,2PT Field Goal,204,142,2004,LAYUPS,0.696078431372549
21,Running Dunk Shot,2PT Field Goal,6,6,2004,DUNKS,1.0
22,Running Finger Roll Shot,2PT Field Goal,5,3,2004,LAYUPS,0.6
23,Running Hook Shot,2PT Field Goal,45,33,2004,POST_MOVES,0.7333333333333333
24,Running Jump Shot,2PT Field Goal,354,208,2004,JUMP_SHOTS,0.5875706214689266
25,Running Jump Shot,3PT Field Goal,7,2,2004,JUMP_SHOTS,0.42857142857142855
26,Running Layup Shot,2PT Field Goal,38,20,2004,LAYUPS,0.5263157894736842
27,Running Tip Shot,2PT Field Goal,1,1,2004,SPECIALTY_SHOTS,1.0
28,Slam Dunk Shot,2PT Field Goal,183,181,2004,DUNKS,0.9890710382513661
29,Tip Shot,2PT Field Goal,371,178,2004,SPECIALTY_SHOTS,0.4797843665768194
30,Turnaround Hook Shot,2PT Field Goal,23,13,2004,POST_MOVES,0.5652173913043478
31,Turnaround Jump Shot,2PT Field Goal,348,190,2004,JUMP_SHOTS,0.5459770114942529
32,Turnaround Jump Shot,3PT Field Goal,1,1,2004,JUMP_SHOTS,1.5
0,Alley Oop Dunk Shot,2PT Field Goal,123,106,2005,DUNKS,0.8617886178861789
1,Alley Oop Layup shot,2PT Field Goal,52,32,2005,LAYUPS,0.6153846153846154
2,Driving Dunk Shot,2PT Field Goal,109,104,2005,DUNKS,0.9541284403669725
3,Driving Finger Roll Shot,2PT Field Goal,49,34,2005,LAYUPS,0.6938775510204082
4,Driving Hook Shot,2PT Field Goal,11,6,2005,POST_MOVES,0.5454545454545454
5,Driving Layup Shot,2PT Field Goal,725,557,2005,LAYUPS,0.7682758620689655
6,Dunk Shot,2PT Field Goal,421,360,2005,DUNKS,0.8551068883610451
7,Fadeaway Jump Shot,2PT Field Goal,187,107,2005,JUMP_SHOTS,0.5721925133689839
8,Fadeaway Jump Shot,3PT Field Goal,4,2,2005,JUMP_SHOTS,0.75
9,Finger Roll Shot,2PT Field Goal,40,29,2005,LAYUPS,0.725
10,Follow Up Dunk Shot,2PT Field Goal,82,75,2005,DUNKS,0.9146341463414634
11,Hook Bank Shot,2PT Field Goal,8,6,2005,POST_MOVES,0.75
12,Hook Shot,2PT Field Goal,252,101,2005,POST_MOVES,0.4007936507936508
14,Jump Bank Shot,2PT Field Goal,190,133,2005,JUMP_SHOTS,0.7
15,Jump Bank Shot,3PT Field Goal,3,1,2005,JUMP_SHOTS,0.5
16,Jump Hook Shot,2PT Field Goal,68,46,2005,POST_MOVES,0.6764705882352942
17,Jump Shot,2PT Field Goal,6718,2394,2005,JUMP_SHOTS,0.3563560583506996
18,Jump Shot,3PT Field Goal,3381,1196,2005,JUMP_SHOTS,0.5306122448979592
19,Layup Shot,2PT Field Goal,2810,1286,2005,LAYUPS,0.4576512455516014
20,Reverse Dunk Shot,2PT Field Goal,15,14,2005,DUNKS,0.9333333333333333
21,Reverse Layup Shot,2PT Field Goal,176,119,2005,LAYUPS,0.6761363636363636
22,Running Dunk Shot,2PT Field Goal,9,7,2005,DUNKS,0.7777777777777778
23,Running Finger Roll Shot,2PT Field Goal,7,4,2005,LAYUPS,0.5714285714285714
24,Running Hook Shot,2PT Field Goal,37,24,2005,POST_MOVES,0.6486486486486487
25,Running Jump Shot,2PT Field Goal,306,191,2005,JUMP_SHOTS,0.6241830065359477
26,Running Jump Shot,3PT Field Goal,6,3,2005,JUMP_SHOTS,0.75
27,Running Layup Shot,2PT Field Goal,46,30,2005,LAYUPS,0.6521739130434783
28,Slam Dunk Shot,2PT Field Goal,202,197,2005,DUNKS,0.9752475247524752
29,Tip Shot,2PT Field Goal,359,174,2005,SPECIALTY_SHOTS,0.48467966573816157
30,Turnaround Hook Shot,2PT Field Goal,12,7,2005,POST_MOVES,0.5833333333333334
31,Turnaround Jump Shot,2PT Field Goal,332,193,2005,JUMP_SHOTS,0.5813253012048193
32,Turnaround Jump Shot,3PT Field Goal,3,0,2005,JUMP_SHOTS,0.0
0,Alley Oop Dunk Shot,2PT Field Goal,158,142,2006,DUNKS,0.8987341772151899
1,Alley Oop Layup shot,2PT Field Goal,58,35,2006,LAYUPS,0.603448275862069
2,Driving Dunk Shot,2PT Field Goal,109,103,2006,DUNKS,0.944954128440367
3,Driving Finger Roll Shot,2PT Field Goal,66,45,2006,LAYUPS,0.6818181818181818
4,Driving Hook Shot,2PT Field Goal,17,11,2006,POST_MOVES,0.6470588235294118
5,Driving Layup Shot,2PT Field Goal,843,606,2006,LAYUPS,0.7188612099644128
6,Dunk Shot,2PT Field Goal,387,320,2006,DUNKS,0.8268733850129198
7,Fadeaway Jump Shot,2PT Field Goal,203,110,2006,JUMP_SHOTS,0.541871921182266
8,Fadeaway Jump Shot,3PT Field Goal,3,2,2006,JUMP_SHOTS,1.0
9,Finger Roll Shot,2PT Field Goal,27,23,2006,LAYUPS,0.8518518518518519
10,Follow Up Dunk Shot,2PT Field Goal,69,63,2006,DUNKS,0.9130434782608695
11,Hook Bank Shot,2PT Field Goal,6,6,2006,POST_MOVES,1.0
12,Hook Shot,2PT Field Goal,297,133,2006,POST_MOVES,0.4478114478114478
13,Jump Bank Shot,2PT Field Goal,126,92,2006,JUMP_SHOTS,0.7301587301587301
14,Jump Bank Shot,3PT Field Goal,9,5,2006,JUMP_SHOTS,0.8333333333333334
15,Jump Hook Shot,2PT Field Goal,93,64,2006,POST_MOVES,0.6881720430107527
16,Jump Shot,2PT Field Goal,5628,2031,2006,JUMP_SHOTS,0.36087420042643925
17,Jump Shot,3PT Field Goal,3433,1236,2006,JUMP_SHOTS,0.5400524322749781
18,Layup Shot,2PT Field Goal,2782,1259,2006,LAYUPS,0.4525521207764198
19,Reverse Dunk Shot,2PT Field Goal,20,17,2006,DUNKS,0.85
20,Reverse Layup Shot,2PT Field Goal,172,111,2006,LAYUPS,0.6453488372093024
21,Running Dunk Shot,2PT Field Goal,12,12,2006,DUNKS,1.0
22,Running Finger Roll Shot,2PT Field Goal,5,2,2006,LAYUPS,0.4
23,Running Hook Shot,2PT Field Goal,37,22,2006,POST_MOVES,0.5945945945945946
24,Running Jump Shot,2PT Field Goal,340,210,2006,JUMP_SHOTS,0.6176470588235294
25,Running Jump Shot,3PT Field Goal,1,0,2006,JUMP_SHOTS,0.0
26,Running Layup Shot,2PT Field Goal,44,32,2006,LAYUPS,0.7272727272727273
27,Running Tip Shot,2PT Field Goal,1,1,2006,SPECIALTY_SHOTS,1.0
28,Slam Dunk Shot,2PT Field Goal,224,223,2006,DUNKS,0.9955357142857143
29,Tip Shot,2PT Field Goal,337,162,2006,SPECIALTY_SHOTS,0.4807121661721068
30,Turnaround Hook Shot,2PT Field Goal,23,13,2006,POST_MOVES,0.5652173913043478
31,Turnaround Jump Shot,2PT Field Goal,300,160,2006,JUMP_SHOTS,0.5333333333333333
32,Turnaround Jump Shot,3PT Field Goal,2,1,2006,JUMP_SHOTS,0.75
0,Alley Oop Dunk Shot,2PT Field Goal,94,84,2007,DUNKS,0.8936170212765957
1,Alley Oop Layup shot,2PT Field Goal,59,39,2007,LAYUPS,0.6610169491525424
2,Driving Dunk Shot,2PT Field Goal,76,71,2007,DUNKS,0.9342105263157895
3,Driving Finger Roll Shot,2PT Field Goal,47,37,2007,LAYUPS,0.7872340425531915
4,Driving Hook Shot,2PT Field Goal,12,10,2007,POST_MOVES,0.8333333333333334
5,Driving Layup Shot,2PT Field Goal,858,662,2007,LAYUPS,0.7715617715617715
6,Dunk Shot,2PT Field Goal,405,349,2007,DUNKS,0.8617283950617284
7,Fadeaway Jump Shot,2PT Field Goal,229,141,2007,JUMP_SHOTS,0.6157205240174672
8,Fadeaway Jump Shot,3PT Field Goal,6,1,2007,JUMP_SHOTS,0.25
9,Finger Roll Shot,2PT Field Goal,42,25,2007,LAYUPS,0.5952380952380952
10,Follow Up Dunk Shot,2PT Field Goal,58,51,2007,DUNKS,0.8793103448275862
11,Hook Bank Shot,2PT Field Goal,5,5,2007,POST_MOVES,1.0
12,Hook Shot,2PT Field Goal,289,135,2007,POST_MOVES,0.4671280276816609
13,Jump Bank Shot,2PT Field Goal,145,111,2007,JUMP_SHOTS,0.7655172413793103
14,Jump Bank Shot,3PT Field Goal,2,2,2007,JUMP_SHOTS,1.5
15,Jump Hook Shot,2PT Field Goal,75,48,2007,POST_MOVES,0.64
16,Jump Shot,2PT Field Goal,6059,2225,2007,JUMP_SHOTS,0.367222313913187
17,Jump Shot,3PT Field Goal,3846,1330,2007,JUMP_SHOTS,0.5187207488299532
18,Layup Shot,2PT Field Goal,2805,1320,2007,LAYUPS,0.47058823529411764
19,Reverse Dunk Shot,2PT Field Goal,13,11,2007,DUNKS,0.8461538461538461
20,Reverse Layup Shot,2PT Field Goal,224,142,2007,LAYUPS,0.6339285714285714
21,Running Dunk Shot,2PT Field Goal,12,11,2007,DUNKS,0.9166666666666666
22,Running Finger Roll Shot,2PT Field Goal,10,8,2007,LAYUPS,0.8
23,Running Hook Shot,2PT Field Goal,36,23,2007,POST_MOVES,0.6388888888888888
24,Running Jump Shot,2PT Field Goal,335,185,2007,JUMP_SHOTS,0.5522388059701493
25,Running Jump Shot,3PT Field Goal,7,3,2007,JUMP_SHOTS,0.6428571428571429
26,Running Layup Shot,2PT Field Goal,54,37,2007,LAYUPS,0.6851851851851852
27,Slam Dunk Shot,2PT Field Goal,220,215,2007,DUNKS,0.9772727272727273
28,Tip Shot,2PT Field Goal,243,126,2007,SPECIALTY_SHOTS,0.5185185185185185
29,Turnaround Finger Roll Shot,2PT Field Goal,3,3,2007,LAYUPS,1.0
30,Turnaround Hook Shot,2PT Field Goal,34,21,2007,POST_MOVES,0.6176470588235294
31,Turnaround Jump Shot,2PT Field Goal,287,150,2007,JUMP_SHOTS,0.5226480836236934
32,Turnaround Jump Shot,3PT Field Goal,1,1,2007,JUMP_SHOTS,1.5
0,Alley Oop Dunk Shot,2PT Field Goal,110,97,2008,DUNKS,0.8818181818181818
1,Alley Oop Layup shot,2PT Field Goal,43,32,2008,LAYUPS,0.7441860465116279
2,Driving Bank Hook Shot,2PT Field Goal,2,2,2008,POST_MOVES,1.0
3,Driving Bank shot,2PT Field Goal,9,8,2008,JUMP_SHOTS,0.8888888888888888
4,Driving Dunk Shot,2PT Field Goal,101,93,2008,DUNKS,0.9207920792079208
5,Driving Finger Roll Layup Shot,2PT Field Goal,77,51,2008,LAYUPS,0.6623376623376623
6,Driving Hook Shot,2PT Field Goal,10,7,2008,POST_MOVES,0.7
7,Driving Jump shot,2PT Field Goal,20,15,2008,JUMP_SHOTS,0.75
8,Driving Layup Shot,2PT Field Goal,907,696,2008,LAYUPS,0.7673649393605292
10,Driving Reverse Layup Shot,2PT Field Goal,52,43,2008,LAYUPS,0.8269230769230769
11,Driving Slam Dunk Shot,2PT Field Goal,39,38,2008,DUNKS,0.9743589743589743
12,Dunk Shot,2PT Field Goal,467,399,2008,DUNKS,0.854389721627409
13,Fadeaway Bank shot,2PT Field Goal,7,7,2008,JUMP_SHOTS,1.0
14,Fadeaway Jump Shot,2PT Field Goal,266,148,2008,JUMP_SHOTS,0.556390977443609
15,Finger Roll Layup Shot,2PT Field Goal,51,41,2008,LAYUPS,0.803921568627451
16,Floating Jump shot,2PT Field Goal,76,52,2008,SPECIALTY_SHOTS,0.6842105263157895
17,Hook Bank Shot,2PT Field Goal,3,3,2008,POST_MOVES,1.0
18,Hook Shot,2PT Field Goal,320,140,2008,POST_MOVES,0.4375
19,Jump Bank Hook Shot,2PT Field Goal,1,1,2008,POST_MOVES,1.0
20,Jump Bank Shot,2PT Field Goal,99,68,2008,JUMP_SHOTS,0.6868686868686869
21,Jump Bank Shot,3PT Field Goal,3,2,2008,JUMP_SHOTS,1.0
22,Jump Hook Shot,2PT Field Goal,107,66,2008,POST_MOVES,0.616822429906542
23,Jump Shot,2PT Field Goal,5644,2055,2008,JUMP_SHOTS,0.364103472714387
24,Jump Shot,3PT Field Goal,3972,1441,2008,JUMP_SHOTS,0.5441842900302115
25,Layup Shot,2PT Field Goal,2526,1105,2008,LAYUPS,0.43745051464766427
27,Pullup Bank shot,2PT Field Goal,6,6,2008,JUMP_SHOTS,1.0
28,Pullup Jump shot,2PT Field Goal,107,82,2008,JUMP_SHOTS,0.7663551401869159
29,Pullup Jump shot,3PT Field Goal,5,4,2008,JUMP_SHOTS,1.2
30,Putback Dunk Shot,2PT Field Goal,58,52,2008,DUNKS,0.896551724137931
31,Putback Layup Shot,2PT Field Goal,68,56,2008,LAYUPS,0.8235294117647058
32,Putback Slam Dunk Shot,2PT Field Goal,16,16,2008,DUNKS,1.0
33,Reverse Dunk Shot,2PT Field Goal,14,13,2008,DUNKS,0.9285714285714286
34,Reverse Layup Shot,2PT Field Goal,173,111,2008,LAYUPS,0.6416184971098265
35,Reverse Slam Dunk Shot,2PT Field Goal,5,5,2008,DUNKS,1.0
36,Running Bank shot,2PT Field Goal,36,31,2008,JUMP_SHOTS,0.8611111111111112
37,Running Dunk Shot,2PT Field Goal,22,22,2008,DUNKS,1.0
38,Running Finger Roll Layup Shot,2PT Field Goal,4,2,2008,LAYUPS,0.5
39,Running Hook Shot,2PT Field Goal,46,22,2008,POST_MOVES,0.4782608695652174
40,Running Jump Shot,2PT Field Goal,326,192,2008,JUMP_SHOTS,0.588957055214724
41,Running Jump Shot,3PT Field Goal,8,4,2008,JUMP_SHOTS,0.75
42,Running Layup Shot,2PT Field Goal,69,46,2008,LAYUPS,0.6666666666666666
43,Running Reverse Layup Shot,2PT Field Goal,9,5,2008,LAYUPS,0.5555555555555556
44,Running Slam Dunk Shot,2PT Field Goal,5,5,2008,DUNKS,1.0
45,Running Tip Shot,2PT Field Goal,2,1,2008,SPECIALTY_SHOTS,0.5
46,Slam Dunk Shot,2PT Field Goal,186,182,2008,DUNKS,0.978494623655914
47,Step Back Jump shot,2PT Field Goal,66,45,2008,JUMP_SHOTS,0.6818181818181818
48,Step Back Jump shot,3PT Field Goal,2,1,2008,JUMP_SHOTS,0.75
49,Tip Shot,2PT Field Goal,331,161,2008,SPECIALTY_SHOTS,0.486404833836858
50,Turnaround Bank Hook Shot,2PT Field Goal,1,1,2008,POST_MOVES,1.0
51,Turnaround Bank shot,2PT Field Goal,11,10,2008,JUMP_SHOTS,0.9090909090909091
52,Turnaround Fadeaway shot,2PT Field Goal,80,44,2008,JUMP_SHOTS,0.55
53,Turnaround Hook Shot,2PT Field Goal,46,33,2008,POST_MOVES,0.717391304347826
54,Turnaround Jump Shot,2PT Field Goal,317,161,2008,JUMP_SHOTS,0.5078864353312302
55,Turnaround Jump Shot,3PT Field Goal,1,1,2008,JUMP_SHOTS,1.5
0,Alley Oop Dunk Shot,2PT Field Goal,101,88,2009,DUNKS,0.8712871287128713
1,Alley Oop Layup shot,2PT Field Goal,60,37,2009,LAYUPS,0.6166666666666667
2,Driving Bank shot,2PT Field Goal,11,10,2009,JUMP_SHOTS,0.9090909090909091
3,Driving Dunk Shot,2PT Field Goal,75,70,2009,DUNKS,0.9333333333333333
4,Driving Finger Roll Layup Shot,2PT Field Goal,93,78,2009,LAYUPS,0.8387096774193549
5,Driving Hook Shot,2PT Field Goal,29,16,2009,POST_MOVES,0.5517241379310345
6,Driving Jump shot,2PT Field Goal,35,26,2009,JUMP_SHOTS,0.7428571428571429
7,Driving Layup Shot,2PT Field Goal,955,688,2009,LAYUPS,0.7204188481675393
8,Driving Reverse Layup Shot,2PT Field Goal,74,52,2009,LAYUPS,0.7027027027027027
9,Driving Slam Dunk Shot,2PT Field Goal,28,26,2009,DUNKS,0.9285714285714286
10,Dunk Shot,2PT Field Goal,409,348,2009,DUNKS,0.8508557457212714
11,Fadeaway Bank shot,2PT Field Goal,10,8,2009,JUMP_SHOTS,0.8
12,Fadeaway Jump Shot,2PT Field Goal,290,152,2009,JUMP_SHOTS,0.5241379310344828
13,Fadeaway Jump Shot,3PT Field Goal,3,1,2009,JUMP_SHOTS,0.5
14,Finger Roll Layup Shot,2PT Field Goal,59,46,2009,LAYUPS,0.7796610169491526
15,Floating Jump shot,2PT Field Goal,110,79,2009,SPECIALTY_SHOTS,0.7181818181818181
16,Hook Bank Shot,2PT Field Goal,3,3,2009,POST_MOVES,1.0
17,Hook Shot,2PT Field Goal,306,139,2009,POST_MOVES,0.4542483660130719
19,Jump Bank Hook Shot,2PT Field Goal,3,2,2009,POST_MOVES,0.6666666666666666
20,Jump Bank Shot,2PT Field Goal,144,89,2009,JUMP_SHOTS,0.6180555555555556
21,Jump Bank Shot,3PT Field Goal,2,2,2009,JUMP_SHOTS,1.5
22,Jump Hook Shot,2PT Field Goal,120,71,2009,POST_MOVES,0.5916666666666667
23,Jump Shot,2PT Field Goal,6034,2119,2009,JUMP_SHOTS,0.35117666556181637
24,Jump Shot,3PT Field Goal,3793,1367,2009,JUMP_SHOTS,0.5406011073029264
25,Layup Shot,2PT Field Goal,2715,1225,2009,LAYUPS,0.45119705340699817
26,Pullup Bank shot,2PT Field Goal,4,3,2009,JUMP_SHOTS,0.75
27,Pullup Jump shot,2PT Field Goal,218,163,2009,JUMP_SHOTS,0.7477064220183486
28,Pullup Jump shot,3PT Field Goal,21,20,2009,JUMP_SHOTS,1.4285714285714286
29,Putback Dunk Shot,2PT Field Goal,95,90,2009,DUNKS,0.9473684210526315
30,Putback Layup Shot,2PT Field Goal,94,80,2009,LAYUPS,0.851063829787234
31,Putback Slam Dunk Shot,2PT Field Goal,17,17,2009,DUNKS,1.0
32,Reverse Dunk Shot,2PT Field Goal,10,8,2009,DUNKS,0.8
33,Reverse Layup Shot,2PT Field Goal,169,114,2009,LAYUPS,0.6745562130177515
34,Reverse Slam Dunk Shot,2PT Field Goal,5,5,2009,DUNKS,1.0
35,Running Bank Hook Shot,2PT Field Goal,1,0,2009,POST_MOVES,0.0
36,Running Bank shot,2PT Field Goal,44,33,2009,JUMP_SHOTS,0.75
37,Running Dunk Shot,2PT Field Goal,20,18,2009,DUNKS,0.9
38,Running Finger Roll Layup Shot,2PT Field Goal,3,3,2009,LAYUPS,1.0
39,Running Hook Shot,2PT Field Goal,66,34,2009,POST_MOVES,0.5151515151515151
40,Running Jump Shot,2PT Field Goal,348,187,2009,JUMP_SHOTS,0.5373563218390804
41,Running Jump Shot,3PT Field Goal,4,0,2009,JUMP_SHOTS,0.0
42,Running Layup Shot,2PT Field Goal,72,50,2009,LAYUPS,0.6944444444444444
43,Running Reverse Layup Shot,2PT Field Goal,3,3,2009,LAYUPS,1.0
44,Running Slam Dunk Shot,2PT Field Goal,5,4,2009,DUNKS,0.8
45,Slam Dunk Shot,2PT Field Goal,176,171,2009,DUNKS,0.9715909090909091
46,Step Back Jump shot,2PT Field Goal,106,63,2009,JUMP_SHOTS,0.5943396226415094
47,Step Back Jump shot,3PT Field Goal,4,2,2009,JUMP_SHOTS,0.75
48,Tip Shot,2PT Field Goal,354,167,2009,SPECIALTY_SHOTS,0.4717514124293785
49,Turnaround Bank Hook Shot,2PT Field Goal,2,1,2009,POST_MOVES,0.5
50,Turnaround Bank shot,2PT Field Goal,31,21,2009,JUMP_SHOTS,0.6774193548387096
51,Turnaround Fadeaway shot,2PT Field Goal,99,62,2009,JUMP_SHOTS,0.6262626262626263
52,Turnaround Fadeaway shot,3PT Field Goal,1,0,2009,JUMP_SHOTS,0.0
53,Turnaround Hook Shot,2PT Field Goal,50,23,2009,POST_MOVES,0.46
54,Turnaround Jump Shot,2PT Field Goal,365,172,2009,JUMP_SHOTS,0.4712328767123288
0,Alley Oop Dunk Shot,2PT Field Goal,117,108,2010,DUNKS,0.9230769230769231
1,Alley Oop Layup shot,2PT Field Goal,76,57,2010,LAYUPS,0.75
2,Driving Bank shot,2PT Field Goal,5,3,2010,JUMP_SHOTS,0.6
3,Driving Dunk Shot,2PT Field Goal,94,86,2010,DUNKS,0.9148936170212766
4,Driving Finger Roll Layup Shot,2PT Field Goal,74,53,2010,LAYUPS,0.7162162162162162
5,Driving Hook Shot,2PT Field Goal,20,15,2010,POST_MOVES,0.75
6,Driving Jump shot,2PT Field Goal,43,19,2010,JUMP_SHOTS,0.4418604651162791
7,Driving Layup Shot,2PT Field Goal,1037,748,2010,LAYUPS,0.7213114754098361
8,Driving Reverse Layup Shot,2PT Field Goal,77,51,2010,LAYUPS,0.6623376623376623
9,Driving Slam Dunk Shot,2PT Field Goal,23,23,2010,DUNKS,1.0
10,Dunk Shot,2PT Field Goal,385,342,2010,DUNKS,0.8883116883116883
11,Fadeaway Bank shot,2PT Field Goal,20,13,2010,JUMP_SHOTS,0.65
12,Fadeaway Jump Shot,2PT Field Goal,300,152,2010,JUMP_SHOTS,0.5066666666666667
13,Fadeaway Jump Shot,3PT Field Goal,1,1,2010,JUMP_SHOTS,1.5
14,Finger Roll Layup Shot,2PT Field Goal,54,38,2010,LAYUPS,0.7037037037037037
15,Floating Jump shot,2PT Field Goal,149,104,2010,SPECIALTY_SHOTS,0.697986577181208
16,Hook Bank Shot,2PT Field Goal,4,4,2010,POST_MOVES,1.0
17,Hook Shot,2PT Field Goal,518,225,2010,POST_MOVES,0.4343629343629344
19,Jump Bank Hook Shot,2PT Field Goal,1,1,2010,POST_MOVES,1.0
20,Jump Bank Shot,2PT Field Goal,142,87,2010,JUMP_SHOTS,0.6126760563380281
21,Jump Bank Shot,3PT Field Goal,13,11,2010,JUMP_SHOTS,1.2692307692307692
22,Jump Hook Shot,2PT Field Goal,134,83,2010,POST_MOVES,0.6194029850746269
23,Jump Shot,2PT Field Goal,5528,1904,2010,JUMP_SHOTS,0.34442836468885674
24,Jump Shot,3PT Field Goal,3820,1364,2010,JUMP_SHOTS,0.5356020942408377
25,Layup Shot,2PT Field Goal,2691,1250,2010,LAYUPS,0.4645113340765515
26,Pullup Bank shot,2PT Field Goal,6,3,2010,JUMP_SHOTS,0.5
27,Pullup Jump shot,2PT Field Goal,273,182,2010,JUMP_SHOTS,0.6666666666666666
28,Pullup Jump shot,3PT Field Goal,46,26,2010,JUMP_SHOTS,0.8478260869565217
29,Putback Dunk Shot,2PT Field Goal,68,63,2010,DUNKS,0.9264705882352942
30,Putback Layup Shot,2PT Field Goal,101,86,2010,LAYUPS,0.8514851485148515
31,Putback Slam Dunk Shot,2PT Field Goal,13,11,2010,DUNKS,0.8461538461538461
32,Reverse Dunk Shot,2PT Field Goal,6,6,2010,DUNKS,1.0
33,Reverse Layup Shot,2PT Field Goal,195,124,2010,LAYUPS,0.6358974358974359
34,Reverse Slam Dunk Shot,2PT Field Goal,5,5,2010,DUNKS,1.0
35,Running Bank Hook Shot,2PT Field Goal,1,1,2010,POST_MOVES,1.0
36,Running Bank shot,2PT Field Goal,68,53,2010,JUMP_SHOTS,0.7794117647058824
37,Running Bank shot,3PT Field Goal,1,1,2010,JUMP_SHOTS,1.5
38,Running Dunk Shot,2PT Field Goal,14,13,2010,DUNKS,0.9285714285714286
39,Running Finger Roll Layup Shot,2PT Field Goal,3,1,2010,LAYUPS,0.3333333333333333
40,Running Hook Shot,2PT Field Goal,79,52,2010,POST_MOVES,0.6582278481012658
41,Running Jump Shot,2PT Field Goal,258,132,2010,JUMP_SHOTS,0.5116279069767442
42,Running Jump Shot,3PT Field Goal,5,0,2010,JUMP_SHOTS,0.0
43,Running Layup Shot,2PT Field Goal,82,65,2010,LAYUPS,0.7926829268292683
44,Running Reverse Layup Shot,2PT Field Goal,7,3,2010,LAYUPS,0.42857142857142855
45,Running Slam Dunk Shot,2PT Field Goal,5,5,2010,DUNKS,1.0
46,Slam Dunk Shot,2PT Field Goal,120,117,2010,DUNKS,0.975
47,Step Back Jump shot,2PT Field Goal,130,63,2010,JUMP_SHOTS,0.4846153846153846
48,Step Back Jump shot,3PT Field Goal,16,8,2010,JUMP_SHOTS,0.75
49,Tip Shot,2PT Field Goal,366,165,2010,SPECIALTY_SHOTS,0.45081967213114754
50,Turnaround Bank Hook Shot,2PT Field Goal,2,2,2010,POST_MOVES,1.0
51,Turnaround Bank shot,2PT Field Goal,27,20,2010,JUMP_SHOTS,0.7407407407407407
52,Turnaround Fadeaway shot,2PT Field Goal,92,49,2010,JUMP_SHOTS,0.532608695652174
53,Turnaround Hook Shot,2PT Field Goal,65,42,2010,POST_MOVES,0.6461538461538462
54,Turnaround Jump Shot,2PT Field Goal,318,137,2010,JUMP_SHOTS,0.4308176100628931
55,Turnaround Jump Shot,3PT Field Goal,1,0,2010,JUMP_SHOTS,0.0
0,Alley Oop Dunk Shot,2PT Field Goal,82,73,2011,DUNKS,0.8902439024390244
1,Alley Oop Layup shot,2PT Field Goal,89,70,2011,LAYUPS,0.7865168539325843
2,Driving Bank Hook Shot,2PT Field Goal,2,2,2011,POST_MOVES,1.0
3,Driving Bank shot,2PT Field Goal,18,14,2011,JUMP_SHOTS,0.7777777777777778
4,Driving Dunk Shot,2PT Field Goal,74,68,2011,DUNKS,0.918918918918919
5,Driving Finger Roll Layup Shot,2PT Field Goal,73,61,2011,LAYUPS,0.8356164383561644
6,Driving Hook Shot,2PT Field Goal,25,17,2011,POST_MOVES,0.68
7,Driving Jump shot,2PT Field Goal,98,42,2011,JUMP_SHOTS,0.42857142857142855
8,Driving Layup Shot,2PT Field Goal,905,655,2011,LAYUPS,0.7237569060773481
9,Driving Reverse Layup Shot,2PT Field Goal,80,48,2011,LAYUPS,0.6
10,Driving Slam Dunk Shot,2PT Field Goal,29,29,2011,DUNKS,1.0
11,Dunk Shot,2PT Field Goal,319,272,2011,DUNKS,0.8526645768025078
12,Fadeaway Bank shot,2PT Field Goal,11,9,2011,JUMP_SHOTS,0.8181818181818182
13,Fadeaway Jump Shot,2PT Field Goal,267,138,2011,JUMP_SHOTS,0.5168539325842697
14,Fadeaway Jump Shot,3PT Field Goal,4,2,2011,JUMP_SHOTS,0.75
15,Finger Roll Layup Shot,2PT Field Goal,45,35,2011,LAYUPS,0.7777777777777778
16,Floating Jump shot,2PT Field Goal,164,93,2011,SPECIALTY_SHOTS,0.5670731707317073
17,Floating Jump shot,3PT Field Goal,1,0,2011,SPECIALTY_SHOTS,0.0
18,Hook Bank Shot,2PT Field Goal,9,8,2011,POST_MOVES,0.8888888888888888
19,Hook Shot,2PT Field Goal,460,175,2011,POST_MOVES,0.3804347826086957
21,Jump Bank Hook Shot,2PT Field Goal,1,1,2011,POST_MOVES,1.0
22,Jump Bank Shot,2PT Field Goal,147,85,2011,JUMP_SHOTS,0.5782312925170068
23,Jump Bank Shot,3PT Field Goal,6,5,2011,JUMP_SHOTS,1.25
24,Jump Hook Shot,2PT Field Goal,97,54,2011,POST_MOVES,0.5567010309278351
25,Jump Shot,2PT Field Goal,5948,1983,2011,JUMP_SHOTS,0.33338937457969064
26,Jump Shot,3PT Field Goal,4039,1445,2011,JUMP_SHOTS,0.536642733349839
27,Layup Shot,2PT Field Goal,2051,1055,2011,LAYUPS,0.514383227693808
28,Pullup Bank shot,2PT Field Goal,6,5,2011,JUMP_SHOTS,0.8333333333333334
29,Pullup Jump shot,2PT Field Goal,393,250,2011,JUMP_SHOTS,0.6361323155216285
30,Pullup Jump shot,3PT Field Goal,42,29,2011,JUMP_SHOTS,1.0357142857142858
31,Putback Dunk Shot,2PT Field Goal,48,44,2011,DUNKS,0.9166666666666666
32,Putback Layup Shot,2PT Field Goal,101,88,2011,LAYUPS,0.8712871287128713
33,Putback Slam Dunk Shot,2PT Field Goal,11,11,2011,DUNKS,1.0
34,Reverse Dunk Shot,2PT Field Goal,5,5,2011,DUNKS,1.0
35,Reverse Layup Shot,2PT Field Goal,189,128,2011,LAYUPS,0.6772486772486772
36,Reverse Slam Dunk Shot,2PT Field Goal,4,4,2011,DUNKS,1.0
37,Running Bank Hook Shot,2PT Field Goal,3,3,2011,POST_MOVES,1.0
38,Running Bank shot,2PT Field Goal,48,33,2011,JUMP_SHOTS,0.6875
39,Running Bank shot,3PT Field Goal,1,0,2011,JUMP_SHOTS,0.0
40,Running Dunk Shot,2PT Field Goal,15,14,2011,DUNKS,0.9333333333333333
41,Running Finger Roll Layup Shot,2PT Field Goal,4,4,2011,LAYUPS,1.0
42,Running Hook Shot,2PT Field Goal,58,31,2011,POST_MOVES,0.5344827586206896
43,Running Jump Shot,2PT Field Goal,275,140,2011,JUMP_SHOTS,0.509090909090909
44,Running Jump Shot,3PT Field Goal,9,2,2011,JUMP_SHOTS,0.3333333333333333
45,Running Layup Shot,2PT Field Goal,72,52,2011,LAYUPS,0.7222222222222222
46,Running Reverse Layup Shot,2PT Field Goal,8,4,2011,LAYUPS,0.5
47,Running Slam Dunk Shot,2PT Field Goal,5,5,2011,DUNKS,1.0
48,Running Tip Shot,2PT Field Goal,2,2,2011,SPECIALTY_SHOTS,1.0
49,Slam Dunk Shot,2PT Field Goal,157,156,2011,DUNKS,0.9936305732484076
50,Step Back Jump shot,2PT Field Goal,151,73,2011,JUMP_SHOTS,0.48344370860927155
51,Step Back Jump shot,3PT Field Goal,17,11,2011,JUMP_SHOTS,0.9705882352941176
52,Tip Shot,2PT Field Goal,404,197,2011,SPECIALTY_SHOTS,0.4876237623762376
53,Turnaround Bank Hook Shot,2PT Field Goal,3,3,2011,POST_MOVES,1.0
54,Turnaround Bank shot,2PT Field Goal,33,25,2011,JUMP_SHOTS,0.7575757575757576
55,Turnaround Fadeaway shot,2PT Field Goal,113,60,2011,JUMP_SHOTS,0.5309734513274337
56,Turnaround Hook Shot,2PT Field Goal,83,51,2011,POST_MOVES,0.6144578313253012
57,Turnaround Jump Shot,2PT Field Goal,320,149,2011,JUMP_SHOTS,0.465625
58,Turnaround Jump Shot,3PT Field Goal,2,0,2011,JUMP_SHOTS,0.0
0,Alley Oop Dunk Shot,2PT Field Goal,105,98,2012,DUNKS,0.9333333333333333
1,Alley Oop Layup shot,2PT Field Goal,49,34,2012,LAYUPS,0.6938775510204082
2,Driving Bank shot,2PT Field Goal,14,13,2012,JUMP_SHOTS,0.9285714285714286
3,Driving Dunk Shot,2PT Field Goal,64,57,2012,DUNKS,0.890625
4,Driving Finger Roll Layup Shot,2PT Field Goal,83,61,2012,LAYUPS,0.7349397590361446
5,Driving Hook Shot,2PT Field Goal,11,3,2012,POST_MOVES,0.2727272727272727
6,Driving Jump shot,2PT Field Goal,79,23,2012,JUMP_SHOTS,0.2911392405063291
7,Driving Layup Shot,2PT Field Goal,731,463,2012,LAYUPS,0.6333789329685362
8,Driving Reverse Layup Shot,2PT Field Goal,56,38,2012,LAYUPS,0.6785714285714286
9,Driving Slam Dunk Shot,2PT Field Goal,19,19,2012,DUNKS,1.0
10,Dunk Shot,2PT Field Goal,279,239,2012,DUNKS,0.8566308243727598
11,Fadeaway Bank shot,2PT Field Goal,11,7,2012,JUMP_SHOTS,0.6363636363636364
12,Fadeaway Jump Shot,2PT Field Goal,274,130,2012,JUMP_SHOTS,0.4744525547445255
13,Fadeaway Jump Shot,3PT Field Goal,1,0,2012,JUMP_SHOTS,0.0
14,Finger Roll Layup Shot,2PT Field Goal,38,31,2012,LAYUPS,0.8157894736842105
15,Floating Jump shot,2PT Field Goal,145,74,2012,SPECIALTY_SHOTS,0.5103448275862069
16,Hook Bank Shot,2PT Field Goal,5,5,2012,POST_MOVES,1.0
17,Hook Shot,2PT Field Goal,239,97,2012,POST_MOVES,0.40585774058577406
18,Jump Bank Hook Shot,2PT Field Goal,4,4,2012,POST_MOVES,1.0
19,Jump Bank Shot,2PT Field Goal,113,57,2012,JUMP_SHOTS,0.504424778761062
20,Jump Bank Shot,3PT Field Goal,7,6,2012,JUMP_SHOTS,1.2857142857142858
21,Jump Hook Shot,2PT Field Goal,72,44,2012,POST_MOVES,0.6111111111111112
22,Jump Shot,2PT Field Goal,4941,1605,2012,JUMP_SHOTS,0.32483302975106254
23,Jump Shot,3PT Field Goal,3215,1107,2012,JUMP_SHOTS,0.5164852255054432
24,Layup Shot,2PT Field Goal,1876,947,2012,LAYUPS,0.5047974413646056
25,Pullup Bank shot,2PT Field Goal,14,10,2012,JUMP_SHOTS,0.7142857142857143
26,Pullup Jump shot,2PT Field Goal,259,162,2012,JUMP_SHOTS,0.6254826254826255
27,Pullup Jump shot,3PT Field Goal,29,20,2012,JUMP_SHOTS,1.0344827586206897
28,Putback Dunk Shot,2PT Field Goal,56,48,2012,DUNKS,0.8571428571428571
29,Putback Layup Shot,2PT Field Goal,93,69,2012,LAYUPS,0.7419354838709677
30,Putback Slam Dunk Shot,2PT Field Goal,11,11,2012,DUNKS,1.0
31,Reverse Dunk Shot,2PT Field Goal,8,6,2012,DUNKS,0.75
32,Reverse Layup Shot,2PT Field Goal,172,113,2012,LAYUPS,0.6569767441860465
33,Reverse Slam Dunk Shot,2PT Field Goal,3,3,2012,DUNKS,1.0
34,Running Bank shot,2PT Field Goal,44,33,2012,JUMP_SHOTS,0.75
35,Running Dunk Shot,2PT Field Goal,21,19,2012,DUNKS,0.9047619047619048
36,Running Finger Roll Layup Shot,2PT Field Goal,2,2,2012,LAYUPS,1.0
37,Running Hook Shot,2PT Field Goal,49,28,2012,POST_MOVES,0.5714285714285714
38,Running Jump Shot,2PT Field Goal,210,92,2012,JUMP_SHOTS,0.4380952380952381
39,Running Jump Shot,3PT Field Goal,5,1,2012,JUMP_SHOTS,0.3
40,Running Layup Shot,2PT Field Goal,66,54,2012,LAYUPS,0.8181818181818182
41,Running Reverse Layup Shot,2PT Field Goal,5,3,2012,LAYUPS,0.6
42,Running Slam Dunk Shot,2PT Field Goal,10,10,2012,DUNKS,1.0
43,Running Tip Shot,2PT Field Goal,2,1,2012,SPECIALTY_SHOTS,0.5
44,Slam Dunk Shot,2PT Field Goal,104,101,2012,DUNKS,0.9711538461538461
45,Step Back Jump shot,2PT Field Goal,106,61,2012,JUMP_SHOTS,0.5754716981132075
46,Step Back Jump shot,3PT Field Goal,14,7,2012,JUMP_SHOTS,0.75
47,Tip Shot,2PT Field Goal,309,144,2012,SPECIALTY_SHOTS,0.46601941747572817
48,Turnaround Bank Hook Shot,2PT Field Goal,5,4,2012,POST_MOVES,0.8
49,Turnaround Bank shot,2PT Field Goal,22,15,2012,JUMP_SHOTS,0.6818181818181818
50,Turnaround Fadeaway shot,2PT Field Goal,107,58,2012,JUMP_SHOTS,0.5420560747663551
51,Turnaround Hook Shot,2PT Field Goal,62,37,2012,POST_MOVES,0.5967741935483871
52,Turnaround Jump Shot,2PT Field Goal,279,119,2012,JUMP_SHOTS,0.4265232974910394
53,Turnaround Jump Shot,3PT Field Goal,1,0,2012,JUMP_SHOTS,0.0
0,Alley Oop Dunk Shot,2PT Field Goal,90,83,2013,DUNKS,0.9222222222222223
1,Alley Oop Layup shot,2PT Field Goal,60,42,2013,LAYUPS,0.7
2,Driving Bank shot,2PT Field Goal,10,5,2013,JUMP_SHOTS,0.5
3,Driving Dunk Shot,2PT Field Goal,98,83,2013,DUNKS,0.8469387755102041
4,Driving Finger Roll Layup Shot,2PT Field Goal,112,82,2013,LAYUPS,0.7321428571428571
5,Driving Hook Shot,2PT Field Goal,30,19,2013,POST_MOVES,0.6333333333333333
6,Driving Jump shot,2PT Field Goal,79,35,2013,JUMP_SHOTS,0.4430379746835443
7,Driving Layup Shot,2PT Field Goal,959,674,2013,LAYUPS,0.7028154327424401
8,Driving Reverse Layup Shot,2PT Field Goal,80,43,2013,LAYUPS,0.5375
9,Driving Slam Dunk Shot,2PT Field Goal,25,25,2013,DUNKS,1.0
10,Dunk Shot,2PT Field Goal,376,328,2013,DUNKS,0.8723404255319149
11,Fadeaway Bank shot,2PT Field Goal,11,8,2013,JUMP_SHOTS,0.7272727272727273
12,Fadeaway Jump Shot,2PT Field Goal,278,141,2013,JUMP_SHOTS,0.5071942446043165
13,Fadeaway Jump Shot,3PT Field Goal,3,0,2013,JUMP_SHOTS,0.0
14,Finger Roll Layup Shot,2PT Field Goal,52,38,2013,LAYUPS,0.7307692307692307
15,Floating Jump shot,2PT Field Goal,215,119,2013,SPECIALTY_SHOTS,0.5534883720930233
16,Floating Jump shot,3PT Field Goal,3,1,2013,SPECIALTY_SHOTS,0.5
17,Hook Bank Shot,2PT Field Goal,7,6,2013,POST_MOVES,0.8571428571428571
18,Hook Shot,2PT Field Goal,354,164,2013,POST_MOVES,0.4632768361581921
19,Jump Bank Shot,2PT Field Goal,123,72,2013,JUMP_SHOTS,0.5853658536585366
20,Jump Bank Shot,3PT Field Goal,7,6,2013,JUMP_SHOTS,1.2857142857142858
21,Jump Hook Shot,2PT Field Goal,119,76,2013,POST_MOVES,0.6386554621848739
22,Jump Shot,2PT Field Goal,5754,1938,2013,JUMP_SHOTS,0.3368091762252346
23,Jump Shot,3PT Field Goal,4307,1535,2013,JUMP_SHOTS,0.5345948456001858
24,Layup Shot,2PT Field Goal,2370,1192,2013,LAYUPS,0.5029535864978903
25,Pullup Bank shot,2PT Field Goal,9,2,2013,JUMP_SHOTS,0.2222222222222222
26,Pullup Jump shot,2PT Field Goal,317,200,2013,JUMP_SHOTS,0.6309148264984227
27,Pullup Jump shot,3PT Field Goal,47,29,2013,JUMP_SHOTS,0.925531914893617
28,Putback Dunk Shot,2PT Field Goal,56,53,2013,DUNKS,0.9464285714285714
29,Putback Layup Shot,2PT Field Goal,144,117,2013,LAYUPS,0.8125
30,Putback Slam Dunk Shot,2PT Field Goal,7,6,2013,DUNKS,0.8571428571428571
31,Reverse Dunk Shot,2PT Field Goal,14,10,2013,DUNKS,0.7142857142857143
32,Reverse Layup Shot,2PT Field Goal,203,129,2013,LAYUPS,0.6354679802955665
33,Reverse Slam Dunk Shot,2PT Field Goal,1,1,2013,DUNKS,1.0
34,Running Bank Hook Shot,2PT Field Goal,5,3,2013,POST_MOVES,0.6
35,Running Bank shot,2PT Field Goal,46,28,2013,JUMP_SHOTS,0.6086956521739131
36,Running Bank shot,3PT Field Goal,2,1,2013,JUMP_SHOTS,0.75
37,Running Dunk Shot,2PT Field Goal,22,22,2013,DUNKS,1.0
38,Running Finger Roll Layup Shot,2PT Field Goal,7,5,2013,LAYUPS,0.7142857142857143
39,Running Hook Shot,2PT Field Goal,67,31,2013,POST_MOVES,0.4626865671641791
40,Running Jump Shot,2PT Field Goal,262,112,2013,JUMP_SHOTS,0.42748091603053434
41,Running Jump Shot,3PT Field Goal,1,0,2013,JUMP_SHOTS,0.0
42,Running Layup Shot,2PT Field Goal,97,57,2013,LAYUPS,0.5876288659793815
43,Running Reverse Layup Shot,2PT Field Goal,14,10,2013,LAYUPS,0.7142857142857143
44,Running Slam Dunk Shot,2PT Field Goal,12,12,2013,DUNKS,1.0
45,Running Tip Shot,2PT Field Goal,2,2,2013,SPECIALTY_SHOTS,1.0
46,Slam Dunk Shot,2PT Field Goal,112,108,2013,DUNKS,0.9642857142857143
47,Step Back Jump shot,2PT Field Goal,146,76,2013,JUMP_SHOTS,0.5205479452054794
48,Step Back Jump shot,3PT Field Goal,24,7,2013,JUMP_SHOTS,0.4375
49,Tip Shot,2PT Field Goal,360,180,2013,SPECIALTY_SHOTS,0.5
50,Turnaround Bank Hook Shot,2PT Field Goal,1,1,2013,POST_MOVES,1.0
51,Turnaround Bank shot,2PT Field Goal,37,30,2013,JUMP_SHOTS,0.8108108108108109
52,Turnaround Fadeaway shot,2PT Field Goal,186,93,2013,JUMP_SHOTS,0.5
53,Turnaround Hook Shot,2PT Field Goal,74,39,2013,POST_MOVES,0.527027027027027
54,Turnaround Jump Shot,2PT Field Goal,398,171,2013,JUMP_SHOTS,0.4296482412060301
55,Turnaround Jump Shot,3PT Field Goal,1,0,2013,JUMP_SHOTS,0.0
0,Alley Oop Dunk Shot,2PT Field Goal,51,47,2014,DUNKS,0.9215686274509803
1,Alley Oop Layup shot,2PT Field Goal,40,34,2014,LAYUPS,0.85
2,Driving Bank Hook Shot,2PT Field Goal,2,2,2014,POST_MOVES,1.0
3,Driving Bank shot,2PT Field Goal,22,20,2014,JUMP_SHOTS,0.9090909090909091
4,Driving Dunk Shot,2PT Field Goal,76,72,2014,DUNKS,0.9473684210526315
5,Driving Finger Roll Layup Shot,2PT Field Goal,112,82,2014,LAYUPS,0.7321428571428571
6,Driving Hook Shot,2PT Field Goal,34,17,2014,POST_MOVES,0.5
7,Driving Jump shot,2PT Field Goal,151,63,2014,JUMP_SHOTS,0.41721854304635764
8,Driving Layup Shot,2PT Field Goal,1136,755,2014,LAYUPS,0.664612676056338
9,Driving Reverse Layup Shot,2PT Field Goal,93,57,2014,LAYUPS,0.6129032258064516
10,Driving Slam Dunk Shot,2PT Field Goal,33,33,2014,DUNKS,1.0
11,Dunk Shot,2PT Field Goal,269,238,2014,DUNKS,0.8847583643122676
12,Fadeaway Bank shot,2PT Field Goal,5,3,2014,JUMP_SHOTS,0.6
13,Fadeaway Jump Shot,2PT Field Goal,270,116,2014,JUMP_SHOTS,0.42962962962962964
14,Fadeaway Jump Shot,3PT Field Goal,6,4,2014,JUMP_SHOTS,1.0
15,Finger Roll Layup Shot,2PT Field Goal,54,40,2014,LAYUPS,0.7407407407407407
16,Floating Jump shot,2PT Field Goal,257,150,2014,SPECIALTY_SHOTS,0.5836575875486382
17,Floating Jump shot,3PT Field Goal,1,1,2014,SPECIALTY_SHOTS,1.5
18,Hook Bank Shot,2PT Field Goal,3,2,2014,POST_MOVES,0.6666666666666666
19,Hook Shot,2PT Field Goal,295,144,2014,POST_MOVES,0.488135593220339
20,Jump Bank Shot,2PT Field Goal,137,76,2014,JUMP_SHOTS,0.5547445255474452
21,Jump Bank Shot,3PT Field Goal,11,10,2014,JUMP_SHOTS,1.3636363636363635
22,Jump Hook Shot,2PT Field Goal,113,69,2014,POST_MOVES,0.6106194690265486
23,Jump Shot,2PT Field Goal,5746,1908,2014,JUMP_SHOTS,0.3320570831883049
24,Jump Shot,3PT Field Goal,4942,1793,2014,JUMP_SHOTS,0.5442128692836908
25,Layup Shot,2PT Field Goal,2136,1042,2014,LAYUPS,0.48782771535580527
26,Pullup Bank shot,2PT Field Goal,8,7,2014,JUMP_SHOTS,0.875
27,Pullup Jump shot,2PT Field Goal,389,246,2014,JUMP_SHOTS,0.6323907455012854
28,Pullup Jump shot,3PT Field Goal,69,46,2014,JUMP_SHOTS,1.0
29,Putback Dunk Shot,2PT Field Goal,50,44,2014,DUNKS,0.88
30,Putback Layup Shot,2PT Field Goal,125,96,2014,LAYUPS,0.768
31,Putback Slam Dunk Shot,2PT Field Goal,7,7,2014,DUNKS,1.0
32,Reverse Dunk Shot,2PT Field Goal,16,15,2014,DUNKS,0.9375
33,Reverse Layup Shot,2PT Field Goal,139,97,2014,LAYUPS,0.697841726618705
34,Reverse Slam Dunk Shot,2PT Field Goal,7,6,2014,DUNKS,0.8571428571428571
35,Running Bank Hook Shot,2PT Field Goal,1,0,2014,POST_MOVES,0.0
36,Running Bank shot,2PT Field Goal,65,43,2014,JUMP_SHOTS,0.6615384615384615
37,Running Bank shot,3PT Field Goal,1,0,2014,JUMP_SHOTS,0.0
38,Running Dunk Shot,2PT Field Goal,13,13,2014,DUNKS,1.0
39,Running Finger Roll Layup Shot,2PT Field Goal,9,8,2014,LAYUPS,0.8888888888888888
40,Running Hook Shot,2PT Field Goal,81,46,2014,POST_MOVES,0.5679012345679012
41,Running Jump Shot,2PT Field Goal,313,142,2014,JUMP_SHOTS,0.4536741214057508
42,Running Jump Shot,3PT Field Goal,11,1,2014,JUMP_SHOTS,0.13636363636363635
43,Running Layup Shot,2PT Field Goal,116,79,2014,LAYUPS,0.6810344827586207
44,Running Reverse Layup Shot,2PT Field Goal,8,7,2014,LAYUPS,0.875
45,Running Slam Dunk Shot,2PT Field Goal,5,5,2014,DUNKS,1.0
46,Running Tip Shot,2PT Field Goal,2,2,2014,SPECIALTY_SHOTS,1.0
47,Slam Dunk Shot,2PT Field Goal,119,116,2014,DUNKS,0.9747899159663865
48,Step Back Jump shot,2PT Field Goal,196,98,2014,JUMP_SHOTS,0.5
49,Step Back Jump shot,3PT Field Goal,46,22,2014,JUMP_SHOTS,0.717391304347826
50,Tip Shot,2PT Field Goal,366,157,2014,SPECIALTY_SHOTS,0.42896174863387976
51,Turnaround Bank Hook Shot,2PT Field Goal,5,4,2014,POST_MOVES,0.8
52,Turnaround Bank shot,2PT Field Goal,17,11,2014,JUMP_SHOTS,0.6470588235294118
53,Turnaround Fadeaway shot,2PT Field Goal,117,65,2014,JUMP_SHOTS,0.5555555555555556
54,Turnaround Hook Shot,2PT Field Goal,70,42,2014,POST_MOVES,0.6
55,Turnaround Jump Shot,2PT Field Goal,401,174,2014,JUMP_SHOTS,0.4339152119700748
56,Turnaround Jump Shot,3PT Field Goal,4,1,2014,JUMP_SHOTS,0.375
0,Alley Oop Dunk Shot,2PT Field Goal,79,72,2015,DUNKS,0.9113924050632911
1,Alley Oop Layup shot,2PT Field Goal,68,51,2015,LAYUPS,0.75
2,Driving Bank Hook Shot,2PT Field Goal,4,3,2015,POST_MOVES,0.75
3,Driving Bank shot,2PT Field Goal,36,27,2015,JUMP_SHOTS,0.75
4,Driving Dunk Shot,2PT Field Goal,81,73,2015,DUNKS,0.9012345679012346
5,Driving Finger Roll Layup Shot,2PT Field Goal,122,103,2015,LAYUPS,0.8442622950819673
6,Driving Hook Shot,2PT Field Goal,25,15,2015,POST_MOVES,0.6
7,Driving Jump shot,2PT Field Goal,139,57,2015,JUMP_SHOTS,0.41007194244604317
8,Driving Layup Shot,2PT Field Goal,976,679,2015,LAYUPS,0.6956967213114754
9,Driving Reverse Layup Shot,2PT Field Goal,87,54,2015,LAYUPS,0.6206896551724138
10,Driving Slam Dunk Shot,2PT Field Goal,36,34,2015,DUNKS,0.9444444444444444
11,Dunk Shot,2PT Field Goal,273,249,2015,DUNKS,0.9120879120879121
12,Fadeaway Bank shot,2PT Field Goal,12,10,2015,JUMP_SHOTS,0.8333333333333334
13,Fadeaway Jump Shot,2PT Field Goal,263,130,2015,JUMP_SHOTS,0.49429657794676807
14,Fadeaway Jump Shot,3PT Field Goal,5,2,2015,JUMP_SHOTS,0.6
15,Finger Roll Layup Shot,2PT Field Goal,57,36,2015,LAYUPS,0.631578947368421
16,Floating Jump shot,2PT Field Goal,238,130,2015,SPECIALTY_SHOTS,0.5462184873949579
17,Floating Jump shot,3PT Field Goal,2,0,2015,SPECIALTY_SHOTS,0.0
18,Hook Bank Shot,2PT Field Goal,12,10,2015,POST_MOVES,0.8333333333333334
19,Hook Shot,2PT Field Goal,338,154,2015,POST_MOVES,0.4556213017751479
21,Jump Bank Shot,2PT Field Goal,140,93,2015,JUMP_SHOTS,0.6642857142857143
22,Jump Bank Shot,3PT Field Goal,7,5,2015,JUMP_SHOTS,1.0714285714285714
23,Jump Hook Shot,2PT Field Goal,110,59,2015,POST_MOVES,0.5363636363636364
24,Jump Shot,2PT Field Goal,5594,1919,2015,JUMP_SHOTS,0.3430461208437612
25,Jump Shot,3PT Field Goal,5363,1902,2015,JUMP_SHOTS,0.5319783703151222
26,Layup Shot,2PT Field Goal,2145,1108,2015,LAYUPS,0.5165501165501165
27,Pullup Bank shot,2PT Field Goal,6,5,2015,JUMP_SHOTS,0.8333333333333334
28,Pullup Bank shot,3PT Field Goal,1,1,2015,JUMP_SHOTS,1.5
29,Pullup Jump shot,2PT Field Goal,421,247,2015,JUMP_SHOTS,0.5866983372921615
30,Pullup Jump shot,3PT Field Goal,98,58,2015,JUMP_SHOTS,0.8877551020408163
31,Putback Dunk Shot,2PT Field Goal,38,33,2015,DUNKS,0.868421052631579
32,Putback Layup Shot,2PT Field Goal,116,91,2015,LAYUPS,0.7844827586206896
33,Putback Slam Dunk Shot,2PT Field Goal,10,10,2015,DUNKS,1.0
34,Reverse Dunk Shot,2PT Field Goal,12,12,2015,DUNKS,1.0
35,Reverse Layup Shot,2PT Field Goal,173,118,2015,LAYUPS,0.6820809248554913
36,Reverse Slam Dunk Shot,2PT Field Goal,5,4,2015,DUNKS,0.8
37,Running Bank Hook Shot,2PT Field Goal,3,3,2015,POST_MOVES,1.0
38,Running Bank shot,2PT Field Goal,61,40,2015,JUMP_SHOTS,0.6557377049180327
39,Running Bank shot,3PT Field Goal,1,0,2015,JUMP_SHOTS,0.0
40,Running Dunk Shot,2PT Field Goal,25,25,2015,DUNKS,1.0
41,Running Finger Roll Layup Shot,2PT Field Goal,11,10,2015,LAYUPS,0.9090909090909091
42,Running Hook Shot,2PT Field Goal,84,46,2015,POST_MOVES,0.5476190476190477
43,Running Jump Shot,2PT Field Goal,293,122,2015,JUMP_SHOTS,0.41638225255972694
44,Running Jump Shot,3PT Field Goal,8,0,2015,JUMP_SHOTS,0.0
45,Running Layup Shot,2PT Field Goal,100,62,2015,LAYUPS,0.62
46,Running Reverse Layup Shot,2PT Field Goal,15,11,2015,LAYUPS,0.7333333333333333
47,Running Slam Dunk Shot,2PT Field Goal,13,12,2015,DUNKS,0.9230769230769231
48,Running Tip Shot,2PT Field Goal,4,2,2015,SPECIALTY_SHOTS,0.5
49,Slam Dunk Shot,2PT Field Goal,145,143,2015,DUNKS,0.9862068965517241
50,Step Back Jump shot,2PT Field Goal,240,126,2015,JUMP_SHOTS,0.525
51,Step Back Jump shot,3PT Field Goal,68,36,2015,JUMP_SHOTS,0.7941176470588235
52,Tip Shot,2PT Field Goal,378,183,2015,SPECIALTY_SHOTS,0.48412698412698413
53,Turnaround Bank Hook Shot,2PT Field Goal,6,5,2015,POST_MOVES,0.8333333333333334
54,Turnaround Bank shot,2PT Field Goal,34,25,2015,JUMP_SHOTS,0.7352941176470589
55,Turnaround Bank shot,3PT Field Goal,1,0,2015,JUMP_SHOTS,0.0
56,Turnaround Fadeaway shot,2PT Field Goal,127,68,2015,JUMP_SHOTS,0.5354330708661418
57,Turnaround Fadeaway shot,3PT Field Goal,1,0,2015,JUMP_SHOTS,0.0
58,Turnaround Hook Shot,2PT Field Goal,74,49,2015,POST_MOVES,0.6621621621621622
59,Turnaround Jump Shot,2PT Field Goal,410,177,2015,JUMP_SHOTS,0.4317073170731707
60,Turnaround Jump Shot,3PT Field Goal,4,2,2015,JUMP_SHOTS,0.75
0,Alley Oop Dunk Shot,2PT Field Goal,79,68,2016,DUNKS,0.8607594936708861
1,Alley Oop Layup shot,2PT Field Goal,65,42,2016,LAYUPS,0.6461538461538462
2,Cutting Dunk Shot,2PT Field Goal,120,115,2016,DUNKS,0.9583333333333334
3,Cutting Finger Roll Layup Shot,2PT Field Goal,33,29,2016,LAYUPS,0.8787878787878788
4,Cutting Layup Shot,2PT Field Goal,281,232,2016,LAYUPS,0.8256227758007118
5,Driving Bank Hook Shot,2PT Field Goal,8,2,2016,POST_MOVES,0.25
6,Driving Bank shot,2PT Field Goal,83,51,2016,JUMP_SHOTS,0.6144578313253012
7,Driving Dunk Shot,2PT Field Goal,107,97,2016,DUNKS,0.9065420560747663
8,Driving Finger Roll Layup Shot,2PT Field Goal,178,128,2016,LAYUPS,0.7191011235955056
9,Driving Floating Bank Jump Shot,2PT Field Goal,38,24,2016,SPECIALTY_SHOTS,0.631578947368421
10,Driving Floating Bank Jump Shot,3PT Field Goal,1,0,2016,SPECIALTY_SHOTS,0.0
11,Driving Floating Jump Shot,2PT Field Goal,190,100,2016,SPECIALTY_SHOTS,0.5263157894736842
12,Driving Floating Jump Shot,3PT Field Goal,2,0,2016,SPECIALTY_SHOTS,0.0
13,Driving Hook Shot,2PT Field Goal,79,46,2016,POST_MOVES,0.5822784810126582
14,Driving Jump shot,2PT Field Goal,2,1,2016,JUMP_SHOTS,0.5
15,Driving Layup Shot,2PT Field Goal,962,548,2016,LAYUPS,0.5696465696465697
16,Driving Reverse Dunk Shot,2PT Field Goal,3,2,2016,DUNKS,0.6666666666666666
17,Driving Reverse Layup Shot,2PT Field Goal,85,48,2016,LAYUPS,0.5647058823529412
18,Dunk Shot,2PT Field Goal,249,211,2016,DUNKS,0.8473895582329317
19,Fadeaway Bank shot,2PT Field Goal,11,9,2016,JUMP_SHOTS,0.8181818181818182
20,Fadeaway Bank shot,3PT Field Goal,1,0,2016,JUMP_SHOTS,0.0
21,Fadeaway Jump Shot,2PT Field Goal,229,113,2016,JUMP_SHOTS,0.49344978165938863
22,Fadeaway Jump Shot,3PT Field Goal,6,2,2016,JUMP_SHOTS,0.5
23,Finger Roll Layup Shot,2PT Field Goal,54,35,2016,LAYUPS,0.6481481481481481
24,Floating Jump shot,2PT Field Goal,423,200,2016,SPECIALTY_SHOTS,0.4728132387706856
25,Floating Jump shot,3PT Field Goal,5,1,2016,SPECIALTY_SHOTS,0.3
26,Hook Bank Shot,2PT Field Goal,11,9,2016,POST_MOVES,0.8181818181818182
27,Hook Shot,2PT Field Goal,393,188,2016,POST_MOVES,0.47837150127226463
28,Jump Bank Shot,2PT Field Goal,147,75,2016,JUMP_SHOTS,0.5102040816326531
29,Jump Bank Shot,3PT Field Goal,11,8,2016,JUMP_SHOTS,1.0909090909090908
30,Jump Shot,2PT Field Goal,3701,1131,2016,JUMP_SHOTS,0.30559308295055393
31,Jump Shot,3PT Field Goal,5023,1734,2016,JUMP_SHOTS,0.5178180370296636
32,Layup Shot,2PT Field Goal,1514,625,2016,LAYUPS,0.4128137384412153
33,Pullup Bank shot,2PT Field Goal,14,10,2016,JUMP_SHOTS,0.7142857142857143
34,Pullup Bank shot,3PT Field Goal,1,0,2016,JUMP_SHOTS,0.0
35,Pullup Jump shot,2PT Field Goal,790,420,2016,JUMP_SHOTS,0.5316455696202531
36,Pullup Jump shot,3PT Field Goal,172,74,2016,JUMP_SHOTS,0.6453488372093024
37,Putback Dunk Shot,2PT Field Goal,41,39,2016,DUNKS,0.9512195121951219
38,Putback Layup Shot,2PT Field Goal,197,152,2016,LAYUPS,0.7715736040609137
39,Reverse Dunk Shot,2PT Field Goal,8,8,2016,DUNKS,1.0
40,Reverse Layup Shot,2PT Field Goal,156,102,2016,LAYUPS,0.6538461538461539
41,Running Alley Oop Dunk Shot,2PT Field Goal,4,4,2016,DUNKS,1.0
42,Running Alley Oop Layup Shot,2PT Field Goal,5,5,2016,LAYUPS,1.0
43,Running Dunk Shot,2PT Field Goal,87,84,2016,DUNKS,0.9655172413793104
44,Running Finger Roll Layup Shot,2PT Field Goal,34,29,2016,LAYUPS,0.8529411764705882
45,Running Jump Shot,2PT Field Goal,100,45,2016,JUMP_SHOTS,0.45
46,Running Jump Shot,3PT Field Goal,40,12,2016,JUMP_SHOTS,0.45
47,Running Layup Shot,2PT Field Goal,288,205,2016,LAYUPS,0.7118055555555556
48,Running Pull-Up Jump Shot,2PT Field Goal,11,9,2016,JUMP_SHOTS,0.8181818181818182
49,Running Pull-Up Jump Shot,3PT Field Goal,14,10,2016,JUMP_SHOTS,1.0714285714285714
50,Running Reverse Dunk Shot,2PT Field Goal,1,1,2016,DUNKS,1.0
51,Running Reverse Layup Shot,2PT Field Goal,17,11,2016,LAYUPS,0.6470588235294118
52,Step Back Bank Jump Shot,2PT Field Goal,3,2,2016,JUMP_SHOTS,0.6666666666666666
53,Step Back Jump shot,2PT Field Goal,285,129,2016,JUMP_SHOTS,0.45263157894736844
54,Step Back Jump shot,3PT Field Goal,83,35,2016,JUMP_SHOTS,0.6325301204819277
55,Tip Dunk Shot,2PT Field Goal,20,17,2016,DUNKS,0.85
56,Tip Layup Shot,2PT Field Goal,392,185,2016,LAYUPS,0.4719387755102041
57,Turnaround Bank Hook Shot,2PT Field Goal,14,13,2016,POST_MOVES,0.9285714285714286
58,Turnaround Bank shot,2PT Field Goal,36,18,2016,JUMP_SHOTS,0.5
59,Turnaround Fadeaway Bank Jump Shot,2PT Field Goal,3,1,2016,JUMP_SHOTS,0.3333333333333333
60,Turnaround Fadeaway shot,2PT Field Goal,117,59,2016,JUMP_SHOTS,0.5042735042735043
61,Turnaround Hook Shot,2PT Field Goal,174,101,2016,POST_MOVES,0.5804597701149425
62,Turnaround Jump Shot,2PT Field Goal,307,138,2016,JUMP_SHOTS,0.4495114006514658
63,Turnaround Jump Shot,3PT Field Goal,5,2,2016,JUMP_SHOTS,0.6
0,Alley Oop Dunk Shot,2PT Field Goal,55,48,2017,DUNKS,0.8727272727272727
1,Alley Oop Layup shot,2PT Field Goal,67,42,2017,LAYUPS,0.6268656716417911
2,Cutting Dunk Shot,2PT Field Goal,152,150,2017,DUNKS,0.9868421052631579
3,Cutting Finger Roll Layup Shot,2PT Field Goal,38,37,2017,LAYUPS,0.9736842105263158
4,Cutting Layup Shot,2PT Field Goal,311,237,2017,LAYUPS,0.7620578778135049
5,Driving Bank Hook Shot,2PT Field Goal,12,8,2017,POST_MOVES,0.6666666666666666
6,Driving Bank shot,2PT Field Goal,63,45,2017,JUMP_SHOTS,0.7142857142857143
7,Driving Dunk Shot,2PT Field Goal,110,99,2017,DUNKS,0.9
8,Driving Finger Roll Layup Shot,2PT Field Goal,199,131,2017,LAYUPS,0.6582914572864321
9,Driving Floating Bank Jump Shot,2PT Field Goal,61,36,2017,SPECIALTY_SHOTS,0.5901639344262295
10,Driving Floating Jump Shot,2PT Field Goal,310,151,2017,SPECIALTY_SHOTS,0.4870967741935484
11,Driving Hook Shot,2PT Field Goal,115,66,2017,POST_MOVES,0.5739130434782609
13,Driving Layup Shot,2PT Field Goal,1216,706,2017,LAYUPS,0.5805921052631579
14,Driving Reverse Dunk Shot,2PT Field Goal,5,5,2017,DUNKS,1.0
15,Driving Reverse Layup Shot,2PT Field Goal,146,87,2017,LAYUPS,0.5958904109589042
16,Dunk Shot,2PT Field Goal,169,146,2017,DUNKS,0.863905325443787
17,Fadeaway Bank shot,2PT Field Goal,8,5,2017,JUMP_SHOTS,0.625
18,Fadeaway Jump Shot,2PT Field Goal,271,117,2017,JUMP_SHOTS,0.4317343173431734
19,Fadeaway Jump Shot,3PT Field Goal,7,1,2017,JUMP_SHOTS,0.21428571428571427
20,Finger Roll Layup Shot,2PT Field Goal,38,19,2017,LAYUPS,0.5
21,Floating Jump shot,2PT Field Goal,401,167,2017,SPECIALTY_SHOTS,0.4164588528678304
22,Floating Jump shot,3PT Field Goal,6,2,2017,SPECIALTY_SHOTS,0.5
23,Hook Bank Shot,2PT Field Goal,11,9,2017,POST_MOVES,0.8181818181818182
24,Hook Shot,2PT Field Goal,310,143,2017,POST_MOVES,0.4612903225806452
25,Jump Bank Shot,2PT Field Goal,134,73,2017,JUMP_SHOTS,0.5447761194029851
26,Jump Bank Shot,3PT Field Goal,13,7,2017,JUMP_SHOTS,0.8076923076923077
27,Jump Shot,2PT Field Goal,3004,876,2017,JUMP_SHOTS,0.29161118508655126
28,Jump Shot,3PT Field Goal,5474,1853,2017,JUMP_SHOTS,0.5077639751552795
29,Layup Shot,2PT Field Goal,1224,471,2017,LAYUPS,0.38480392156862747
30,No Shot,2PT Field Goal,11,7,2017,NO_SHOT,0.6363636363636364
31,Pullup Bank shot,2PT Field Goal,37,22,2017,JUMP_SHOTS,0.5945945945945946
32,Pullup Bank shot,3PT Field Goal,2,1,2017,JUMP_SHOTS,0.75
33,Pullup Jump shot,2PT Field Goal,1219,593,2017,JUMP_SHOTS,0.4864643150123052
34,Pullup Jump shot,3PT Field Goal,335,161,2017,JUMP_SHOTS,0.7208955223880597
35,Putback Dunk Shot,2PT Field Goal,39,34,2017,DUNKS,0.8717948717948718
36,Putback Layup Shot,2PT Field Goal,205,154,2017,LAYUPS,0.751219512195122
37,Reverse Dunk Shot,2PT Field Goal,4,4,2017,DUNKS,1.0
38,Reverse Layup Shot,2PT Field Goal,165,94,2017,LAYUPS,0.5696969696969697
39,Running Alley Oop Dunk Shot,2PT Field Goal,7,7,2017,DUNKS,1.0
40,Running Alley Oop Layup Shot,2PT Field Goal,3,3,2017,LAYUPS,1.0
41,Running Dunk Shot,2PT Field Goal,110,103,2017,DUNKS,0.9363636363636364
42,Running Finger Roll Layup Shot,2PT Field Goal,43,40,2017,LAYUPS,0.9302325581395349
43,Running Jump Shot,2PT Field Goal,102,41,2017,JUMP_SHOTS,0.4019607843137255
44,Running Jump Shot,3PT Field Goal,61,28,2017,JUMP_SHOTS,0.6885245901639344
45,Running Layup Shot,2PT Field Goal,339,222,2017,LAYUPS,0.6548672566371682
46,Running Pull-Up Jump Shot,2PT Field Goal,33,21,2017,JUMP_SHOTS,0.6363636363636364
47,Running Pull-Up Jump Shot,3PT Field Goal,46,23,2017,JUMP_SHOTS,0.75
48,Running Reverse Dunk Shot,2PT Field Goal,2,2,2017,DUNKS,1.0
49,Running Reverse Layup Shot,2PT Field Goal,25,17,2017,LAYUPS,0.68
50,Step Back Bank Jump Shot,2PT Field Goal,5,5,2017,JUMP_SHOTS,1.0
51,Step Back Jump shot,2PT Field Goal,283,129,2017,JUMP_SHOTS,0.4558303886925795
52,Step Back Jump shot,3PT Field Goal,93,45,2017,JUMP_SHOTS,0.7258064516129032
53,Tip Dunk Shot,2PT Field Goal,20,20,2017,DUNKS,1.0
54,Tip Layup Shot,2PT Field Goal,302,137,2017,LAYUPS,0.45364238410596025
55,Turnaround Bank Hook Shot,2PT Field Goal,7,4,2017,POST_MOVES,0.5714285714285714
56,Turnaround Bank shot,2PT Field Goal,29,20,2017,JUMP_SHOTS,0.6896551724137931
57,Turnaround Fadeaway Bank Jump Shot,2PT Field Goal,7,5,2017,JUMP_SHOTS,0.7142857142857143
58,Turnaround Fadeaway shot,2PT Field Goal,133,70,2017,JUMP_SHOTS,0.5263157894736842
59,Turnaround Fadeaway shot,3PT Field Goal,1,0,2017,JUMP_SHOTS,0.0
60,Turnaround Hook Shot,2PT Field Goal,160,87,2017,POST_MOVES,0.54375
61,Turnaround Jump Shot,2PT Field Goal,304,146,2017,JUMP_SHOTS,0.48026315789473684
62,Turnaround Jump Shot,3PT Field Goal,7,4,2017,JUMP_SHOTS,0.8571428571428571
0,Alley Oop Dunk Shot,2PT Field Goal,98,85,2018,DUNKS,0.8673469387755102
1,Alley Oop Layup shot,2PT Field Goal,74,46,2018,LAYUPS,0.6216216216216216
2,Cutting Dunk Shot,2PT Field Goal,220,202,2018,DUNKS,0.9181818181818182
3,Cutting Finger Roll Layup Shot,2PT Field Goal,44,39,2018,LAYUPS,0.8863636363636364
4,Cutting Layup Shot,2PT Field Goal,404,283,2018,LAYUPS,0.7004950495049505
5,Driving Bank Hook Shot,2PT Field Goal,6,5,2018,POST_MOVES,0.8333333333333334
6,Driving Dunk Shot,2PT Field Goal,122,102,2018,DUNKS,0.8360655737704918
7,Driving Finger Roll Layup Shot,2PT Field Goal,303,198,2018,LAYUPS,0.6534653465346535
8,Driving Floating Bank Jump Shot,2PT Field Goal,168,104,2018,SPECIALTY_SHOTS,0.6190476190476191
9,Driving Floating Jump Shot,2PT Field Goal,441,196,2018,SPECIALTY_SHOTS,0.4444444444444444
10,Driving Floating Jump Shot,3PT Field Goal,2,1,2018,SPECIALTY_SHOTS,0.75
11,Driving Hook Shot,2PT Field Goal,78,36,2018,POST_MOVES,0.46153846153846156
12,Driving Layup Shot,2PT Field Goal,1630,778,2018,LAYUPS,0.47730061349693254
13,Driving Reverse Dunk Shot,2PT Field Goal,3,2,2018,DUNKS,0.6666666666666666
14,Driving Reverse Layup Shot,2PT Field Goal,169,93,2018,LAYUPS,0.5502958579881657
15,Dunk Shot,2PT Field Goal,177,142,2018,DUNKS,0.8022598870056498
16,Fadeaway Jump Shot,2PT Field Goal,272,90,2018,JUMP_SHOTS,0.33088235294117646
17,Fadeaway Jump Shot,3PT Field Goal,15,7,2018,JUMP_SHOTS,0.7
18,Finger Roll Layup Shot,2PT Field Goal,50,32,2018,LAYUPS,0.64
19,Floating Jump shot,2PT Field Goal,366,142,2018,SPECIALTY_SHOTS,0.3879781420765027
20,Floating Jump shot,3PT Field Goal,4,2,2018,SPECIALTY_SHOTS,0.75
21,Hook Bank Shot,2PT Field Goal,6,5,2018,POST_MOVES,0.8333333333333334
22,Hook Shot,2PT Field Goal,279,106,2018,POST_MOVES,0.37992831541218636
23,Jump Bank Shot,2PT Field Goal,79,42,2018,JUMP_SHOTS,0.5316455696202531
24,Jump Bank Shot,3PT Field Goal,14,7,2018,JUMP_SHOTS,0.75
25,Jump Shot,2PT Field Goal,1848,652,2018,JUMP_SHOTS,0.3528138528138528
26,Jump Shot,3PT Field Goal,5349,1895,2018,JUMP_SHOTS,0.531407739764442
27,Layup Shot,2PT Field Goal,1090,457,2018,LAYUPS,0.41926605504587156
28,Pullup Jump shot,2PT Field Goal,1340,576,2018,JUMP_SHOTS,0.4298507462686567
29,Pullup Jump shot,3PT Field Goal,431,163,2018,JUMP_SHOTS,0.5672853828306265
30,Putback Dunk Shot,2PT Field Goal,54,49,2018,DUNKS,0.9074074074074074
31,Putback Layup Shot,2PT Field Goal,156,103,2018,LAYUPS,0.6602564102564102
32,Reverse Dunk Shot,2PT Field Goal,8,8,2018,DUNKS,1.0
33,Reverse Layup Shot,2PT Field Goal,146,79,2018,LAYUPS,0.541095890410959
34,Running Alley Oop Dunk Shot,2PT Field Goal,9,9,2018,DUNKS,1.0
35,Running Alley Oop Layup Shot,2PT Field Goal,1,1,2018,LAYUPS,1.0
36,Running Dunk Shot,2PT Field Goal,111,104,2018,DUNKS,0.9369369369369369
37,Running Finger Roll Layup Shot,2PT Field Goal,61,47,2018,LAYUPS,0.7704918032786885
38,Running Jump Shot,2PT Field Goal,48,25,2018,JUMP_SHOTS,0.5208333333333334
39,Running Jump Shot,3PT Field Goal,75,24,2018,JUMP_SHOTS,0.48
40,Running Layup Shot,2PT Field Goal,411,246,2018,LAYUPS,0.5985401459854015
41,Running Pull-Up Jump Shot,2PT Field Goal,28,17,2018,JUMP_SHOTS,0.6071428571428571
42,Running Pull-Up Jump Shot,3PT Field Goal,62,23,2018,JUMP_SHOTS,0.5564516129032258
43,Running Reverse Dunk Shot,2PT Field Goal,1,1,2018,DUNKS,1.0
44,Running Reverse Layup Shot,2PT Field Goal,29,18,2018,LAYUPS,0.6206896551724138
45,Step Back Bank Jump Shot,2PT Field Goal,4,3,2018,JUMP_SHOTS,0.75
46,Step Back Bank Jump Shot,3PT Field Goal,2,0,2018,JUMP_SHOTS,0.0
47,Step Back Jump shot,2PT Field Goal,272,121,2018,JUMP_SHOTS,0.44485294117647056
48,Step Back Jump shot,3PT Field Goal,178,60,2018,JUMP_SHOTS,0.5056179775280899
49,Tip Dunk Shot,2PT Field Goal,28,21,2018,DUNKS,0.75
50,Tip Layup Shot,2PT Field Goal,331,168,2018,LAYUPS,0.5075528700906344
51,Turnaround Bank Hook Shot,2PT Field Goal,14,11,2018,POST_MOVES,0.7857142857142857
52,Turnaround Fadeaway Bank Jump Shot,2PT Field Goal,46,29,2018,JUMP_SHOTS,0.6304347826086957
53,Turnaround Fadeaway shot,2PT Field Goal,180,90,2018,JUMP_SHOTS,0.5
54,Turnaround Fadeaway shot,3PT Field Goal,1,1,2018,JUMP_SHOTS,1.5
55,Turnaround Hook Shot,2PT Field Goal,155,71,2018,POST_MOVES,0.45806451612903226
56,Turnaround Jump Shot,2PT Field Goal,273,104,2018,JUMP_SHOTS,0.38095238095238093
57,Turnaround Jump Shot,3PT Field Goal,10,5,2018,JUMP_SHOTS,0.75
0,Alley Oop Dunk Shot,2PT Field Goal,129,110,2019,DUNKS,0.8527131782945736
1,Alley Oop Layup shot,2PT Field Goal,86,59,2019,LAYUPS,0.686046511627907
2,Cutting Dunk Shot,2PT Field Goal,305,280,2019,DUNKS,0.9180327868852459
3,Cutting Finger Roll Layup Shot,2PT Field Goal,65,56,2019,LAYUPS,0.8615384615384616
4,Cutting Layup Shot,2PT Field Goal,484,344,2019,LAYUPS,0.7107438016528925
5,Driving Bank Hook Shot,2PT Field Goal,13,7,2019,POST_MOVES,0.5384615384615384
6,Driving Dunk Shot,2PT Field Goal,176,141,2019,DUNKS,0.8011363636363636
7,Driving Finger Roll Layup Shot,2PT Field Goal,324,209,2019,LAYUPS,0.6450617283950617
8,Driving Floating Bank Jump Shot,2PT Field Goal,221,116,2019,SPECIALTY_SHOTS,0.5248868778280543
9,Driving Floating Jump Shot,2PT Field Goal,581,246,2019,SPECIALTY_SHOTS,0.423407917383821
10,Driving Hook Shot,2PT Field Goal,119,46,2019,POST_MOVES,0.3865546218487395
11,Driving Layup Shot,2PT Field Goal,1739,795,2019,LAYUPS,0.45715928694652097
12,Driving Reverse Dunk Shot,2PT Field Goal,4,4,2019,DUNKS,1.0
13,Driving Reverse Layup Shot,2PT Field Goal,157,90,2019,LAYUPS,0.5732484076433121
14,Dunk Shot,2PT Field Goal,184,169,2019,DUNKS,0.9184782608695652
15,Fadeaway Jump Shot,2PT Field Goal,284,111,2019,JUMP_SHOTS,0.3908450704225352
16,Fadeaway Jump Shot,3PT Field Goal,16,5,2019,JUMP_SHOTS,0.46875
17,Finger Roll Layup Shot,2PT Field Goal,49,30,2019,LAYUPS,0.6122448979591837
18,Floating Jump shot,2PT Field Goal,434,178,2019,SPECIALTY_SHOTS,0.41013824884792627
19,Floating Jump shot,3PT Field Goal,2,0,2019,SPECIALTY_SHOTS,0.0
20,Hook Bank Shot,2PT Field Goal,18,9,2019,POST_MOVES,0.5
21,Hook Shot,2PT Field Goal,286,119,2019,POST_MOVES,0.4160839160839161
22,Jump Bank Shot,2PT Field Goal,69,36,2019,JUMP_SHOTS,0.5217391304347826
23,Jump Bank Shot,3PT Field Goal,17,4,2019,JUMP_SHOTS,0.35294117647058826
24,Jump Shot,2PT Field Goal,1108,397,2019,JUMP_SHOTS,0.3583032490974729
25,Jump Shot,3PT Field Goal,5532,1914,2019,JUMP_SHOTS,0.5189804772234273
26,Layup Shot,2PT Field Goal,952,421,2019,LAYUPS,0.4422268907563025
27,Pullup Jump shot,2PT Field Goal,1239,531,2019,JUMP_SHOTS,0.42857142857142855
28,Pullup Jump shot,3PT Field Goal,597,206,2019,JUMP_SHOTS,0.5175879396984925
29,Putback Dunk Shot,2PT Field Goal,30,25,2019,DUNKS,0.8333333333333334
30,Putback Layup Shot,2PT Field Goal,288,212,2019,LAYUPS,0.7361111111111112
31,Reverse Dunk Shot,2PT Field Goal,8,8,2019,DUNKS,1.0
32,Reverse Layup Shot,2PT Field Goal,151,90,2019,LAYUPS,0.5960264900662252
33,Running Alley Oop Dunk Shot,2PT Field Goal,15,15,2019,DUNKS,1.0
34,Running Alley Oop Layup Shot,2PT Field Goal,5,5,2019,LAYUPS,1.0
35,Running Dunk Shot,2PT Field Goal,167,161,2019,DUNKS,0.9640718562874252
36,Running Finger Roll Layup Shot,2PT Field Goal,93,78,2019,LAYUPS,0.8387096774193549
37,Running Jump Shot,2PT Field Goal,37,15,2019,JUMP_SHOTS,0.40540540540540543
38,Running Jump Shot,3PT Field Goal,62,17,2019,JUMP_SHOTS,0.4112903225806452
39,Running Layup Shot,2PT Field Goal,427,271,2019,LAYUPS,0.6346604215456675
40,Running Pull-Up Jump Shot,2PT Field Goal,28,13,2019,JUMP_SHOTS,0.4642857142857143
41,Running Pull-Up Jump Shot,3PT Field Goal,68,22,2019,JUMP_SHOTS,0.4852941176470588
42,Running Reverse Dunk Shot,2PT Field Goal,2,1,2019,DUNKS,0.5
43,Running Reverse Layup Shot,2PT Field Goal,27,20,2019,LAYUPS,0.7407407407407407
44,Step Back Bank Jump Shot,2PT Field Goal,2,0,2019,JUMP_SHOTS,0.0
45,Step Back Bank Jump Shot,3PT Field Goal,1,1,2019,JUMP_SHOTS,1.5
46,Step Back Jump shot,2PT Field Goal,290,109,2019,JUMP_SHOTS,0.3758620689655172
47,Step Back Jump shot,3PT Field Goal,259,100,2019,JUMP_SHOTS,0.5791505791505791
48,Tip Dunk Shot,2PT Field Goal,93,72,2019,DUNKS,0.7741935483870968
49,Tip Layup Shot,2PT Field Goal,443,205,2019,LAYUPS,0.46275395033860045
50,Turnaround Bank Hook Shot,2PT Field Goal,17,11,2019,POST_MOVES,0.6470588235294118
51,Turnaround Fadeaway Bank Jump Shot,2PT Field Goal,48,23,2019,JUMP_SHOTS,0.4791666666666667
52,Turnaround Fadeaway shot,2PT Field Goal,182,96,2019,JUMP_SHOTS,0.5274725274725275
53,Turnaround Fadeaway shot,3PT Field Goal,1,0,2019,JUMP_SHOTS,0.0
54,Turnaround Hook Shot,2PT Field Goal,234,106,2019,POST_MOVES,0.452991452991453
55,Turnaround Jump Shot,2PT Field Goal,247,98,2019,JUMP_SHOTS,0.3967611336032389
56,Turnaround Jump Shot,3PT Field Goal,8,0,2019,JUMP_SHOTS,0.0
0,Alley Oop Dunk Shot,2PT Field Goal,161,142,2020,DUNKS,0.8819875776397516
1,Alley Oop Layup shot,2PT Field Goal,72,45,2020,LAYUPS,0.625
2,Cutting Dunk Shot,2PT Field Goal,321,303,2020,DUNKS,0.9439252336448598
3,Cutting Finger Roll Layup Shot,2PT Field Goal,38,35,2020,LAYUPS,0.9210526315789473
4,Cutting Layup Shot,2PT Field Goal,469,321,2020,LAYUPS,0.6844349680170576
5,Driving Bank Hook Shot,2PT Field Goal,16,9,2020,POST_MOVES,0.5625
6,Driving Dunk Shot,2PT Field Goal,169,134,2020,DUNKS,0.7928994082840237
7,Driving Finger Roll Layup Shot,2PT Field Goal,346,219,2020,LAYUPS,0.6329479768786127
8,Driving Floating Bank Jump Shot,2PT Field Goal,210,108,2020,SPECIALTY_SHOTS,0.5142857142857142
9,Driving Floating Bank Jump Shot,3PT Field Goal,2,1,2020,SPECIALTY_SHOTS,0.75
10,Driving Floating Jump Shot,2PT Field Goal,656,261,2020,SPECIALTY_SHOTS,0.3978658536585366
11,Driving Floating Jump Shot,3PT Field Goal,1,0,2020,SPECIALTY_SHOTS,0.0
12,Driving Hook Shot,2PT Field Goal,80,35,2020,POST_MOVES,0.4375
13,Driving Layup Shot,2PT Field Goal,1381,620,2020,LAYUPS,0.4489500362056481
14,Driving Reverse Dunk Shot,2PT Field Goal,3,3,2020,DUNKS,1.0
15,Driving Reverse Layup Shot,2PT Field Goal,161,91,2020,LAYUPS,0.5652173913043478
16,Dunk Shot,2PT Field Goal,182,161,2020,DUNKS,0.8846153846153846
17,Fadeaway Jump Shot,2PT Field Goal,295,112,2020,JUMP_SHOTS,0.37966101694915255
18,Fadeaway Jump Shot,3PT Field Goal,21,2,2020,JUMP_SHOTS,0.14285714285714285
19,Finger Roll Layup Shot,2PT Field Goal,41,27,2020,LAYUPS,0.6585365853658537
20,Floating Jump shot,2PT Field Goal,374,171,2020,SPECIALTY_SHOTS,0.4572192513368984
21,Hook Bank Shot,2PT Field Goal,11,10,2020,POST_MOVES,0.9090909090909091
22,Hook Shot,2PT Field Goal,170,61,2020,POST_MOVES,0.3588235294117647
23,Jump Bank Shot,2PT Field Goal,44,25,2020,JUMP_SHOTS,0.5681818181818182
24,Jump Bank Shot,3PT Field Goal,17,6,2020,JUMP_SHOTS,0.5294117647058824
25,Jump Shot,2PT Field Goal,715,256,2020,JUMP_SHOTS,0.35804195804195804
26,Jump Shot,3PT Field Goal,4759,1670,2020,JUMP_SHOTS,0.5263710863626813
27,Layup Shot,2PT Field Goal,659,306,2020,LAYUPS,0.464339908952959
28,Pullup Jump shot,2PT Field Goal,1165,530,2020,JUMP_SHOTS,0.45493562231759654
29,Pullup Jump shot,3PT Field Goal,590,207,2020,JUMP_SHOTS,0.5262711864406779
30,Putback Dunk Shot,2PT Field Goal,32,31,2020,DUNKS,0.96875
31,Putback Layup Shot,2PT Field Goal,235,145,2020,LAYUPS,0.6170212765957447
32,Reverse Dunk Shot,2PT Field Goal,11,10,2020,DUNKS,0.9090909090909091
33,Reverse Layup Shot,2PT Field Goal,117,84,2020,LAYUPS,0.717948717948718
34,Running Alley Oop Dunk Shot,2PT Field Goal,16,15,2020,DUNKS,0.9375
35,Running Alley Oop Layup Shot,2PT Field Goal,5,2,2020,LAYUPS,0.4
36,Running Dunk Shot,2PT Field Goal,170,155,2020,DUNKS,0.9117647058823529
37,Running Finger Roll Layup Shot,2PT Field Goal,87,67,2020,LAYUPS,0.7701149425287356
38,Running Jump Shot,2PT Field Goal,19,10,2020,JUMP_SHOTS,0.5263157894736842
39,Running Jump Shot,3PT Field Goal,121,50,2020,JUMP_SHOTS,0.6198347107438017
40,Running Layup Shot,2PT Field Goal,394,248,2020,LAYUPS,0.6294416243654822
41,Running Pull-Up Jump Shot,2PT Field Goal,19,12,2020,JUMP_SHOTS,0.631578947368421
42,Running Pull-Up Jump Shot,3PT Field Goal,100,32,2020,JUMP_SHOTS,0.48
43,Running Reverse Dunk Shot,2PT Field Goal,1,1,2020,DUNKS,1.0
44,Running Reverse Layup Shot,2PT Field Goal,37,25,2020,LAYUPS,0.6756756756756757
45,Step Back Bank Jump Shot,2PT Field Goal,3,1,2020,JUMP_SHOTS,0.3333333333333333
46,Step Back Jump shot,2PT Field Goal,263,118,2020,JUMP_SHOTS,0.44866920152091255
47,Step Back Jump shot,3PT Field Goal,321,127,2020,JUMP_SHOTS,0.5934579439252337
48,Tip Dunk Shot,2PT Field Goal,84,71,2020,DUNKS,0.8452380952380952
49,Tip Layup Shot,2PT Field Goal,395,186,2020,LAYUPS,0.4708860759493671
50,Turnaround Bank Hook Shot,2PT Field Goal,19,15,2020,POST_MOVES,0.7894736842105263
51,Turnaround Fadeaway Bank Jump Shot,2PT Field Goal,35,20,2020,JUMP_SHOTS,0.5714285714285714
52,Turnaround Fadeaway shot,2PT Field Goal,161,70,2020,JUMP_SHOTS,0.43478260869565216
53,Turnaround Fadeaway shot,3PT Field Goal,1,0,2020,JUMP_SHOTS,0.0
54,Turnaround Hook Shot,2PT Field Goal,167,74,2020,POST_MOVES,0.4431137724550898
55,Turnaround Jump Shot,2PT Field Goal,222,94,2020,JUMP_SHOTS,0.42342342342342343
56,Turnaround Jump Shot,3PT Field Goal,9,0,2020,JUMP_SHOTS,0.0
0,Alley Oop Dunk Shot,2PT Field Goal,117,102,2021,DUNKS,0.8717948717948718
1,Alley Oop Layup shot,2PT Field Goal,86,56,2021,LAYUPS,0.6511627906976745
2,Cutting Dunk Shot,2PT Field Goal,282,246,2021,DUNKS,0.8723404255319149
3,Cutting Finger Roll Layup Shot,2PT Field Goal,53,47,2021,LAYUPS,0.8867924528301887
4,Cutting Layup Shot,2PT Field Goal,420,280,2021,LAYUPS,0.6666666666666666
5,Driving Bank Hook Shot,2PT Field Goal,17,11,2021,POST_MOVES,0.6470588235294118
6,Driving Dunk Shot,2PT Field Goal,152,114,2021,DUNKS,0.75
7,Driving Finger Roll Layup Shot,2PT Field Goal,348,229,2021,LAYUPS,0.6580459770114943
8,Driving Floating Bank Jump Shot,2PT Field Goal,200,104,2021,SPECIALTY_SHOTS,0.52
9,Driving Floating Jump Shot,2PT Field Goal,708,295,2021,SPECIALTY_SHOTS,0.4166666666666667
10,Driving Hook Shot,2PT Field Goal,74,28,2021,POST_MOVES,0.3783783783783784
11,Driving Layup Shot,2PT Field Goal,1442,684,2021,LAYUPS,0.47434119278779474
12,Driving Reverse Dunk Shot,2PT Field Goal,1,1,2021,DUNKS,1.0
13,Driving Reverse Layup Shot,2PT Field Goal,144,89,2021,LAYUPS,0.6180555555555556
14,Dunk Shot,2PT Field Goal,149,130,2021,DUNKS,0.87248322147651
15,Fadeaway Jump Shot,2PT Field Goal,352,149,2021,JUMP_SHOTS,0.42329545454545453
16,Fadeaway Jump Shot,3PT Field Goal,20,4,2021,JUMP_SHOTS,0.3
17,Finger Roll Layup Shot,2PT Field Goal,33,26,2021,LAYUPS,0.7878787878787878
18,Floating Jump shot,2PT Field Goal,411,199,2021,SPECIALTY_SHOTS,0.48418491484184917
19,Hook Bank Shot,2PT Field Goal,10,7,2021,POST_MOVES,0.7
20,Hook Shot,2PT Field Goal,125,57,2021,POST_MOVES,0.456
21,Jump Bank Shot,2PT Field Goal,49,29,2021,JUMP_SHOTS,0.5918367346938775
22,Jump Bank Shot,3PT Field Goal,7,5,2021,JUMP_SHOTS,1.0714285714285714
23,Jump Shot,2PT Field Goal,798,286,2021,JUMP_SHOTS,0.3583959899749373
24,Jump Shot,3PT Field Goal,4919,1816,2021,JUMP_SHOTS,0.5537710916853019
25,Layup Shot,2PT Field Goal,662,333,2021,LAYUPS,0.5030211480362538
26,Pullup Jump shot,2PT Field Goal,1561,743,2021,JUMP_SHOTS,0.47597693786034595
27,Pullup Jump shot,3PT Field Goal,733,254,2021,JUMP_SHOTS,0.519781718963165
28,Putback Dunk Shot,2PT Field Goal,50,48,2021,DUNKS,0.96
29,Putback Layup Shot,2PT Field Goal,235,145,2021,LAYUPS,0.6170212765957447
30,Reverse Dunk Shot,2PT Field Goal,6,4,2021,DUNKS,0.6666666666666666
31,Reverse Layup Shot,2PT Field Goal,111,75,2021,LAYUPS,0.6756756756756757
32,Running Alley Oop Dunk Shot,2PT Field Goal,16,16,2021,DUNKS,1.0
33,Running Alley Oop Layup Shot,2PT Field Goal,8,8,2021,LAYUPS,1.0
34,Running Dunk Shot,2PT Field Goal,149,140,2021,DUNKS,0.9395973154362416
35,Running Finger Roll Layup Shot,2PT Field Goal,87,73,2021,LAYUPS,0.8390804597701149
36,Running Jump Shot,2PT Field Goal,24,12,2021,JUMP_SHOTS,0.5
37,Running Jump Shot,3PT Field Goal,144,70,2021,JUMP_SHOTS,0.7291666666666666
38,Running Layup Shot,2PT Field Goal,420,275,2021,LAYUPS,0.6547619047619048
39,Running Pull-Up Jump Shot,2PT Field Goal,22,11,2021,JUMP_SHOTS,0.5
40,Running Pull-Up Jump Shot,3PT Field Goal,120,62,2021,JUMP_SHOTS,0.775
41,Running Reverse Dunk Shot,2PT Field Goal,1,1,2021,DUNKS,1.0
42,Running Reverse Layup Shot,2PT Field Goal,39,29,2021,LAYUPS,0.7435897435897436
43,Step Back Bank Jump Shot,2PT Field Goal,1,0,2021,JUMP_SHOTS,0.0
44,Step Back Bank Jump Shot,3PT Field Goal,1,1,2021,JUMP_SHOTS,1.5
45,Step Back Jump shot,2PT Field Goal,370,167,2021,JUMP_SHOTS,0.45135135135135135
46,Step Back Jump shot,3PT Field Goal,380,136,2021,JUMP_SHOTS,0.5368421052631579
47,Tip Dunk Shot,2PT Field Goal,49,39,2021,DUNKS,0.7959183673469388
48,Tip Layup Shot,2PT Field Goal,358,166,2021,LAYUPS,0.46368715083798884
49,Turnaround Bank Hook Shot,2PT Field Goal,15,6,2021,POST_MOVES,0.4
50,Turnaround Fadeaway Bank Jump Shot,2PT Field Goal,27,20,2021,JUMP_SHOTS,0.7407407407407407
51,Turnaround Fadeaway shot,2PT Field Goal,182,78,2021,JUMP_SHOTS,0.42857142857142855
52,Turnaround Fadeaway shot,3PT Field Goal,2,0,2021,JUMP_SHOTS,0.0
53,Turnaround Hook Shot,2PT Field Goal,169,68,2021,POST_MOVES,0.40236686390532544
54,Turnaround Jump Shot,2PT Field Goal,223,91,2021,JUMP_SHOTS,0.4080717488789238
55,Turnaround Jump Shot,3PT Field Goal,8,2,2021,JUMP_SHOTS,0.375
0,Alley Oop Dunk Shot,2PT Field Goal,143,125,2022,DUNKS,0.8741258741258742
1,Alley Oop Layup shot,2PT Field Goal,85,59,2022,LAYUPS,0.6941176470588235
2,Cutting Dunk Shot,2PT Field Goal,287,262,2022,DUNKS,0.9128919860627178
3,Cutting Finger Roll Layup Shot,2PT Field Goal,56,45,2022,LAYUPS,0.8035714285714286
4,Cutting Layup Shot,2PT Field Goal,478,324,2022,LAYUPS,0.6778242677824268
5,Driving Bank Hook Shot,2PT Field Goal,18,11,2022,POST_MOVES,0.6111111111111112
6,Driving Dunk Shot,2PT Field Goal,160,133,2022,DUNKS,0.83125
7,Driving Finger Roll Layup Shot,2PT Field Goal,435,296,2022,LAYUPS,0.6804597701149425
8,Driving Floating Bank Jump Shot,2PT Field Goal,224,109,2022,SPECIALTY_SHOTS,0.48660714285714285
9,Driving Floating Jump Shot,2PT Field Goal,885,376,2022,SPECIALTY_SHOTS,0.4248587570621469
10,Driving Floating Jump Shot,3PT Field Goal,2,0,2022,SPECIALTY_SHOTS,0.0
11,Driving Hook Shot,2PT Field Goal,98,46,2022,POST_MOVES,0.46938775510204084
12,Driving Layup Shot,2PT Field Goal,1620,774,2022,LAYUPS,0.4777777777777778
13,Driving Reverse Dunk Shot,2PT Field Goal,1,1,2022,DUNKS,1.0
14,Driving Reverse Layup Shot,2PT Field Goal,156,90,2022,LAYUPS,0.5769230769230769
15,Dunk Shot,2PT Field Goal,176,147,2022,DUNKS,0.8352272727272727
16,Fadeaway Jump Shot,2PT Field Goal,388,151,2022,JUMP_SHOTS,0.38917525773195877
17,Fadeaway Jump Shot,3PT Field Goal,34,9,2022,JUMP_SHOTS,0.39705882352941174
18,Finger Roll Layup Shot,2PT Field Goal,47,32,2022,LAYUPS,0.6808510638297872
19,Floating Jump shot,2PT Field Goal,409,192,2022,SPECIALTY_SHOTS,0.46943765281173594
20,Floating Jump shot,3PT Field Goal,2,0,2022,SPECIALTY_SHOTS,0.0
21,Hook Bank Shot,2PT Field Goal,18,14,2022,POST_MOVES,0.7777777777777778
22,Hook Shot,2PT Field Goal,152,68,2022,POST_MOVES,0.4473684210526316
23,Jump Bank Shot,2PT Field Goal,30,14,2022,JUMP_SHOTS,0.4666666666666667
24,Jump Bank Shot,3PT Field Goal,13,8,2022,JUMP_SHOTS,0.9230769230769231
25,Jump Shot,2PT Field Goal,576,225,2022,JUMP_SHOTS,0.390625
26,Jump Shot,3PT Field Goal,5811,2019,2022,JUMP_SHOTS,0.5211667527103768
27,Layup Shot,2PT Field Goal,657,323,2022,LAYUPS,0.4916286149162861
28,Pullup Jump shot,2PT Field Goal,1614,726,2022,JUMP_SHOTS,0.44981412639405205
29,Pullup Jump shot,3PT Field Goal,896,313,2022,JUMP_SHOTS,0.5239955357142857
30,Putback Dunk Shot,2PT Field Goal,52,45,2022,DUNKS,0.8653846153846154
31,Putback Layup Shot,2PT Field Goal,309,200,2022,LAYUPS,0.6472491909385113
32,Reverse Dunk Shot,2PT Field Goal,16,16,2022,DUNKS,1.0
33,Reverse Layup Shot,2PT Field Goal,107,77,2022,LAYUPS,0.719626168224299
34,Running Alley Oop Dunk Shot,2PT Field Goal,33,31,2022,DUNKS,0.9393939393939394
35,Running Alley Oop Layup Shot,2PT Field Goal,9,7,2022,LAYUPS,0.7777777777777778
36,Running Dunk Shot,2PT Field Goal,200,194,2022,DUNKS,0.97
37,Running Finger Roll Layup Shot,2PT Field Goal,124,101,2022,LAYUPS,0.8145161290322581
38,Running Jump Shot,2PT Field Goal,14,8,2022,JUMP_SHOTS,0.5714285714285714
39,Running Jump Shot,3PT Field Goal,256,105,2022,JUMP_SHOTS,0.615234375
40,Running Layup Shot,2PT Field Goal,467,294,2022,LAYUPS,0.6295503211991434
41,Running Pull-Up Jump Shot,2PT Field Goal,34,17,2022,JUMP_SHOTS,0.5
42,Running Pull-Up Jump Shot,3PT Field Goal,120,42,2022,JUMP_SHOTS,0.525
43,Running Reverse Dunk Shot,2PT Field Goal,3,3,2022,DUNKS,1.0
44,Running Reverse Layup Shot,2PT Field Goal,43,30,2022,LAYUPS,0.6976744186046512
45,Step Back Bank Jump Shot,2PT Field Goal,7,3,2022,JUMP_SHOTS,0.42857142857142855
46,Step Back Bank Jump Shot,3PT Field Goal,2,1,2022,JUMP_SHOTS,0.75
47,Step Back Jump shot,2PT Field Goal,340,151,2022,JUMP_SHOTS,0.4441176470588235
48,Step Back Jump shot,3PT Field Goal,426,143,2022,JUMP_SHOTS,0.5035211267605634
49,Tip Dunk Shot,2PT Field Goal,78,68,2022,DUNKS,0.8717948717948718
50,Tip Layup Shot,2PT Field Goal,409,201,2022,LAYUPS,0.49144254278728605
51,Turnaround Bank Hook Shot,2PT Field Goal,14,9,2022,POST_MOVES,0.6428571428571429
52,Turnaround Fadeaway Bank Jump Shot,2PT Field Goal,41,18,2022,JUMP_SHOTS,0.43902439024390244
53,Turnaround Fadeaway shot,2PT Field Goal,248,101,2022,JUMP_SHOTS,0.40725806451612906
54,Turnaround Fadeaway shot,3PT Field Goal,2,0,2022,JUMP_SHOTS,0.0
55,Turnaround Hook Shot,2PT Field Goal,234,120,2022,POST_MOVES,0.5128205128205128
56,Turnaround Jump Shot,2PT Field Goal,270,119,2022,JUMP_SHOTS,0.44074074074074077
57,Turnaround Jump Shot,3PT Field Goal,5,2,2022,JUMP_SHOTS,0.6
0,Alley Oop Dunk Shot,2PT Field Goal,93,84,2023,DUNKS,0.9032258064516129
1,Alley Oop Layup shot,2PT Field Goal,53,31,2023,LAYUPS,0.5849056603773585
2,Cutting Dunk Shot,2PT Field Goal,290,277,2023,DUNKS,0.9551724137931035
3,Cutting Finger Roll Layup Shot,2PT Field Goal,61,53,2023,LAYUPS,0.8688524590163934
4,Cutting Layup Shot,2PT Field Goal,508,351,2023,LAYUPS,0.6909448818897638
5,Driving Bank Hook Shot,2PT Field Goal,36,16,2023,POST_MOVES,0.4444444444444444
6,Driving Dunk Shot,2PT Field Goal,151,121,2023,DUNKS,0.8013245033112583
7,Driving Finger Roll Layup Shot,2PT Field Goal,426,264,2023,LAYUPS,0.6197183098591549
8,Driving Floating Bank Jump Shot,2PT Field Goal,320,170,2023,SPECIALTY_SHOTS,0.53125
9,Driving Floating Bank Jump Shot,3PT Field Goal,1,1,2023,SPECIALTY_SHOTS,1.5
10,Driving Floating Jump Shot,2PT Field Goal,1133,497,2023,SPECIALTY_SHOTS,0.4386584289496911
11,Driving Floating Jump Shot,3PT Field Goal,2,0,2023,SPECIALTY_SHOTS,0.0
12,Driving Hook Shot,2PT Field Goal,146,59,2023,POST_MOVES,0.4041095890410959
13,Driving Layup Shot,2PT Field Goal,1695,880,2023,LAYUPS,0.5191740412979351
14,Driving Reverse Dunk Shot,2PT Field Goal,1,1,2023,DUNKS,1.0
15,Driving Reverse Layup Shot,2PT Field Goal,207,112,2023,LAYUPS,0.5410628019323671
16,Dunk Shot,2PT Field Goal,132,116,2023,DUNKS,0.8787878787878788
17,Fadeaway Bank shot,2PT Field Goal,24,10,2023,JUMP_SHOTS,0.4166666666666667
18,Fadeaway Bank shot,3PT Field Goal,1,1,2023,JUMP_SHOTS,1.5
19,Fadeaway Jump Shot,2PT Field Goal,392,169,2023,JUMP_SHOTS,0.43112244897959184
20,Fadeaway Jump Shot,3PT Field Goal,21,5,2023,JUMP_SHOTS,0.35714285714285715
21,Finger Roll Layup Shot,2PT Field Goal,46,32,2023,LAYUPS,0.6956521739130435
22,Floating Jump shot,2PT Field Goal,433,205,2023,SPECIALTY_SHOTS,0.47344110854503463
23,Floating Jump shot,3PT Field Goal,5,3,2023,SPECIALTY_SHOTS,0.9
24,Hook Bank Shot,2PT Field Goal,18,10,2023,POST_MOVES,0.5555555555555556
25,Hook Shot,2PT Field Goal,190,96,2023,POST_MOVES,0.5052631578947369
26,Jump Bank Shot,2PT Field Goal,17,9,2023,JUMP_SHOTS,0.5294117647058824
27,Jump Bank Shot,3PT Field Goal,13,7,2023,JUMP_SHOTS,0.8076923076923077
28,Jump Shot,2PT Field Goal,538,234,2023,JUMP_SHOTS,0.4349442379182156
29,Jump Shot,3PT Field Goal,4816,1717,2023,JUMP_SHOTS,0.5347799003322259
30,Layup Shot,2PT Field Goal,491,265,2023,LAYUPS,0.539714867617108
31,Pullup Jump shot,2PT Field Goal,1782,788,2023,JUMP_SHOTS,0.44219977553310885
32,Pullup Jump shot,3PT Field Goal,1093,363,2023,JUMP_SHOTS,0.49817017383348583
33,Putback Dunk Shot,2PT Field Goal,51,46,2023,DUNKS,0.9019607843137255
34,Putback Layup Shot,2PT Field Goal,273,188,2023,LAYUPS,0.6886446886446886
35,Reverse Dunk Shot,2PT Field Goal,13,11,2023,DUNKS,0.8461538461538461
36,Reverse Layup Shot,2PT Field Goal,114,71,2023,LAYUPS,0.6228070175438597
37,Running Alley Oop Dunk Shot,2PT Field Goal,31,28,2023,DUNKS,0.9032258064516129
38,Running Alley Oop Layup Shot,2PT Field Goal,19,12,2023,LAYUPS,0.631578947368421
39,Running Dunk Shot,2PT Field Goal,210,200,2023,DUNKS,0.9523809523809523
40,Running Finger Roll Layup Shot,2PT Field Goal,127,94,2023,LAYUPS,0.7401574803149606
41,Running Jump Shot,2PT Field Goal,21,7,2023,JUMP_SHOTS,0.3333333333333333
42,Running Jump Shot,3PT Field Goal,328,113,2023,JUMP_SHOTS,0.5167682926829268
43,Running Layup Shot,2PT Field Goal,697,444,2023,LAYUPS,0.6370157819225251
44,Running Pull-Up Jump Shot,2PT Field Goal,53,29,2023,JUMP_SHOTS,0.5471698113207547
45,Running Pull-Up Jump Shot,3PT Field Goal,216,85,2023,JUMP_SHOTS,0.5902777777777778
46,Running Reverse Dunk Shot,2PT Field Goal,5,5,2023,DUNKS,1.0
47,Running Reverse Layup Shot,2PT Field Goal,51,41,2023,LAYUPS,0.803921568627451
48,Step Back Bank Jump Shot,2PT Field Goal,3,1,2023,JUMP_SHOTS,0.3333333333333333
49,Step Back Bank Jump Shot,3PT Field Goal,1,0,2023,JUMP_SHOTS,0.0
50,Step Back Jump shot,2PT Field Goal,394,176,2023,JUMP_SHOTS,0.4467005076142132
51,Step Back Jump shot,3PT Field Goal,574,202,2023,JUMP_SHOTS,0.5278745644599303
52,Tip Dunk Shot,2PT Field Goal,75,58,2023,DUNKS,0.7733333333333333
53,Tip Layup Shot,2PT Field Goal,400,185,2023,LAYUPS,0.4625
54,Turnaround Bank Hook Shot,2PT Field Goal,20,14,2023,POST_MOVES,0.7
55,Turnaround Bank shot,2PT Field Goal,34,22,2023,JUMP_SHOTS,0.6470588235294118
56,Turnaround Bank shot,3PT Field Goal,2,0,2023,JUMP_SHOTS,0.0
57,Turnaround Fadeaway Bank Jump Shot,2PT Field Goal,6,4,2023,JUMP_SHOTS,0.6666666666666666
58,Turnaround Fadeaway shot,2PT Field Goal,342,145,2023,JUMP_SHOTS,0.4239766081871345
59,Turnaround Fadeaway shot,3PT Field Goal,4,1,2023,JUMP_SHOTS,0.375
60,Turnaround Hook Shot,2PT Field Goal,258,130,2023,POST_MOVES,0.5038759689922481
61,Turnaround Jump Shot,2PT Field Goal,289,131,2023,JUMP_SHOTS,0.4532871972318339
62,Turnaround Jump Shot,3PT Field Goal,5,1,2023,JUMP_SHOTS,0.3
0,Alley Oop Dunk Shot,2PT Field Goal,1621,1444,2024,DUNKS,0.8908081431215299
1,Alley Oop Layup shot,2PT Field Goal,764,482,2024,LAYUPS,0.6308900523560209
2,Cutting Dunk Shot,2PT Field Goal,3017,2759,2024,DUNKS,0.9144845873384156
3,Cutting Finger Roll Layup Shot,2PT Field Goal,705,555,2024,LAYUPS,0.7872340425531915
4,Cutting Layup Shot,2PT Field Goal,5189,3604,2024,LAYUPS,0.6945461553285797
5,Driving Bank Hook Shot,2PT Field Goal,305,156,2024,POST_MOVES,0.5114754098360655
6,Driving Dunk Shot,2PT Field Goal,2100,1695,2024,DUNKS,0.8071428571428572
7,Driving Finger Roll Layup Shot,2PT Field Goal,6143,3884,2024,LAYUPS,0.632264365944978
8,Driving Floating Bank Jump Shot,2PT Field Goal,3297,1674,2024,SPECIALTY_SHOTS,0.5077343039126478
9,Driving Floating Bank Jump Shot,3PT Field Goal,6,2,2024,SPECIALTY_SHOTS,0.5
10,Driving Floating Jump Shot,2PT Field Goal,10985,4723,2024,SPECIALTY_SHOTS,0.42994993172507967
11,Driving Floating Jump Shot,3PT Field Goal,20,2,2024,SPECIALTY_SHOTS,0.15
12,Driving Hook Shot,2PT Field Goal,1586,681,2024,POST_MOVES,0.42938209331651955
13,Driving Layup Shot,2PT Field Goal,19567,9543,2024,LAYUPS,0.4877088976337711
14,Driving Reverse Dunk Shot,2PT Field Goal,39,31,2024,DUNKS,0.7948717948717948
15,Driving Reverse Layup Shot,2PT Field Goal,2345,1359,2024,LAYUPS,0.5795309168443497
16,Dunk Shot,2PT Field Goal,1455,1276,2024,DUNKS,0.8769759450171821
17,Fadeaway Bank shot,2PT Field Goal,212,113,2024,JUMP_SHOTS,0.5330188679245284
18,Fadeaway Bank shot,3PT Field Goal,6,0,2024,JUMP_SHOTS,0.0
19,Fadeaway Jump Shot,2PT Field Goal,4066,1625,2024,JUMP_SHOTS,0.39965568125922285
20,Fadeaway Jump Shot,3PT Field Goal,199,47,2024,JUMP_SHOTS,0.3542713567839196
21,Finger Roll Layup Shot,2PT Field Goal,391,250,2024,LAYUPS,0.639386189258312
22,Floating Jump shot,2PT Field Goal,3951,1823,2024,SPECIALTY_SHOTS,0.4614021766641357
23,Floating Jump shot,3PT Field Goal,89,8,2024,SPECIALTY_SHOTS,0.1348314606741573
24,Hook Bank Shot,2PT Field Goal,135,75,2024,POST_MOVES,0.5555555555555556
25,Hook Shot,2PT Field Goal,1900,880,2024,POST_MOVES,0.4631578947368421
26,Jump Bank Shot,2PT Field Goal,253,163,2024,JUMP_SHOTS,0.6442687747035574
27,Jump Bank Shot,3PT Field Goal,160,71,2024,JUMP_SHOTS,0.665625
28,Jump Shot,2PT Field Goal,4665,2026,2024,JUMP_SHOTS,0.4342979635584137
29,Jump Shot,3PT Field Goal,58648,21810,2024,JUMP_SHOTS,0.557819533487928
30,Layup Shot,2PT Field Goal,5399,2737,2024,LAYUPS,0.5069457306908687
31,Pullup Jump shot,2PT Field Goal,13962,6243,2024,JUMP_SHOTS,0.4471422432316287
32,Pullup Jump shot,3PT Field Goal,11983,4004,2024,JUMP_SHOTS,0.5012100475673872
33,Putback Dunk Shot,2PT Field Goal,494,444,2024,DUNKS,0.8987854251012146
34,Putback Layup Shot,2PT Field Goal,3783,2471,2024,LAYUPS,0.6531853026698388
35,Reverse Dunk Shot,2PT Field Goal,127,115,2024,DUNKS,0.905511811023622
36,Reverse Layup Shot,2PT Field Goal,1253,843,2024,LAYUPS,0.6727853152434158
37,Running Alley Oop Dunk Shot,2PT Field Goal,555,507,2024,DUNKS,0.9135135135135135
38,Running Alley Oop Layup Shot,2PT Field Goal,185,117,2024,LAYUPS,0.6324324324324324
39,Running Dunk Shot,2PT Field Goal,2735,2557,2024,DUNKS,0.9349177330895795
40,Running Finger Roll Layup Shot,2PT Field Goal,1700,1267,2024,LAYUPS,0.7452941176470588
41,Running Jump Shot,2PT Field Goal,244,113,2024,JUMP_SHOTS,0.46311475409836067
42,Running Jump Shot,3PT Field Goal,5522,2182,2024,JUMP_SHOTS,0.5927200289750091
43,Running Layup Shot,2PT Field Goal,7215,4265,2024,LAYUPS,0.5911295911295912
44,Running Pull-Up Jump Shot,2PT Field Goal,561,286,2024,JUMP_SHOTS,0.5098039215686274
45,Running Pull-Up Jump Shot,3PT Field Goal,2375,881,2024,JUMP_SHOTS,0.5564210526315789
46,Running Reverse Dunk Shot,2PT Field Goal,34,33,2024,DUNKS,0.9705882352941176
47,Running Reverse Layup Shot,2PT Field Goal,602,399,2024,LAYUPS,0.6627906976744186
48,Step Back Bank Jump Shot,2PT Field Goal,53,31,2024,JUMP_SHOTS,0.5849056603773585
49,Step Back Bank Jump Shot,3PT Field Goal,29,17,2024,JUMP_SHOTS,0.8793103448275862
50,Step Back Jump shot,2PT Field Goal,3848,1675,2024,JUMP_SHOTS,0.4352910602910603
51,Step Back Jump shot,3PT Field Goal,7181,2526,2024,JUMP_SHOTS,0.527642389639326
52,Tip Dunk Shot,2PT Field Goal,842,734,2024,DUNKS,0.8717339667458432
53,Tip Layup Shot,2PT Field Goal,4690,2273,2024,LAYUPS,0.4846481876332623
54,Turnaround Bank Hook Shot,2PT Field Goal,216,123,2024,POST_MOVES,0.5694444444444444
55,Turnaround Bank shot,2PT Field Goal,357,209,2024,JUMP_SHOTS,0.5854341736694678
56,Turnaround Bank shot,3PT Field Goal,4,4,2024,JUMP_SHOTS,1.5
57,Turnaround Fadeaway Bank Jump Shot,2PT Field Goal,107,61,2024,JUMP_SHOTS,0.5700934579439252
58,Turnaround Fadeaway Bank Jump Shot,3PT Field Goal,2,1,2024,JUMP_SHOTS,0.75
59,Turnaround Fadeaway shot,2PT Field Goal,3469,1496,2024,JUMP_SHOTS,0.43124819832804845
60,Turnaround Fadeaway shot,3PT Field Goal,33,8,2024,JUMP_SHOTS,0.36363636363636365
61,Turnaround Hook Shot,2PT Field Goal,2394,1177,2024,POST_MOVES,0.49164578111946533
62,Turnaround Jump Shot,2PT Field Goal,2830,1163,2024,JUMP_SHOTS,0.4109540636042403
63,Turnaround Jump Shot,3PT Field Goal,98,16,2024,JUMP_SHOTS,0.24489795918367346
0,Alley Oop Dunk Shot,2PT Field Goal,878,794,2025,DUNKS,0.9043280182232346
1,Alley Oop Layup shot,2PT Field Goal,399,250,2025,LAYUPS,0.6265664160401002
2,Cutting Dunk Shot,2PT Field Goal,1540,1393,2025,DUNKS,0.9045454545454545
3,Cutting Finger Roll Layup Shot,2PT Field Goal,366,282,2025,LAYUPS,0.7704918032786885
4,Cutting Layup Shot,2PT Field Goal,2759,1870,2025,LAYUPS,0.6777818050018123
5,Driving Bank Hook Shot,2PT Field Goal,156,80,2025,POST_MOVES,0.5128205128205128
6,Driving Dunk Shot,2PT Field Goal,929,723,2025,DUNKS,0.7782561894510226
7,Driving Finger Roll Layup Shot,2PT Field Goal,2864,1823,2025,LAYUPS,0.6365223463687151
8,Driving Floating Bank Jump Shot,2PT Field Goal,1753,860,2025,SPECIALTY_SHOTS,0.4905875641756988
9,Driving Floating Bank Jump Shot,3PT Field Goal,4,1,2025,SPECIALTY_SHOTS,0.375
10,Driving Floating Jump Shot,2PT Field Goal,5996,2606,2025,SPECIALTY_SHOTS,0.4346230820547031
11,Driving Floating Jump Shot,3PT Field Goal,31,2,2025,SPECIALTY_SHOTS,0.0967741935483871
12,Driving Hook Shot,2PT Field Goal,793,375,2025,POST_MOVES,0.4728877679697352
13,Driving Layup Shot,2PT Field Goal,9046,4255,2025,LAYUPS,0.4703736458103029
14,Driving Reverse Dunk Shot,2PT Field Goal,26,21,2025,DUNKS,0.8076923076923077
15,Driving Reverse Layup Shot,2PT Field Goal,1024,590,2025,LAYUPS,0.576171875
16,Dunk Shot,2PT Field Goal,516,439,2025,DUNKS,0.8507751937984496
17,Fadeaway Bank shot,2PT Field Goal,88,38,2025,JUMP_SHOTS,0.4318181818181818
18,Fadeaway Bank shot,3PT Field Goal,6,1,2025,JUMP_SHOTS,0.25
19,Fadeaway Jump Shot,2PT Field Goal,1758,693,2025,JUMP_SHOTS,0.39419795221843
20,Fadeaway Jump Shot,3PT Field Goal,121,27,2025,JUMP_SHOTS,0.3347107438016529
21,Finger Roll Layup Shot,2PT Field Goal,162,105,2025,LAYUPS,0.6481481481481481
22,Floating Jump shot,2PT Field Goal,1720,812,2025,SPECIALTY_SHOTS,0.4720930232558139
23,Floating Jump shot,3PT Field Goal,37,6,2025,SPECIALTY_SHOTS,0.24324324324324326
24,Hook Bank Shot,2PT Field Goal,71,33,2025,POST_MOVES,0.4647887323943662
25,Hook Shot,2PT Field Goal,659,310,2025,POST_MOVES,0.47040971168437024
26,Jump Bank Shot,2PT Field Goal,115,61,2025,JUMP_SHOTS,0.5304347826086957
27,Jump Bank Shot,3PT Field Goal,101,34,2025,JUMP_SHOTS,0.504950495049505
28,Jump Shot,2PT Field Goal,1801,756,2025,JUMP_SHOTS,0.41976679622431984
29,Jump Shot,3PT Field Goal,28840,10625,2025,JUMP_SHOTS,0.5526178918169209
30,Layup Shot,2PT Field Goal,1853,998,2025,LAYUPS,0.5385860766324878
31,Pullup Jump shot,2PT Field Goal,5564,2372,2025,JUMP_SHOTS,0.4263120057512581
32,Pullup Jump shot,3PT Field Goal,6913,2287,2025,JUMP_SHOTS,0.49623897005641543
33,Putback Dunk Shot,2PT Field Goal,237,218,2025,DUNKS,0.919831223628692
34,Putback Layup Shot,2PT Field Goal,1742,1068,2025,LAYUPS,0.6130884041331802
35,Reverse Dunk Shot,2PT Field Goal,57,51,2025,DUNKS,0.8947368421052632
36,Reverse Layup Shot,2PT Field Goal,496,317,2025,LAYUPS,0.6391129032258065
37,Running Alley Oop Dunk Shot,2PT Field Goal,305,284,2025,DUNKS,0.9311475409836065
38,Running Alley Oop Layup Shot,2PT Field Goal,105,75,2025,LAYUPS,0.7142857142857143
39,Running Dunk Shot,2PT Field Goal,1492,1388,2025,DUNKS,0.9302949061662198
40,Running Finger Roll Layup Shot,2PT Field Goal,850,619,2025,LAYUPS,0.7282352941176471
41,Running Jump Shot,2PT Field Goal,98,41,2025,JUMP_SHOTS,0.41836734693877553
42,Running Jump Shot,3PT Field Goal,3267,1219,2025,JUMP_SHOTS,0.5596877869605142
43,Running Layup Shot,2PT Field Goal,3679,2089,2025,LAYUPS,0.5678173416689318
44,Running Pull-Up Jump Shot,2PT Field Goal,236,121,2025,JUMP_SHOTS,0.5127118644067796
45,Running Pull-Up Jump Shot,3PT Field Goal,1432,513,2025,JUMP_SHOTS,0.5373603351955307
46,Running Reverse Dunk Shot,2PT Field Goal,20,17,2025,DUNKS,0.85
47,Running Reverse Layup Shot,2PT Field Goal,311,216,2025,LAYUPS,0.6945337620578779
48,Step Back Bank Jump Shot,2PT Field Goal,12,8,2025,JUMP_SHOTS,0.6666666666666666
49,Step Back Bank Jump Shot,3PT Field Goal,25,10,2025,JUMP_SHOTS,0.6
50,Step Back Jump shot,2PT Field Goal,1919,811,2025,JUMP_SHOTS,0.4226159458051068
51,Step Back Jump shot,3PT Field Goal,4047,1398,2025,JUMP_SHOTS,0.5181616011860638
52,Tip Dunk Shot,2PT Field Goal,362,302,2025,DUNKS,0.8342541436464088
53,Tip Layup Shot,2PT Field Goal,2261,1082,2025,LAYUPS,0.47854931446262716
54,Turnaround Bank Hook Shot,2PT Field Goal,119,64,2025,POST_MOVES,0.5378151260504201
55,Turnaround Bank shot,2PT Field Goal,125,82,2025,JUMP_SHOTS,0.656
56,Turnaround Fadeaway Bank Jump Shot,2PT Field Goal,54,26,2025,JUMP_SHOTS,0.48148148148148145
57,Turnaround Fadeaway shot,2PT Field Goal,1599,687,2025,JUMP_SHOTS,0.42964352720450283
58,Turnaround Fadeaway shot,3PT Field Goal,15,4,2025,JUMP_SHOTS,0.4
59,Turnaround Hook Shot,2PT Field Goal,1150,561,2025,POST_MOVES,0.48782608695652174
60,Turnaround Jump Shot,2PT Field Goal,1136,482,2025,JUMP_SHOTS,0.4242957746478873
61,Turnaround Jump Shot,3PT Field Goal,40,11,2025,JUMP_SHOTS,0.4125
