GRID_TYPE,GAME_ID,GAME_EVENT_ID,PLAYER_ID,PLAYER_NAME,TEAM_ID,TEAM_NAME,PERIOD,MINUTES_REMAINING,SECONDS_REMAINING,EVENT_TYPE,ACTION_TYPE,SHOT_TYPE,SHOT_ZONE_BASIC,SHOT_ZONE_AREA,SHOT_ZONE_RANGE,SHOT_DISTANCE,LOC_X,LOC_Y,SHOT_ATTEMPTED_FLAG,SHOT_MADE_FLAG,GAME_DATE,HTM,VTM,SHOT_ID,time,extra,PLAYERS_ON,assisted
Shot Chart Detail,22500085,9,1629673,Jordan Poole,1610612740,New Orleans Pelicans,1,11,43,Made Shot,Driving Floating Jump Shot,2PT Field Goal,In The Paint (Non-RA),Center(C),8-16 ft.,9,-28,94,1,1,20251022,MEM,NOP,225000859,170,0,1629627|1629673|1630529|1630530|1642274,0
Shot Chart Detail,22500085,13,1629627,Zion Williamson,1610612740,New Orleans Pelicans,1,11,0,Missed Shot,Step Back Jump shot,2PT Field Goal,In The Paint (Non-RA),Center(C),8-16 ft.,12,-6,129,1,0,20251022,MEM,NOP,2250008513,600,0,1629627|1629673|1630529|1630530|1642274,0
Shot Chart Detail,22500085,20,1629673,Jordan Poole,1610612740,New Orleans Pelicans,1,10,33,Made Shot,Jump Shot,3PT Field Goal,Above the Break 3,Center(C),24+ ft.,28,62,276,1,1,20251022,MEM,NOP,2250008520,870,0,1629627|1629673|1630529|1630530|1642274,1
Shot Chart Detail,22500085,38,1629627,Zion Williamson,1610612740,New Orleans Pelicans,1,9,31,Missed Shot,Driving Layup Shot,2PT Field Goal,In The Paint (Non-RA),Center(C),Less Than 8 ft.,5,-28,48,1,0,20251022,MEM,NOP,2250008538,1490,0,1629627|1629673|1630529|1630530|1642274,0
Shot Chart Detail,22500085,42,1629673,Jordan Poole,1610612740,New Orleans Pelicans,1,9,27,Made Shot,Jump Shot,3PT Field Goal,Above the Break 3,Right Side Center(RC),24+ ft.,30,146,269,1,1,20251022,MEM,NOP,2250008542,1530,0,1629627|1629673|1630529|1630530|1642274,1
Shot Chart Detail,22500085,50,1630529,Herbert Jones,1610612740,New Orleans Pelicans,1,8,48,Made Shot,Step Back Jump shot,3PT Field Goal,Left Corner 3,Left Side(L),24+ ft.,22,-223,2,1,1,20251022,MEM,NOP,2250008550,1920,0,1629627|1629673|1630529|1630530|1642274,1
Shot Chart Detail,22500085,58,1630530,Trey Murphy III,1610612740,New Orleans Pelicans,1,8,14,Made Shot,Pullup Jump shot,2PT Field Goal,Mid-Range,Right Side Center(RC),16-24 ft.,16,54,155,1,1,20251022,MEM,NOP,2250008558,2260,0,1629627|1629673|1630529|1630530|1642274,1
Shot Chart Detail,22500085,62,1629673,Jordan Poole,1610612740,New Orleans Pelicans,1,7,57,Missed Shot,Running Jump Shot,3PT Field Goal,Above the Break 3,Center(C),24+ ft.,27,36,274,1,0,20251022,MEM,NOP,2250008562,2430,0,1629627|1629673|1630529|1630530|1642274,0
Shot Chart Detail,22500085,72,1630529,Herbert Jones,1610612740,New Orleans Pelicans,1,7,7,Made Shot,Jump Shot,3PT Field Goal,Above the Break 3,Left Side Center(LC),24+ ft.,24,-120,211,1,1,20251022,MEM,NOP,2250008572,2930,0,1629673|1630180|1630529|1630530|1642274,1
Shot Chart Detail,22500085,75,1630180,Saddiq Bey,1610612740,New Orleans Pelicans,1,6,35,Missed Shot,Driving Finger Roll Layup Shot,2PT Field Goal,In The Paint (Non-RA),Center(C),Less Than 8 ft.,5,-2,56,1,0,20251022,MEM,NOP,2250008575,3250,0,1629673|1630180|1630529|1630530|1642274,0
Shot Chart Detail,22500085,86,1630529,Herbert Jones,1610612740,New Orleans Pelicans,1,6,12,Missed Shot,Pullup Jump shot,3PT Field Goal,Above the Break 3,Right Side Center(RC),24+ ft.,25,145,211,1,0,20251022,MEM,NOP,2250008586,3480,0,1629673|1630180|1630529|1630530|1642274,0
Shot Chart Detail,22500085,88,1642274,Yves Missi,1610612740,New Orleans Pelicans,1,6,6,Made Shot,Tip Layup Shot,2PT Field Goal,Restricted Area,Center(C),Less Than 8 ft.,0,0,0,1,1,20251022,MEM,NOP,2250008588,3540,0,1629673|1630180|1630529|1630530|1642274,0
Shot Chart Detail,22500085,91,1630530,Trey Murphy III,1610612740,New Orleans Pelicans,1,5,48,Made Shot,Running Layup Shot,2PT Field Goal,Restricted Area,Center(C),Less Than 8 ft.,2,-20,15,1,1,20251022,MEM,NOP,2250008591,3720,0,1629673|1630180|1630529|1630530|1642274,1
Shot Chart Detail,22500085,95,1629673,Jordan Poole,1610612740,New Orleans Pelicans,1,5,28,Made Shot,Driving Floating Jump Shot,2PT Field Goal,Mid-Range,Right Side(R),8-16 ft.,11,99,61,1,1,20251022,MEM,NOP,2250008595,3920,0,1629673|1630180|1630529|1630530|1642274,0
Shot Chart Detail,22500085,98,1630530,Trey Murphy III,1610612740,New Orleans Pelicans,1,4,57,Made Shot,Driving Layup Shot,2PT Field Goal,Restricted Area,Center(C),Less Than 8 ft.,0,-7,1,1,1,20251022,MEM,NOP,2250008598,4230,0,1629673|1630180|1630530|1630621|1641722,0
Shot Chart Detail,22500085,108,1630530,Trey Murphy III,1610612740,New Orleans Pelicans,1,4,20,Missed Shot,Floating Jump shot,3PT Field Goal,Above the Break 3,Right Side Center(RC),24+ ft.,28,179,222,1,0,20251022,MEM,NOP,22500085108,4600,0,1629673|1630180|1630530|1630621|1641722,0
Shot Chart Detail,22500085,123,1642847,Jeremiah Fears,1610612740,New Orleans Pelicans,1,3,30,Made Shot,Fadeaway Jump Shot,2PT Field Goal,In The Paint (Non-RA),Left Side(L),8-16 ft.,9,-48,79,1,1,20251022,MEM,NOP,22500085123,5100,0,1629627|1630180|1630621|1641722|1642847,0
Shot Chart Detail,22500085,129,1629627,Zion Williamson,1610612740,New Orleans Pelicans,1,3,3,Missed Shot,Driving Layup Shot,2PT Field Goal,Restricted Area,Center(C),Less Than 8 ft.,3,-23,32,1,0,20251022,MEM,NOP,22500085129,5370,0,1629627|1630180|1630621|1641722|1642847,0
Shot Chart Detail,22500085,132,1629627,Zion Williamson,1610612740,New Orleans Pelicans,1,2,59,Missed Shot,Driving Layup Shot,2PT Field Goal,Restricted Area,Center(C),Less Than 8 ft.,3,-32,10,1,0,20251022,MEM,NOP,22500085132,5410,0,1629627|1630180|1630621|1641722|1642847,0
Shot Chart Detail,22500085,153,1630621,Hunter Dickinson,1610612740,New Orleans Pelicans,1,2,9,Made Shot,Floating Jump shot,2PT Field Goal,In The Paint (Non-RA),Center(C),8-16 ft.,13,12,130,1,1,20251022,MEM,NOP,22500085153,5910,0,1629627|1630180|1630621|1641722|1642847,1
Shot Chart Detail,22500085,170,1630621,Hunter Dickinson,1610612740,New Orleans Pelicans,1,1,3,Missed Shot,Jump Shot,2PT Field Goal,Mid-Range,Right Side(R),8-16 ft.,12,88,89,1,0,20251022,MEM,NOP,22500085170,6570,0,1629627|1630180|1630621|1641722|1642847,0
Shot Chart Detail,22500085,173,1642847,Jeremiah Fears,1610612740,New Orleans Pelicans,1,0,38,Missed Shot,Driving Reverse Layup Shot,2PT Field Goal,Restricted Area,Center(C),Less Than 8 ft.,1,-13,-10,1,0,20251022,MEM,NOP,22500085173,6820,0,1629627|1630180|1630621|1641722|1642847,0
Shot Chart Detail,22500085,197,1642847,Jeremiah Fears,1610612740,New Orleans Pelicans,2,11,43,Made Shot,Driving Layup Shot,2PT Field Goal,Restricted Area,Center(C),Less Than 8 ft.,2,-16,16,1,1,20251022,MEM,NOP,22500085197,7370,0,1629627|1630529|1641722|1642274|1642847,0
Shot Chart Detail,22500085,204,1642847,Jeremiah Fears,1610612740,New Orleans Pelicans,2,11,7,Missed Shot,Jump Shot,3PT Field Goal,Above the Break 3,Left Side Center(LC),24+ ft.,24,-142,204,1,0,20251022,MEM,NOP,22500085204,7730,0,1629627|1630529|1641722|1642274|1642847,0
Shot Chart Detail,22500085,213,1641722,Jordan Hawkins,1610612740,New Orleans Pelicans,2,10,25,Made Shot,Jump Shot,3PT Field Goal,Above the Break 3,Center(C),24+ ft.,25,47,250,1,1,20251022,MEM,NOP,22500085213,8150,0,1629627|1630529|1641722|1642274|1642847,1
Shot Chart Detail,22500085,216,1642274,Yves Missi,1610612740,New Orleans Pelicans,2,9,47,Missed Shot,Alley Oop Dunk Shot,2PT Field Goal,Restricted Area,Center(C),Less Than 8 ft.,1,9,14,1,0,20251022,MEM,NOP,22500085216,8530,0,1629627|1630529|1641722|1642274|1642847,0
Shot Chart Detail,22500085,224,1642274,Yves Missi,1610612740,New Orleans Pelicans,2,9,22,Made Shot,Driving Finger Roll Layup Shot,2PT Field Goal,Restricted Area,Center(C),Less Than 8 ft.,2,-5,21,1,1,20251022,MEM,NOP,22500085224,8780,0,1629627|1630529|1641722|1642274|1642847,1
Shot Chart Detail,22500085,244,1630529,Herbert Jones,1610612740,New Orleans Pelicans,2,8,33,Missed Shot,Driving Layup Shot,2PT Field Goal,Restricted Area,Center(C),Less Than 8 ft.,3,32,19,1,0,20251022,MEM,NOP,22500085244,9270,0,1630529|1641722|1642274|1642847|1642852,0
Shot Chart Detail,22500085,259,1629673,Jordan Poole,1610612740,New Orleans Pelicans,2,8,9,Made Shot,Step Back Jump shot,3PT Field Goal,Above the Break 3,Center(C),24+ ft.,25,67,243,1,1,20251022,MEM,NOP,22500085259,9510,0,1629673|1630529|1641722|1642274|1642852,0
Shot Chart Detail,22500085,262,1642852,Derik Queen,1610612740,New Orleans Pelicans,2,7,49,Missed Shot,Jump Shot,3PT Field Goal,Left Corner 3,Left Side(L),24+ ft.,22,-225,26,1,0,20251022,MEM,NOP,22500085262,9710,0,1629673|1630529|1641722|1642274|1642852,0
Shot Chart Detail,22500085,269,1629673,Jordan Poole,1610612740,New Orleans Pelicans,2,7,28,Missed Shot,Pullup Jump shot,3PT Field Goal,Above the Break 3,Right Side Center(RC),24+ ft.,25,184,180,1,0,20251022,MEM,NOP,22500085269,9920,0,1629673|1630529|1630530|1642274|1642852,0
Shot Chart Detail,22500085,280,1629673,Jordan Poole,1610612740,New Orleans Pelicans,2,7,3,Missed Shot,Jump Shot,3PT Field Goal,Above the Break 3,Left Side Center(LC),24+ ft.,24,-196,147,1,0,20251022,MEM,NOP,22500085280,10170,0,1629673|1630180|1630530|1642274|1642852,0
Shot Chart Detail,22500085,287,1630530,Trey Murphy III,1610612740,New Orleans Pelicans,2,6,43,Missed Shot,Jump Shot,3PT Field Goal,Above the Break 3,Left Side Center(LC),24+ ft.,25,-103,237,1,0,20251022,MEM,NOP,22500085287,10370,0,1629673|1630180|1630530|1642274|1642852,0
Shot Chart Detail,22500085,289,1630180,Saddiq Bey,1610612740,New Orleans Pelicans,2,6,37,Made Shot,Putback Layup Shot,2PT Field Goal,Restricted Area,Center(C),Less Than 8 ft.,0,0,0,1,1,20251022,MEM,NOP,22500085289,10430,0,1629673|1630180|1630530|1642274|1642852,0
Shot Chart Detail,22500085,301,1630530,Trey Murphy III,1610612740,New Orleans Pelicans,2,5,58,Missed Shot,Running Layup Shot,2PT Field Goal,Restricted Area,Center(C),Less Than 8 ft.,3,-20,29,1,0,20251022,MEM,NOP,22500085301,10820,0,1629673|1630180|1630530|1642274|1642852,0
Shot Chart Detail,22500085,306,1629673,Jordan Poole,1610612740,New Orleans Pelicans,2,5,41,Missed Shot,Driving Layup Shot,2PT Field Goal,Restricted Area,Center(C),Less Than 8 ft.,3,29,25,1,0,20251022,MEM,NOP,22500085306,10990,0,1629673|1630180|1630529|1630530|1642852,0
Shot Chart Detail,22500085,314,1630180,Saddiq Bey,1610612740,New Orleans Pelicans,2,5,36,Made Shot,Turnaround Hook Shot,2PT Field Goal,In The Paint (Non-RA),Center(C),Less Than 8 ft.,5,-1,58,1,1,20251022,MEM,NOP,22500085314,11040,0,1629673|1630180|1630529|1630530|1642852,0
Shot Chart Detail,22500085,341,1630530,Trey Murphy III,1610612740,New Orleans Pelicans,2,4,18,Made Shot,Step Back Jump shot,3PT Field Goal,Above the Break 3,Left Side Center(LC),24+ ft.,24,-83,227,1,1,20251022,MEM,NOP,22500085341,11820,0,1629627|1629673|1630180|1630529|1630530,1
Shot Chart Detail,22500085,345,1630180,Saddiq Bey,1610612740,New Orleans Pelicans,2,3,35,Missed Shot,Jump Shot,3PT Field Goal,Above the Break 3,Center(C),24+ ft.,27,43,269,1,0,20251022,MEM,NOP,22500085345,12250,0,1629627|1629673|1630180|1630529|1630530,0
Shot Chart Detail,22500085,356,1630529,Herbert Jones,1610612740,New Orleans Pelicans,2,3,18,Made Shot,Driving Floating Jump Shot,2PT Field Goal,In The Paint (Non-RA),Center(C),8-16 ft.,8,7,83,1,1,20251022,MEM,NOP,22500085356,12420,0,1629627|1629673|1630180|1630529|1630530,0
Shot Chart Detail,22500085,362,1630180,Saddiq Bey,1610612740,New Orleans Pelicans,2,2,44,Missed Shot,Jump Shot,3PT Field Goal,Right Corner 3,Right Side(R),24+ ft.,23,237,15,1,0,20251022,MEM,NOP,22500085362,12760,0,1629627|1629673|1630180|1630529|1630530,0
Shot Chart Detail,22500085,368,1629627,Zion Williamson,1610612740,New Orleans Pelicans,2,2,24,Made Shot,Driving Layup Shot,2PT Field Goal,Restricted Area,Center(C),Less Than 8 ft.,3,-28,24,1,1,20251022,MEM,NOP,22500085368,12960,0,1629627|1629673|1630180|1630529|1630530,0
Shot Chart Detail,22500085,373,1629627,Zion Williamson,1610612740,New Orleans Pelicans,2,1,59,Missed Shot,Driving Finger Roll Layup Shot,2PT Field Goal,Restricted Area,Center(C),Less Than 8 ft.,3,-32,19,1,0,20251022,MEM,NOP,22500085373,13210,0,1629627|1629673|1630180|1630529|1630530,0
Shot Chart Detail,22500085,379,1629627,Zion Williamson,1610612740,New Orleans Pelicans,2,1,33,Made Shot,Driving Layup Shot,2PT Field Goal,In The Paint (Non-RA),Center(C),Less Than 8 ft.,5,51,21,1,1,20251022,MEM,NOP,22500085379,13470,0,1629627|1629673|1630180|1630529|1630530,1
Shot Chart Detail,22500085,392,1630530,Trey Murphy III,1610612740,New Orleans Pelicans,2,0,51,Missed Shot,Pullup Jump shot,3PT Field Goal,Above the Break 3,Center(C),24+ ft.,25,58,247,1,0,20251022,MEM,NOP,22500085392,13890,0,1629627|1629673|1630180|1630529|1630530,0
Shot Chart Detail,22500085,394,1630530,Trey Murphy III,1610612740,New Orleans Pelicans,2,0,46,Missed Shot,Driving Finger Roll Layup Shot,2PT Field Goal,Restricted Area,Center(C),Less Than 8 ft.,2,-18,19,1,0,20251022,MEM,NOP,22500085394,13940,0,1629627|1629673|1630180|1630529|1630530,0
Shot Chart Detail,22500085,396,1629627,Zion Williamson,1610612740,New Orleans Pelicans,2,0,44,Made Shot,Tip Layup Shot,2PT Field Goal,Restricted Area,Center(C),Less Than 8 ft.,0,0,0,1,1,20251022,MEM,NOP,22500085396,13960,0,1629627|1629673|1630180|1630529|1630530,0
Shot Chart Detail,22500085,399,1630529,Herbert Jones,1610612740,New Orleans Pelicans,2,0,33,Made Shot,Running Finger Roll Layup Shot,2PT Field Goal,Restricted Area,Center(C),Less Than 8 ft.,1,16,0,1,1,20251022,MEM,NOP,22500085399,14070,0,1629627|1629673|1630180|1630529|1630530,0
Shot Chart Detail,22500085,402,1629627,Zion Williamson,1610612740,New Orleans Pelicans,2,0,1,Missed Shot,Driving Layup Shot,2PT Field Goal,Restricted Area,Center(C),Less Than 8 ft.,2,-5,27,1,0,20251022,MEM,NOP,22500085402,14390,0,1629627|1629673|1630180|1630529|1630530,0
Shot Chart Detail,22500085,414,1630529,Herbert Jones,1610612740,New Orleans Pelicans,3,11,43,Missed Shot,Jump Shot,2PT Field Goal,Mid-Range,Left Side Center(LC),16-24 ft.,23,-172,160,1,0,20251022,MEM,NOP,22500085414,14570,0,1629627|1629673|1630529|1630530|1642274,0
Shot Chart Detail,22500085,416,1630530,Trey Murphy III,1610612740,New Orleans Pelicans,3,11,40,Missed Shot,Jump Shot,3PT Field Goal,Above the Break 3,Right Side Center(RC),24+ ft.,25,125,225,1,0,20251022,MEM,NOP,22500085416,14600,0,1629627|1629673|1630529|1630530|1642274,0
Shot Chart Detail,22500085,424,1629627,Zion Williamson,1610612740,New Orleans Pelicans,3,10,50,Made Shot,Running Finger Roll Layup Shot,2PT Field Goal,Restricted Area,Center(C),Less Than 8 ft.,3,-31,22,1,1,20251022,MEM,NOP,22500085424,15100,0,1629627|1629673|1630529|1630530|1642274,0
Shot Chart Detail,22500085,426,1629627,Zion Williamson,1610612740,New Orleans Pelicans,3,10,22,Made Shot,Turnaround Hook Shot,2PT Field Goal,In The Paint (Non-RA),Center(C),Less Than 8 ft.,4,21,43,1,1,20251022,MEM,NOP,22500085426,15380,0,1629627|1629673|1630529|1630530|1642274,0
Shot Chart Detail,22500085,435,1629673,Jordan Poole,1610612740,New Orleans Pelicans,3,9,38,Missed Shot,Pullup Jump shot,3PT Field Goal,Above the Break 3,Right Side Center(RC),24+ ft.,29,169,236,1,0,20251022,MEM,NOP,22500085435,15820,0,1629627|1629673|1630529|1630530|1642274,0
Shot Chart Detail,22500085,446,1630529,Herbert Jones,1610612740,New Orleans Pelicans,3,9,17,Missed Shot,Driving Layup Shot,2PT Field Goal,Restricted Area,Center(C),Less Than 8 ft.,3,31,23,1,0,20251022,MEM,NOP,22500085446,16030,0,1629627|1629673|1630529|1630530|1642274,0
Shot Chart Detail,22500085,449,1630530,Trey Murphy III,1610612740,New Orleans Pelicans,3,9,6,Missed Shot,Driving Layup Shot,2PT Field Goal,In The Paint (Non-RA),Center(C),Less Than 8 ft.,5,-1,50,1,0,20251022,MEM,NOP,22500085449,16140,0,1629627|1629673|1630529|1630530|1642274,0
Shot Chart Detail,22500085,453,1630530,Trey Murphy III,1610612740,New Orleans Pelicans,3,8,37,Missed Shot,Driving Finger Roll Layup Shot,2PT Field Goal,Restricted Area,Center(C),Less Than 8 ft.,3,17,27,1,0,20251022,MEM,NOP,22500085453,16430,0,1629627|1629673|1630529|1630530|1642274,0
Shot Chart Detail,22500085,475,1630529,Herbert Jones,1610612740,New Orleans Pelicans,3,7,41,Made Shot,Jump Shot,3PT Field Goal,Left Corner 3,Left Side(L),24+ ft.,23,-228,62,1,1,20251022,MEM,NOP,22500085475,16990,0,1629627|1629673|1630529|1630530|1642274,1
Shot Chart Detail,22500085,478,1629627,Zion Williamson,1610612740,New Orleans Pelicans,3,7,16,Made Shot,Turnaround Hook Shot,2PT Field Goal,In The Paint (Non-RA),Center(C),8-16 ft.,8,-27,79,1,1,20251022,MEM,NOP,22500085478,17240,0,1629627|1629673|1630529|1630530|1642274,0
Shot Chart Detail,22500085,491,1630529,Herbert Jones,1610612740,New Orleans Pelicans,3,6,38,Missed Shot,Pullup Jump shot,3PT Field Goal,Above the Break 3,Left Side Center(LC),24+ ft.,25,-136,215,1,0,20251022,MEM,NOP,22500085491,17620,0,1629673|1630180|1630529|1630530|1642274,0
Shot Chart Detail,22500085,499,1629673,Jordan Poole,1610612740,New Orleans Pelicans,3,6,7,Missed Shot,Driving Finger Roll Layup Shot,2PT Field Goal,In The Paint (Non-RA),Center(C),Less Than 8 ft.,4,-44,20,1,0,20251022,MEM,NOP,22500085499,17930,0,1629673|1630180|1630529|1630530|1642274,0
Shot Chart Detail,22500085,501,1642274,Yves Missi,1610612740,New Orleans Pelicans,3,6,2,Missed Shot,Putback Layup Shot,2PT Field Goal,Restricted Area,Center(C),Less Than 8 ft.,0,0,0,1,0,20251022,MEM,NOP,22500085501,17980,0,1629673|1630180|1630529|1630530|1642274,0
Shot Chart Detail,22500085,509,1630529,Herbert Jones,1610612740,New Orleans Pelicans,3,5,45,Missed Shot,Driving Layup Shot,2PT Field Goal,In The Paint (Non-RA),Center(C),Less Than 8 ft.,4,34,26,1,0,20251022,MEM,NOP,22500085509,18150,0,1629673|1630180|1630529|1630530|1642852,0
Shot Chart Detail,22500085,517,1629673,Jordan Poole,1610612740,New Orleans Pelicans,3,5,22,Missed Shot,Driving Finger Roll Layup Shot,2PT Field Goal,Restricted Area,Center(C),Less Than 8 ft.,3,26,27,1,0,20251022,MEM,NOP,22500085517,18380,0,1629673|1630180|1630529|1630530|1642852,0
Shot Chart Detail,22500085,525,1629673,Jordan Poole,1610612740,New Orleans Pelicans,3,4,3,Missed Shot,Turnaround Fadeaway shot,2PT Field Goal,Mid-Range,Right Side(R),8-16 ft.,10,100,5,1,0,20251022,MEM,NOP,22500085525,19170,0,1629673|1630180|1630529|1630530|1642852,0
Shot Chart Detail,22500085,527,1642852,Derik Queen,1610612740,New Orleans Pelicans,3,4,0,Missed Shot,Putback Layup Shot,2PT Field Goal,In The Paint (Non-RA),Center(C),Less Than 8 ft.,4,-28,29,1,0,20251022,MEM,NOP,22500085527,19200,0,1629627|1630180|1641722|1642847|1642852,0
Shot Chart Detail,22500085,537,1642852,Derik Queen,1610612740,New Orleans Pelicans,3,3,58,Missed Shot,Jump Shot,2PT Field Goal,Mid-Range,Right Side Center(RC),16-24 ft.,19,125,149,1,0,20251022,MEM,NOP,22500085537,19220,0,1629627|1630180|1641722|1642847|1642852,0
Shot Chart Detail,22500085,561,1629627,Zion Williamson,1610612740,New Orleans Pelicans,3,2,30,Missed Shot,Driving Floating Jump Shot,2PT Field Goal,In The Paint (Non-RA),Center(C),Less Than 8 ft.,6,-40,57,1,0,20251022,MEM,NOP,22500085561,20100,0,1629627|1630180|1641722|1642847|1642852,0
Shot Chart Detail,22500085,564,1630180,Saddiq Bey,1610612740,New Orleans Pelicans,3,2,26,Missed Shot,Layup Shot,2PT Field Goal,In The Paint (Non-RA),Center(C),Less Than 8 ft.,4,10,42,1,0,20251022,MEM,NOP,22500085564,20140,0,1629627|1630180|1641722|1642847|1642852,0
Shot Chart Detail,22500085,567,1642847,Jeremiah Fears,1610612740,New Orleans Pelicans,3,2,18,Made Shot,Driving Finger Roll Layup Shot,2PT Field Goal,Restricted Area,Center(C),Less Than 8 ft.,2,-27,12,1,1,20251022,MEM,NOP,22500085567,20220,0,1629627|1630180|1641722|1642847|1642852,0
Shot Chart Detail,22500085,572,1642852,Derik Queen,1610612740,New Orleans Pelicans,3,1,45,Made Shot,Driving Reverse Layup Shot,2PT Field Goal,Restricted Area,Center(C),Less Than 8 ft.,3,-27,20,1,1,20251022,MEM,NOP,22500085572,20550,0,1629627|1630180|1641722|1642847|1642852,0
Shot Chart Detail,22500085,575,1630180,Saddiq Bey,1610612740,New Orleans Pelicans,3,1,9,Missed Shot,Jump Shot,3PT Field Goal,Left Corner 3,Left Side(L),24+ ft.,23,-225,59,1,0,20251022,MEM,NOP,22500085575,20910,0,1629627|1630180|1641722|1642847|1642852,0
Shot Chart Detail,22500085,579,1642847,Jeremiah Fears,1610612740,New Orleans Pelicans,3,0,58,Made Shot,Running Finger Roll Layup Shot,2PT Field Goal,Restricted Area,Center(C),Less Than 8 ft.,3,-23,32,1,1,20251022,MEM,NOP,22500085579,21020,0,1629627|1630180|1641722|1642847|1642852,1
Shot Chart Detail,22500085,605,1642847,Jeremiah Fears,1610612740,New Orleans Pelicans,3,0,2,Made Shot,Driving Finger Roll Layup Shot,2PT Field Goal,In The Paint (Non-RA),Center(C),Less Than 8 ft.,4,26,34,1,1,20251022,MEM,NOP,22500085605,21580,0,1629627|1630180|1641722|1642847|1642852,0
Shot Chart Detail,22500085,616,1642847,Jeremiah Fears,1610612740,New Orleans Pelicans,4,11,14,Made Shot,Driving Finger Roll Layup Shot,2PT Field Goal,Restricted Area,Center(C),Less Than 8 ft.,2,-17,23,1,1,20251022,MEM,NOP,22500085616,22060,0,1629627|1630529|1641722|1642847|1642852,0
Shot Chart Detail,22500085,619,1642847,Jeremiah Fears,1610612740,New Orleans Pelicans,4,10,44,Missed Shot,Pullup Jump shot,2PT Field Goal,Mid-Range,Left Side Center(LC),16-24 ft.,17,-138,109,1,0,20251022,MEM,NOP,22500085619,22360,0,1629627|1630529|1641722|1642847|1642852,0
Shot Chart Detail,22500085,629,1642847,Jeremiah Fears,1610612740,New Orleans Pelicans,4,9,58,Made Shot,Pullup Jump shot,2PT Field Goal,In The Paint (Non-RA),Left Side(L),8-16 ft.,12,-72,102,1,1,20251022,MEM,NOP,22500085629,22820,0,1629627|1630529|1641722|1642847|1642852,1
Shot Chart Detail,22500085,633,1641722,Jordan Hawkins,1610612740,New Orleans Pelicans,4,9,30,Made Shot,Jump Shot,3PT Field Goal,Above the Break 3,Center(C),24+ ft.,26,-60,256,1,1,20251022,MEM,NOP,22500085633,23100,0,1629627|1630529|1641722|1642847|1642852,1
Shot Chart Detail,22500085,642,1630529,Herbert Jones,1610612740,New Orleans Pelicans,4,8,49,Made Shot,Driving Finger Roll Layup Shot,2PT Field Goal,Restricted Area,Center(C),Less Than 8 ft.,2,20,21,1,1,20251022,MEM,NOP,22500085642,23510,0,1629627|1630529|1641722|1642847|1642852,1
Shot Chart Detail,22500085,666,1630530,Trey Murphy III,1610612740,New Orleans Pelicans,4,7,46,Missed Shot,Running Layup Shot,2PT Field Goal,In The Paint (Non-RA),Center(C),Less Than 8 ft.,5,-47,18,1,0,20251022,MEM,NOP,22500085666,24140,0,1630180|1630529|1630530|1642274|1642847,0
Shot Chart Detail,22500085,671,1630530,Trey Murphy III,1610612740,New Orleans Pelicans,4,7,10,Made Shot,Reverse Layup Shot,2PT Field Goal,Restricted Area,Center(C),Less Than 8 ft.,3,23,21,1,1,20251022,MEM,NOP,22500085671,24500,0,1630180|1630529|1630530|1642274|1642847,1
Shot Chart Detail,22500085,675,1630180,Saddiq Bey,1610612740,New Orleans Pelicans,4,6,47,Made Shot,Turnaround Jump Shot,2PT Field Goal,In The Paint (Non-RA),Center(C),Less Than 8 ft.,6,-43,54,1,1,20251022,MEM,NOP,22500085675,24730,0,1630180|1630529|1630530|1642274|1642847,0
Shot Chart Detail,22500085,687,1630530,Trey Murphy III,1610612740,New Orleans Pelicans,4,6,7,Missed Shot,Pullup Jump shot,3PT Field Goal,Above the Break 3,Center(C),24+ ft.,26,-7,263,1,0,20251022,MEM,NOP,22500085687,25130,0,1629673|1630180|1630529|1630530|1642274,0
Shot Chart Detail,22500085,698,1630180,Saddiq Bey,1610612740,New Orleans Pelicans,4,5,23,Made Shot,Cutting Dunk Shot,2PT Field Goal,Restricted Area,Center(C),Less Than 8 ft.,0,-7,6,1,1,20251022,MEM,NOP,22500085698,25570,0,1629673|1630180|1630529|1630530|1642274,1
Shot Chart Detail,22500085,703,1630180,Saddiq Bey,1610612740,New Orleans Pelicans,4,5,2,Made Shot,Running Jump Shot,3PT Field Goal,Above the Break 3,Left Side Center(LC),24+ ft.,25,-179,185,1,1,20251022,MEM,NOP,22500085703,25780,0,1629673|1630180|1630529|1630530|1642274,1
Shot Chart Detail,22500085,714,1630180,Saddiq Bey,1610612740,New Orleans Pelicans,4,4,33,Missed Shot,Jump Shot,3PT Field Goal,Left Corner 3,Left Side(L),24+ ft.,22,-227,-3,1,0,20251022,MEM,NOP,22500085714,26070,0,1629673|1630180|1630529|1630530|1642274,0
Shot Chart Detail,22500085,721,1629673,Jordan Poole,1610612740,New Orleans Pelicans,4,4,23,Made Shot,Reverse Layup Shot,2PT Field Goal,Restricted Area,Center(C),Less Than 8 ft.,2,21,16,1,1,20251022,MEM,NOP,22500085721,26170,0,1629627|1629673|1630180|1630529|1630530,1
Shot Chart Detail,22500085,724,1630529,Herbert Jones,1610612740,New Orleans Pelicans,4,4,2,Missed Shot,Driving Reverse Layup Shot,2PT Field Goal,Restricted Area,Center(C),Less Than 8 ft.,3,25,21,1,0,20251022,MEM,NOP,22500085724,26380,0,1629627|1629673|1630180|1630529|1630530,0
Shot Chart Detail,22500085,729,1629627,Zion Williamson,1610612740,New Orleans Pelicans,4,3,42,Missed Shot,Driving Layup Shot,2PT Field Goal,Restricted Area,Center(C),Less Than 8 ft.,1,11,16,1,0,20251022,MEM,NOP,22500085729,26580,0,1629627|1629673|1630180|1630529|1630530,0
Shot Chart Detail,22500085,735,1630180,Saddiq Bey,1610612740,New Orleans Pelicans,4,3,12,Missed Shot,Driving Floating Jump Shot,2PT Field Goal,In The Paint (Non-RA),Center(C),Less Than 8 ft.,7,31,64,1,0,20251022,MEM,NOP,22500085735,26880,0,1629627|1629673|1630180|1630529|1630530,0
Shot Chart Detail,22500085,744,1629627,Zion Williamson,1610612740,New Orleans Pelicans,4,2,41,Made Shot,Driving Reverse Layup Shot,2PT Field Goal,Restricted Area,Center(C),Less Than 8 ft.,2,-15,21,1,1,20251022,MEM,NOP,22500085744,27190,0,1629627|1629673|1630180|1630529|1630530,0
Shot Chart Detail,22500085,750,1630529,Herbert Jones,1610612740,New Orleans Pelicans,4,2,8,Missed Shot,Driving Finger Roll Layup Shot,2PT Field Goal,Restricted Area,Center(C),Less Than 8 ft.,3,-15,33,1,0,20251022,MEM,NOP,22500085750,27520,0,1629627|1629673|1630180|1630529|1630530,0
Shot Chart Detail,22500085,754,1629627,Zion Williamson,1610612740,New Orleans Pelicans,4,1,49,Made Shot,Turnaround Hook Shot,2PT Field Goal,In The Paint (Non-RA),Center(C),Less Than 8 ft.,5,17,57,1,1,20251022,MEM,NOP,22500085754,27710,0,1629627|1629673|1630180|1630529|1630530,0
Shot Chart Detail,22500085,768,1629627,Zion Williamson,1610612740,New Orleans Pelicans,4,0,54,Missed Shot,Driving Layup Shot,2PT Field Goal,In The Paint (Non-RA),Center(C),Less Than 8 ft.,4,27,32,1,0,20251022,MEM,NOP,22500085768,28260,0,1629627|1629673|1630180|1630530|1642847,0
Shot Chart Detail,22500085,776,1629627,Zion Williamson,1610612740,New Orleans Pelicans,4,0,25,Missed Shot,Driving Layup Shot,2PT Field Goal,In The Paint (Non-RA),Center(C),Less Than 8 ft.,5,-51,29,1,0,20251022,MEM,NOP,22500085776,28550,0,1629627|1629673|1630180|1630530|1642847,0
Shot Chart Detail,22500085,778,1629627,Zion Williamson,1610612740,New Orleans Pelicans,4,0,24,Made Shot,Tip Layup Shot,2PT Field Goal,Restricted Area,Center(C),Less Than 8 ft.,0,0,0,1,1,20251022,MEM,NOP,22500085778,28560,0,1629627|1629673|1630180|1630530|1642847,0
Shot Chart Detail,22500085,784,1629627,Zion Williamson,1610612740,New Orleans Pelicans,4,0,9,Missed Shot,Driving Layup Shot,2PT Field Goal,In The Paint (Non-RA),Left Side(L),8-16 ft.,8,-64,60,1,0,20251022,MEM,NOP,22500085784,28710,0,1629627|1629673|1630180|1630530|1642847,0
Shot Chart Detail,22500085,786,1629627,Zion Williamson,1610612740,New Orleans Pelicans,4,0,8,Made Shot,Tip Layup Shot,2PT Field Goal,Restricted Area,Center(C),Less Than 8 ft.,0,0,0,1,1,20251022,MEM,NOP,22500085786,28720,0,1629627|1629673|1630180|1630530|1642847,0
Shot Chart Detail,22500095,7,1629627,Zion Williamson,1610612740,New Orleans Pelicans,1,11,44,Made Shot,Driving Dunk Shot,2PT Field Goal,Restricted Area,Center(C),Less Than 8 ft.,0,-1,4,1,1,20251024,NOP,SAS,225000957,160,0,1629627|1629673|1630180|1630529|1630530,0
Shot Chart Detail,22500095,16,1629673,Jordan Poole,1610612740,New Orleans Pelicans,1,11,13,Missed Shot,Jump Shot,3PT Field Goal,Above the Break 3,Left Side Center(LC),24+ ft.,34,-207,274,1,0,20251024,NOP,SAS,2250009516,470,0,1629627|1629673|1630180|1630529|1630530,0
Shot Chart Detail,22500095,20,1629627,Zion Williamson,1610612740,New Orleans Pelicans,1,10,38,Missed Shot,Driving Reverse Layup Shot,2PT Field Goal,Restricted Area,Center(C),Less Than 8 ft.,2,-21,18,1,0,20251024,NOP,SAS,2250009520,820,0,1629627|1629673|1630180|1630529|1630530,0
Shot Chart Detail,22500095,23,1629627,Zion Williamson,1610612740,New Orleans Pelicans,1,10,34,Missed Shot,Putback Layup Shot,2PT Field Goal,Restricted Area,Center(C),Less Than 8 ft.,2,-10,25,1,0,20251024,NOP,SAS,2250009523,860,0,1629627|1629673|1630180|1630529|1630530,0
Shot Chart Detail,22500095,29,1630529,Herbert Jones,1610612740,New Orleans Pelicans,1,10,9,Missed Shot,Jump Shot,3PT Field Goal,Above the Break 3,Left Side Center(LC),24+ ft.,25,-222,123,1,0,20251024,NOP,SAS,2250009529,1110,0,1629627|1629673|1630180|1630529|1630530,0
Shot Chart Detail,22500095,33,1629627,Zion Williamson,1610612740,New Orleans Pelicans,1,9,41,Missed Shot,Cutting Layup Shot,2PT Field Goal,Restricted Area,Center(C),Less Than 8 ft.,2,-20,18,1,0,20251024,NOP,SAS,2250009533,1390,0,1629627|1629673|1630180|1630529|1630530,0
Shot Chart Detail,22500095,43,1629673,Jordan Poole,1610612740,New Orleans Pelicans,1,9,16,Made Shot,Driving Layup Shot,2PT Field Goal,Restricted Area,Center(C),Less Than 8 ft.,1,12,8,1,1,20251024,NOP,SAS,2250009543,1640,0,1629627|1629673|1630180|1630529|1630530,1
Shot Chart Detail,22500095,47,1630530,Trey Murphy III,1610612740,New Orleans Pelicans,1,8,30,Made Shot,Jump Shot,3PT Field Goal,Above the Break 3,Left Side Center(LC),24+ ft.,25,-206,149,1,1,20251024,NOP,SAS,2250009547,2100,0,1629627|1629673|1630180|1630529|1630530,1
Shot Chart Detail,22500095,54,1629627,Zion Williamson,1610612740,New Orleans Pelicans,1,7,37,Made Shot,Layup Shot,2PT Field Goal,Restricted Area,Center(C),Less Than 8 ft.,2,-20,6,1,1,20251024,NOP,SAS,2250009554,2630,0,1629627|1629673|1630180|1630529|1630530,0
Shot Chart Detail,22500095,57,1629627,Zion Williamson,1610612740,New Orleans Pelicans,1,7,14,Missed Shot,Driving Layup Shot,2PT Field Goal,In The Paint (Non-RA),Center(C),Less Than 8 ft.,4,-26,42,1,0,20251024,NOP,SAS,2250009557,2860,0,1629627|1629673|1630180|1630529|1630530,0
Shot Chart Detail,22500095,68,1629673,Jordan Poole,1610612740,New Orleans Pelicans,1,6,45,Missed Shot,Driving Floating Bank Jump Shot,2PT Field Goal,Restricted Area,Center(C),Less Than 8 ft.,2,-26,6,1,0,20251024,NOP,SAS,2250009568,3150,0,1629673|1630180|1630529|1630530|1642852,0
Shot Chart Detail,22500095,72,1629673,Jordan Poole,1610612740,New Orleans Pelicans,1,6,34,Made Shot,Running Finger Roll Layup Shot,2PT Field Goal,Restricted Area,Center(C),Less Than 8 ft.,1,18,4,1,1,20251024,NOP,SAS,2250009572,3260,0,1629673|1630180|1630529|1630530|1642852,1
Shot Chart Detail,22500095,76,1630530,Trey Murphy III,1610612740,New Orleans Pelicans,1,6,0,Made Shot,Pullup Jump shot,2PT Field Goal,In The Paint (Non-RA),Center(C),8-16 ft.,11,30,114,1,1,20251024,NOP,SAS,2250009576,3600,0,1629673|1630180|1630529|1630530|1642852,1
Shot Chart Detail,22500095,83,1642852,Derik Queen,1610612740,New Orleans Pelicans,1,5,1,Made Shot,Cutting Dunk Shot,2PT Field Goal,Restricted Area,Center(C),Less Than 8 ft.,0,4,7,1,1,20251024,NOP,SAS,2250009583,4190,0,1629673|1630180|1630529|1630530|1642852,1
Shot Chart Detail,22500095,98,1642847,Jeremiah Fears,1610612740,New Orleans Pelicans,1,4,31,Made Shot,Driving Floating Jump Shot,2PT Field Goal,In The Paint (Non-RA),Center(C),Less Than 8 ft.,5,-17,53,1,1,20251024,NOP,SAS,2250009598,4490,0,1629673|1630529|1641722|1642847|1642852,0
Shot Chart Detail,22500095,100,1642852,Derik Queen,1610612740,New Orleans Pelicans,1,3,59,Missed Shot,Turnaround Hook Shot,2PT Field Goal,In The Paint (Non-RA),Center(C),Less Than 8 ft.,7,-5,79,1,0,20251024,NOP,SAS,22500095100,4810,0,1629673|1630529|1641722|1642847|1642852,0
Shot Chart Detail,22500095,109,1641722,Jordan Hawkins,1610612740,New Orleans Pelicans,1,3,33,Missed Shot,Pullup Jump shot,2PT Field Goal,Mid-Range,Right Side Center(RC),16-24 ft.,16,107,128,1,0,20251024,NOP,SAS,22500095109,5070,0,1629673|1630529|1641722|1642847|1642852,0
Shot Chart Detail,22500095,114,1629673,Jordan Poole,1610612740,New Orleans Pelicans,1,3,17,Made Shot,Jump Shot,3PT Field Goal,Above the Break 3,Right Side Center(RC),24+ ft.,26,153,211,1,1,20251024,NOP,SAS,22500095114,5230,0,1629673|1630529|1641722|1642847|1642852,0
Shot Chart Detail,22500095,130,1629673,Jordan Poole,1610612740,New Orleans Pelicans,1,2,34,Made Shot,Jump Shot,3PT Field Goal,Above the Break 3,Left Side Center(LC),24+ ft.,26,-103,241,1,1,20251024,NOP,SAS,22500095130,5660,0,1629627|1629673|1641722|1642847|1642852,0
Shot Chart Detail,22500095,133,1629673,Jordan Poole,1610612740,New Orleans Pelicans,1,2,9,Missed Shot,Jump Shot,3PT Field Goal,Above the Break 3,Left Side Center(LC),24+ ft.,25,-148,207,1,0,20251024,NOP,SAS,22500095133,5910,0,1629627|1629673|1641722|1642847|1642852,0
Shot Chart Detail,22500095,138,1641722,Jordan Hawkins,1610612740,New Orleans Pelicans,1,1,39,Missed Shot,Jump Shot,3PT Field Goal,Above the Break 3,Right Side Center(RC),24+ ft.,25,157,205,1,0,20251024,NOP,SAS,22500095138,6210,0,1629627|1629673|1641722|1642847|1642852,0
Shot Chart Detail,22500095,165,1642847,Jeremiah Fears,1610612740,New Orleans Pelicans,1,0,2,Made Shot,Fadeaway Jump Shot,2PT Field Goal,Mid-Range,Right Side(R),8-16 ft.,15,109,110,1,1,20251024,NOP,SAS,22500095165,7180,0,1629627|1629673|1630530|1641722|1642847,1
Shot Chart Detail,22500095,180,1629627,Zion Williamson,1610612740,New Orleans Pelicans,2,11,20,Missed Shot,Layup Shot,2PT Field Goal,In The Paint (Non-RA),Center(C),Less Than 8 ft.,4,-28,31,1,0,20251024,NOP,SAS,22500095180,7600,0,1629627|1630180|1630530|1641722|1642847,0
Shot Chart Detail,22500095,184,1630530,Trey Murphy III,1610612740,New Orleans Pelicans,2,11,10,Missed Shot,Jump Shot,3PT Field Goal,Above the Break 3,Right Side Center(RC),24+ ft.,26,148,222,1,0,20251024,NOP,SAS,22500095184,7700,0,1629627|1630180|1630530|1641722|1642847,0
Shot Chart Detail,22500095,197,1630180,Saddiq Bey,1610612740,New Orleans Pelicans,2,10,19,Made Shot,Jump Shot,3PT Field Goal,Above the Break 3,Left Side Center(LC),24+ ft.,26,-208,167,1,1,20251024,NOP,SAS,22500095197,8210,0,1629627|1630180|1630530|1641722|1642847,1
Shot Chart Detail,22500095,205,1641722,Jordan Hawkins,1610612740,New Orleans Pelicans,2,9,37,Missed Shot,Jump Shot,3PT Field Goal,Above the Break 3,Right Side Center(RC),24+ ft.,25,126,222,1,0,20251024,NOP,SAS,22500095205,8630,0,1629627|1630180|1630530|1641722|1642847,0
Shot Chart Detail,22500095,207,1630530,Trey Murphy III,1610612740,New Orleans Pelicans,2,9,32,Missed Shot,Jump Shot,3PT Field Goal,Above the Break 3,Left Side Center(LC),24+ ft.,25,-109,235,1,0,20251024,NOP,SAS,22500095207,8680,0,1629627|1630180|1630530|1641722|1642847,0
Shot Chart Detail,22500095,209,1630530,Trey Murphy III,1610612740,New Orleans Pelicans,2,9,16,Made Shot,Jump Shot,3PT Field Goal,Above the Break 3,Left Side Center(LC),24+ ft.,27,-163,227,1,1,20251024,NOP,SAS,22500095209,8840,0,1629627|1630180|1630530|1641722|1642847,1
Shot Chart Detail,22500095,214,1630180,Saddiq Bey,1610612740,New Orleans Pelicans,2,8,33,Made Shot,Jump Shot,3PT Field Goal,Above the Break 3,Left Side Center(LC),24+ ft.,29,-123,270,1,1,20251024,NOP,SAS,22500095214,9270,0,1629627|1630180|1630530|1641722|1642847,1
Shot Chart Detail,22500095,233,1642852,Derik Queen,1610612740,New Orleans Pelicans,2,7,33,Missed Shot,Hook Shot,2PT Field Goal,In The Paint (Non-RA),Center(C),Less Than 8 ft.,5,-40,43,1,0,20251024,NOP,SAS,22500095233,9870,0,1630180|1630530|1630631|1641722|1642852,0
Shot Chart Detail,22500095,235,1641722,Jordan Hawkins,1610612740,New Orleans Pelicans,2,7,30,Missed Shot,Jump Shot,3PT Field Goal,Above the Break 3,Right Side Center(RC),24+ ft.,25,186,180,1,0,20251024,NOP,SAS,22500095235,9900,0,1630180|1630530|1630631|1641722|1642852,0
Shot Chart Detail,22500095,249,1642852,Derik Queen,1610612740,New Orleans Pelicans,2,6,53,Made Shot,Cutting Dunk Shot,2PT Field Goal,Restricted Area,Center(C),Less Than 8 ft.,1,0,10,1,1,20251024,NOP,SAS,22500095249,10270,0,1629673|1630529|1630530|1630631|1642852,1
Shot Chart Detail,22500095,264,1629673,Jordan Poole,1610612740,New Orleans Pelicans,2,6,13,Made Shot,Floating Jump shot,2PT Field Goal,In The Paint (Non-RA),Right Side(R),8-16 ft.,13,67,115,1,1,20251024,NOP,SAS,22500095264,10670,0,1629673|1630529|1630530|1630631|1642852,1
Shot Chart Detail,22500095,282,1630529,Herbert Jones,1610612740,New Orleans Pelicans,2,5,22,Missed Shot,Layup Shot,2PT Field Goal,Restricted Area,Center(C),Less Than 8 ft.,2,-15,15,1,0,20251024,NOP,SAS,22500095282,11180,0,1629673|1630180|1630529|1630631|1642852,0
Shot Chart Detail,22500095,285,1630180,Saddiq Bey,1610612740,New Orleans Pelicans,2,5,16,Missed Shot,Pullup Jump shot,2PT Field Goal,Mid-Range,Left Side Center(LC),16-24 ft.,19,-130,142,1,0,20251024,NOP,SAS,22500095285,11240,0,1629673|1630180|1630529|1630631|1642852,0
Shot Chart Detail,22500095,289,1629673,Jordan Poole,1610612740,New Orleans Pelicans,2,4,48,Missed Shot,Fadeaway Jump Shot,2PT Field Goal,Mid-Range,Right Side Center(RC),16-24 ft.,16,55,154,1,0,20251024,NOP,SAS,22500095289,11520,0,1629673|1630180|1630529|1630631|1642852,0
Shot Chart Detail,22500095,301,1629673,Jordan Poole,1610612740,New Orleans Pelicans,2,3,51,Missed Shot,Driving Finger Roll Layup Shot,2PT Field Goal,Restricted Area,Center(C),Less Than 8 ft.,1,12,5,1,0,20251024,NOP,SAS,22500095301,12090,0,1629627|1629673|1630180|1630529|1630530,0
Shot Chart Detail,22500095,307,1630530,Trey Murphy III,1610612740,New Orleans Pelicans,2,3,29,Missed Shot,Jump Shot,3PT Field Goal,Above the Break 3,Center(C),24+ ft.,26,-71,256,1,0,20251024,NOP,SAS,22500095307,12310,0,1629627|1629673|1630180|1630529|1630530,0
Shot Chart Detail,22500095,320,1629627,Zion Williamson,1610612740,New Orleans Pelicans,2,2,50,Made Shot,Running Layup Shot,2PT Field Goal,Restricted Area,Center(C),Less Than 8 ft.,1,-13,1,1,1,20251024,NOP,SAS,22500095320,12700,0,1629627|1629673|1630180|1630530|1642852,0
Shot Chart Detail,22500095,329,1630180,Saddiq Bey,1610612740,New Orleans Pelicans,2,2,16,Made Shot,Jump Shot,3PT Field Goal,Above the Break 3,Right Side Center(RC),24+ ft.,24,223,104,1,1,20251024,NOP,SAS,22500095329,13040,0,1629627|1629673|1630180|1630530|1642852,1
Shot Chart Detail,22500095,333,1629673,Jordan Poole,1610612740,New Orleans Pelicans,2,1,43,Missed Shot,Running Layup Shot,2PT Field Goal,In The Paint (Non-RA),Center(C),Less Than 8 ft.,4,-29,37,1,0,20251024,NOP,SAS,22500095333,13370,0,1629627|1629673|1630180|1630530|1642852,0
Shot Chart Detail,22500095,352,1630530,Trey Murphy III,1610612740,New Orleans Pelicans,2,0,57,Made Shot,Running Dunk Shot,2PT Field Goal,Restricted Area,Center(C),Less Than 8 ft.,0,0,2,1,1,20251024,NOP,SAS,22500095352,13830,0,1629627|1629673|1630180|1630530|1642852,1
Shot Chart Detail,22500095,356,1642852,Derik Queen,1610612740,New Orleans Pelicans,2,0,32,Made Shot,Driving Floating Jump Shot,2PT Field Goal,In The Paint (Non-RA),Center(C),8-16 ft.,8,-20,78,1,1,20251024,NOP,SAS,22500095356,14080,0,1629627|1629673|1630180|1630530|1642852,0
Shot Chart Detail,22500095,387,1630530,Trey Murphy III,1610612740,New Orleans Pelicans,3,11,22,Made Shot,Driving Floating Jump Shot,2PT Field Goal,In The Paint (Non-RA),Right Side(R),8-16 ft.,9,58,78,1,1,20251024,NOP,SAS,22500095387,14780,0,1629627|1629673|1630180|1630529|1630530,1
Shot Chart Detail,22500095,401,1630530,Trey Murphy III,1610612740,New Orleans Pelicans,3,10,2,Missed Shot,Floating Jump shot,2PT Field Goal,In The Paint (Non-RA),Center(C),Less Than 8 ft.,7,7,78,1,0,20251024,NOP,SAS,22500095401,15580,0,1629627|1629673|1630180|1630529|1630530,0
Shot Chart Detail,22500095,405,1630180,Saddiq Bey,1610612740,New Orleans Pelicans,3,9,41,Missed Shot,Layup Shot,2PT Field Goal,In The Paint (Non-RA),Center(C),Less Than 8 ft.,4,31,31,1,0,20251024,NOP,SAS,22500095405,15790,0,1629627|1629673|1630180|1630529|1630530,0
Shot Chart Detail,22500095,411,1630529,Herbert Jones,1610612740,New Orleans Pelicans,3,9,20,Missed Shot,Jump Shot,3PT Field Goal,Above the Break 3,Right Side Center(RC),24+ ft.,24,228,89,1,0,20251024,NOP,SAS,22500095411,16000,0,1629627|1629673|1630180|1630529|1630530,0
Shot Chart Detail,22500095,415,1630180,Saddiq Bey,1610612740,New Orleans Pelicans,3,8,50,Missed Shot,Jump Shot,3PT Field Goal,Left Corner 3,Left Side(L),24+ ft.,22,-223,1,1,0,20251024,NOP,SAS,22500095415,16300,0,1629627|1629673|1630180|1630529|1630530,0
Shot Chart Detail,22500095,417,1629627,Zion Williamson,1610612740,New Orleans Pelicans,3,8,45,Made Shot,Dunk Shot,2PT Field Goal,Restricted Area,Center(C),Less Than 8 ft.,0,4,3,1,1,20251024,NOP,SAS,22500095417,16350,0,1629627|1629673|1630180|1630529|1630530,1
Shot Chart Detail,22500095,421,1629673,Jordan Poole,1610612740,New Orleans Pelicans,3,8,18,Made Shot,Running Jump Shot,3PT Field Goal,Right Corner 3,Right Side(R),24+ ft.,23,232,11,1,1,20251024,NOP,SAS,22500095421,16620,0,1629627|1629673|1630180|1630529|1630530,1
Shot Chart Detail,22500095,428,1630530,Trey Murphy III,1610612740,New Orleans Pelicans,3,7,41,Missed Shot,Jump Shot,3PT Field Goal,Above the Break 3,Left Side Center(LC),24+ ft.,25,-157,204,1,0,20251024,NOP,SAS,22500095428,16990,0,1629627|1629673|1630180|1630529|1630530,0
Shot Chart Detail,22500095,432,1630180,Saddiq Bey,1610612740,New Orleans Pelicans,3,7,13,Missed Shot,Layup Shot,2PT Field Goal,Restricted Area,Center(C),Less Than 8 ft.,2,-25,3,1,0,20251024,NOP,SAS,22500095432,17270,0,1629627|1629673|1630180|1630529|1630530,0
Shot Chart Detail,22500095,545,1630530,Trey Murphy III,1610612740,New Orleans Pelicans,3,7,11,Missed Shot,Cutting Layup Shot,2PT Field Goal,Restricted Area,Center(C),Less Than 8 ft.,1,-9,8,1,0,20251024,NOP,SAS,22500095545,17290,0,1629627|1629673|1630180|1630529|1630530,0
Shot Chart Detail,22500095,444,1629673,Jordan Poole,1610612740,New Orleans Pelicans,3,6,32,Missed Shot,Jump Shot,3PT Field Goal,Above the Break 3,Center(C),24+ ft.,28,20,288,1,0,20251024,NOP,SAS,22500095444,17680,0,1629673|1630180|1630529|1630530|1642852,0
Shot Chart Detail,22500095,458,1642852,Derik Queen,1610612740,New Orleans Pelicans,3,5,52,Made Shot,Turnaround Bank Hook Shot,2PT Field Goal,In The Paint (Non-RA),Right Side(R),8-16 ft.,9,64,68,1,1,20251024,NOP,SAS,22500095458,18080,0,1629673|1630529|1630530|1642847|1642852,0
Shot Chart Detail,22500095,469,1642847,Jeremiah Fears,1610612740,New Orleans Pelicans,3,4,52,Missed Shot,Driving Finger Roll Layup Shot,2PT Field Goal,Restricted Area,Center(C),Less Than 8 ft.,2,23,11,1,0,20251024,NOP,SAS,22500095469,18680,0,1629673|1630529|1630530|1642847|1642852,0
Shot Chart Detail,22500095,471,1642852,Derik Queen,1610612740,New Orleans Pelicans,3,4,49,Made Shot,Tip Layup Shot,2PT Field Goal,Restricted Area,Center(C),Less Than 8 ft.,0,0,0,1,1,20251024,NOP,SAS,22500095471,18710,0,1629673|1630529|1630530|1642847|1642852,0
Shot Chart Detail,22500095,474,1630529,Herbert Jones,1610612740,New Orleans Pelicans,3,4,27,Missed Shot,Alley Oop Layup shot,2PT Field Goal,Restricted Area,Center(C),Less Than 8 ft.,1,17,-7,1,0,20251024,NOP,SAS,22500095474,18930,0,1629673|1630529|1630530|1642847|1642852,0
Shot Chart Detail,22500095,481,1642852,Derik Queen,1610612740,New Orleans Pelicans,3,4,5,Missed Shot,Layup Shot,2PT Field Goal,Restricted Area,Center(C),Less Than 8 ft.,3,-31,4,1,0,20251024,NOP,SAS,22500095481,19150,0,1629673|1630529|1641722|1642847|1642852,0
Shot Chart Detail,22500095,488,1642847,Jeremiah Fears,1610612740,New Orleans Pelicans,3,3,42,Missed Shot,Running Jump Shot,3PT Field Goal,Left Corner 3,Left Side(L),24+ ft.,23,-239,-13,1,0,20251024,NOP,SAS,22500095488,19380,0,1629673|1630529|1641722|1642847|1642852,0
Shot Chart Detail,22500095,490,1641722,Jordan Hawkins,1610612740,New Orleans Pelicans,3,3,38,Made Shot,Putback Layup Shot,2PT Field Goal,Restricted Area,Center(C),Less Than 8 ft.,1,10,1,1,1,20251024,NOP,SAS,22500095490,19420,0,1629673|1630529|1641722|1642847|1642852,0
Shot Chart Detail,22500095,499,1642847,Jeremiah Fears,1610612740,New Orleans Pelicans,3,3,14,Made Shot,Fadeaway Jump Shot,2PT Field Goal,In The Paint (Non-RA),Center(C),8-16 ft.,11,-37,110,1,1,20251024,NOP,SAS,22500095499,19660,0,1629673|1630529|1641722|1642847|1642852,0
Shot Chart Detail,22500095,517,1630530,Trey Murphy III,1610612740,New Orleans Pelicans,3,1,53,Made Shot,Driving Floating Jump Shot,2PT Field Goal,In The Paint (Non-RA),Center(C),8-16 ft.,13,32,135,1,1,20251024,NOP,SAS,22500095517,20470,0,1629627|1630530|1641722|1642847|1642852,0
Shot Chart Detail,22500095,525,1630530,Trey Murphy III,1610612740,New Orleans Pelicans,3,1,14,Missed Shot,Running Pull-Up Jump Shot,3PT Field Goal,Above the Break 3,Right Side Center(RC),24+ ft.,25,150,209,1,0,20251024,NOP,SAS,22500095525,20860,0,1629627|1630530|1641722|1642847|1642852,0
Shot Chart Detail,22500095,542,1641722,Jordan Hawkins,1610612740,New Orleans Pelicans,3,0,15,Made Shot,Running Dunk Shot,2PT Field Goal,Restricted Area,Center(C),Less Than 8 ft.,1,10,5,1,1,20251024,NOP,SAS,22500095542,21450,0,1629627|1630530|1641722|1642847|1642852,1
Shot Chart Detail,22500095,557,1642847,Jeremiah Fears,1610612740,New Orleans Pelicans,4,11,41,Made Shot,Reverse Layup Shot,2PT Field Goal,Restricted Area,Center(C),Less Than 8 ft.,1,15,-7,1,1,20251024,NOP,SAS,22500095557,21790,0,1629627|1630530|1641722|1642847|1642852,1
Shot Chart Detail,22500095,561,1642847,Jeremiah Fears,1610612740,New Orleans Pelicans,4,11,16,Missed Shot,Pullup Jump shot,2PT Field Goal,Mid-Range,Right Side(R),8-16 ft.,15,151,37,1,0,20251024,NOP,SAS,22500095561,22040,0,1629627|1630530|1641722|1642847|1642852,0
Shot Chart Detail,22500095,565,1630530,Trey Murphy III,1610612740,New Orleans Pelicans,4,10,37,Made Shot,Jump Shot,3PT Field Goal,Above the Break 3,Right Side Center(RC),24+ ft.,26,102,247,1,1,20251024,NOP,SAS,22500095565,22430,0,1629627|1630530|1641722|1642847|1642852,1
Shot Chart Detail,22500095,581,1630530,Trey Murphy III,1610612740,New Orleans Pelicans,4,9,18,Missed Shot,Driving Floating Bank Jump Shot,2PT Field Goal,In The Paint (Non-RA),Center(C),Less Than 8 ft.,5,-43,27,1,0,20251024,NOP,SAS,22500095581,23220,0,1629627|1630530|1641722|1642847|1642852,0
Shot Chart Detail,22500095,583,1629627,Zion Williamson,1610612740,New Orleans Pelicans,4,9,14,Made Shot,Putback Dunk Shot,2PT Field Goal,Restricted Area,Center(C),Less Than 8 ft.,0,0,0,1,1,20251024,NOP,SAS,22500095583,23260,0,1629627|1630530|1641722|1642847|1642852,0
Shot Chart Detail,22500095,586,1641722,Jordan Hawkins,1610612740,New Orleans Pelicans,4,8,53,Made Shot,Jump Shot,3PT Field Goal,Right Corner 3,Right Side(R),24+ ft.,23,234,0,1,1,20251024,NOP,SAS,22500095586,23470,0,1629627|1630530|1641722|1642847|1642852,1
Shot Chart Detail,22500095,603,1629627,Zion Williamson,1610612740,New Orleans Pelicans,4,7,37,Missed Shot,Driving Layup Shot,2PT Field Goal,Restricted Area,Center(C),Less Than 8 ft.,3,-26,18,1,0,20251024,NOP,SAS,22500095603,24230,0,1629627|1629673|1630530|1642847|1642852,0
Shot Chart Detail,22500095,613,1629673,Jordan Poole,1610612740,New Orleans Pelicans,4,6,41,Missed Shot,Driving Floating Jump Shot,2PT Field Goal,In The Paint (Non-RA),Center(C),8-16 ft.,13,-40,124,1,0,20251024,NOP,SAS,22500095613,24790,0,1629673|1630180|1630529|1630530|1642852,0
Shot Chart Detail,22500095,621,1630529,Herbert Jones,1610612740,New Orleans Pelicans,4,6,23,Missed Shot,Jump Shot,3PT Field Goal,Above the Break 3,Right Side Center(RC),24+ ft.,25,123,221,1,0,20251024,NOP,SAS,22500095621,24970,0,1629673|1630180|1630529|1630530|1642847,0
Shot Chart Detail,22500095,628,1630529,Herbert Jones,1610612740,New Orleans Pelicans,4,5,44,Missed Shot,Jump Shot,3PT Field Goal,Above the Break 3,Right Side Center(RC),24+ ft.,25,126,224,1,0,20251024,NOP,SAS,22500095628,25360,0,1629673|1630180|1630529|1630530|1642847,0
Shot Chart Detail,22500095,636,1630529,Herbert Jones,1610612740,New Orleans Pelicans,4,5,7,Missed Shot,Cutting Layup Shot,2PT Field Goal,Restricted Area,Center(C),Less Than 8 ft.,2,20,-5,1,0,20251024,NOP,SAS,22500095636,25730,0,1629673|1630180|1630529|1630530|1642852,0
Shot Chart Detail,22500095,641,1642852,Derik Queen,1610612740,New Orleans Pelicans,4,4,50,Made Shot,Cutting Layup Shot,2PT Field Goal,Restricted Area,Center(C),Less Than 8 ft.,1,18,3,1,1,20251024,NOP,SAS,22500095641,25900,0,1629673|1630180|1630529|1630530|1642852,1
Shot Chart Detail,22500095,644,1629673,Jordan Poole,1610612740,New Orleans Pelicans,4,4,17,Missed Shot,Running Pull-Up Jump Shot,3PT Field Goal,Above the Break 3,Left Side Center(LC),24+ ft.,27,-167,213,1,0,20251024,NOP,SAS,22500095644,26230,0,1629673|1630180|1630529|1630530|1642852,0
Shot Chart Detail,22500095,650,1630530,Trey Murphy III,1610612740,New Orleans Pelicans,4,3,55,Made Shot,Driving Floating Bank Jump Shot,2PT Field Goal,Mid-Range,Right Side(R),8-16 ft.,13,114,73,1,1,20251024,NOP,SAS,22500095650,26450,0,1629673|1630180|1630529|1630530|1642852,0
Shot Chart Detail,22500095,668,1642852,Derik Queen,1610612740,New Orleans Pelicans,4,2,58,Missed Shot,Jump Shot,3PT Field Goal,Above the Break 3,Right Side Center(RC),24+ ft.,26,190,180,1,0,20251024,NOP,SAS,22500095668,27020,0,1629627|1629673|1630530|1642847|1642852,0
Shot Chart Detail,22500095,681,1642852,Derik Queen,1610612740,New Orleans Pelicans,4,2,12,Missed Shot,Hook Shot,2PT Field Goal,In The Paint (Non-RA),Center(C),8-16 ft.,8,-11,87,1,0,20251024,NOP,SAS,22500095681,27480,0,1629627|1629673|1630530|1642847|1642852,0
Shot Chart Detail,22500095,695,1629673,Jordan Poole,1610612740,New Orleans Pelicans,4,1,26,Made Shot,Running Jump Shot,2PT Field Goal,In The Paint (Non-RA),Center(C),Less Than 8 ft.,5,-25,45,1,1,20251024,NOP,SAS,22500095695,27940,0,1629627|1629673|1630530|1642847|1642852,0
Shot Chart Detail,22500095,701,1629627,Zion Williamson,1610612740,New Orleans Pelicans,4,1,10,Missed Shot,Running Layup Shot,2PT Field Goal,Restricted Area,Center(C),Less Than 8 ft.,1,-12,5,1,0,20251024,NOP,SAS,22500095701,28100,0,1629627|1629673|1630530|1642847|1642852,0
Shot Chart Detail,22500095,704,1629673,Jordan Poole,1610612740,New Orleans Pelicans,4,1,8,Missed Shot,Tip Layup Shot,2PT Field Goal,Restricted Area,Center(C),Less Than 8 ft.,1,12,0,1,0,20251024,NOP,SAS,22500095704,28120,0,1629627|1629673|1630530|1642847|1642852,0
Shot Chart Detail,22500095,699,1630530,Trey Murphy III,1610612740,New Orleans Pelicans,4,1,7,Made Shot,Tip Dunk Shot,2PT Field Goal,Restricted Area,Center(C),Less Than 8 ft.,0,6,4,1,1,20251024,NOP,SAS,22500095699,28130,0,1629627|1629673|1630530|1642847|1642852,0
Shot Chart Detail,22500095,703,1629627,Zion Williamson,1610612740,New Orleans Pelicans,4,0,32,Made Shot,Pullup Jump shot,2PT Field Goal,In The Paint (Non-RA),Center(C),8-16 ft.,9,37,92,1,1,20251024,NOP,SAS,22500095703,28480,0,1629627|1629673|1630530|1642847|1642852,0
Shot Chart Detail,22500095,743,1630530,Trey Murphy III,1610612740,New Orleans Pelicans,5,4,23,Missed Shot,Floating Jump shot,2PT Field Goal,In The Paint (Non-RA),Center(C),8-16 ft.,10,5,108,1,0,20251024,NOP,SAS,22500095743,29170,1,1629627|1629673|1630530|1642847|1642852,0
Shot Chart Detail,22500095,756,1629627,Zion Williamson,1610612740,New Orleans Pelicans,5,3,45,Missed Shot,Driving Layup Shot,2PT Field Goal,Restricted Area,Center(C),Less Than 8 ft.,2,-16,16,1,0,20251024,NOP,SAS,22500095756,29550,1,1629627|1629673|1630530|1642847|1642852,0
Shot Chart Detail,22500095,766,1629627,Zion Williamson,1610612740,New Orleans Pelicans,5,3,14,Made Shot,Cutting Layup Shot,2PT Field Goal,Restricted Area,Center(C),Less Than 8 ft.,1,-12,-6,1,1,20251024,NOP,SAS,22500095766,29860,1,1629627|1629673|1630530|1642847|1642852,1
Shot Chart Detail,22500095,770,1629627,Zion Williamson,1610612740,New Orleans Pelicans,5,2,37,Missed Shot,Layup Shot,2PT Field Goal,In The Paint (Non-RA),Center(C),Less Than 8 ft.,5,9,51,1,0,20251024,NOP,SAS,22500095770,30230,1,1629627|1629673|1630530|1642847|1642852,1
Shot Chart Detail,22500095,774,1629673,Jordan Poole,1610612740,New Orleans Pelicans,5,2,35,Missed Shot,Jump Shot,3PT Field Goal,Left Corner 3,Left Side(L),24+ ft.,22,-228,-1,1,0,20251024,NOP,SAS,22500095774,30250,1,1629627|1629673|1630530|1642847|1642852,0
Shot Chart Detail,22500095,779,1629627,Zion Williamson,1610612740,New Orleans Pelicans,5,2,4,Missed Shot,Pullup Jump shot,2PT Field Goal,In The Paint (Non-RA),Center(C),8-16 ft.,12,-27,125,1,0,20251024,NOP,SAS,22500095779,30560,1,1629627|1629673|1630530|1642847|1642852,0
Shot Chart Detail,22500095,781,1629673,Jordan Poole,1610612740,New Orleans Pelicans,5,1,58,Missed Shot,Jump Shot,3PT Field Goal,Above the Break 3,Right Side Center(RC),24+ ft.,25,185,176,1,0,20251024,NOP,SAS,22500095781,30620,1,1629627|1629673|1630530|1642847|1642852,0
Shot Chart Detail,22500095,791,1630529,Herbert Jones,1610612740,New Orleans Pelicans,5,1,15,Missed Shot,Jump Shot,3PT Field Goal,Above the Break 3,Left Side Center(LC),24+ ft.,24,-170,176,1,0,20251024,NOP,SAS,22500095791,31050,1,1629627|1629673|1630529|1630530|1642847,0
Shot Chart Detail,22500095,795,1629627,Zion Williamson,1610612740,New Orleans Pelicans,5,1,4,Made Shot,Driving Layup Shot,2PT Field Goal,Restricted Area,Center(C),Less Than 8 ft.,1,-10,-2,1,1,20251024,NOP,SAS,22500095795,31160,1,1629627|1629673|1630529|1630530|1642847,1
Shot Chart Detail,22500095,806,1629673,Jordan Poole,1610612740,New Orleans Pelicans,5,0,13,Made Shot,Driving Layup Shot,2PT Field Goal,Restricted Area,Center(C),Less Than 8 ft.,1,-12,-5,1,1,20251024,NOP,SAS,22500095806,31670,1,1629627|1629673|1630529|1630530|1642847,0
Shot Chart Detail,22500095,811,1642847,Jeremiah Fears,1610612740,New Orleans Pelicans,5,0,3,Made Shot,Driving Layup Shot,2PT Field Goal,Restricted Area,Center(C),Less Than 8 ft.,1,13,3,1,1,20251024,NOP,SAS,22500095811,31770,1,1629627|1629673|1630529|1630530|1642847,1
Shot Chart Detail,22500117,9,1629673,Jordan Poole,1610612740,New Orleans Pelicans,1,11,39,Made Shot,Jump Shot,3PT Field Goal,Above the Break 3,Right Side Center(RC),24+ ft.,25,134,222,1,1,20251027,NOP,BOS,225001179,210,0,1629673|1630529|1630530|1642274|1642847,1
Shot Chart Detail,22500117,13,1642847,Jeremiah Fears,1610612740,New Orleans Pelicans,1,10,47,Missed Shot,Driving Floating Jump Shot,2PT Field Goal,Mid-Range,Right Side(R),8-16 ft.,9,97,6,1,0,20251027,NOP,BOS,2250011713,730,0,1629673|1630529|1630530|1642274|1642847,0
Shot Chart Detail,22500117,16,1642847,Jeremiah Fears,1610612740,New Orleans Pelicans,1,10,39,Missed Shot,Driving Floating Bank Jump Shot,2PT Field Goal,Restricted Area,Center(C),Less Than 8 ft.,3,34,12,1,0,20251027,NOP,BOS,2250011716,810,0,1629673|1630529|1630530|1642274|1642847,0
Shot Chart Detail,22500117,20,1642274,Yves Missi,1610612740,New Orleans Pelicans,1,10,15,Missed Shot,Layup Shot,2PT Field Goal,In The Paint (Non-RA),Center(C),Less Than 8 ft.,4,34,23,1,0,20251027,NOP,BOS,2250011720,1050,0,1629673|1630529|1630530|1642274|1642847,0
Shot Chart Detail,22500117,25,1642847,Jeremiah Fears,1610612740,New Orleans Pelicans,1,9,38,Missed Shot,Jump Shot,3PT Field Goal,Above the Break 3,Center(C),24+ ft.,27,-15,278,1,0,20251027,NOP,BOS,2250011725,1420,0,1629673|1630529|1630530|1642274|1642847,0
Shot Chart Detail,22500117,34,1630529,Herbert Jones,1610612740,New Orleans Pelicans,1,8,33,Made Shot,Reverse Layup Shot,2PT Field Goal,Restricted Area,Center(C),Less Than 8 ft.,1,12,-1,1,1,20251027,NOP,BOS,2250011734,2070,0,1629673|1630529|1630530|1642274|1642847,1
Shot Chart Detail,22500117,38,1629673,Jordan Poole,1610612740,New Orleans Pelicans,1,8,15,Missed Shot,Running Pull-Up Jump Shot,3PT Field Goal,Above the Break 3,Right Side Center(RC),24+ ft.,28,136,247,1,0,20251027,NOP,BOS,2250011738,2250,0,1629673|1630529|1630530|1642274|1642847,0
Shot Chart Detail,22500117,50,1629673,Jordan Poole,1610612740,New Orleans Pelicans,1,7,31,Missed Shot,Finger Roll Layup Shot,2PT Field Goal,Restricted Area,Center(C),Less Than 8 ft.,2,22,-4,1,0,20251027,NOP,BOS,2250011750,2690,0,1629673|1630529|1630530|1642274|1642847,0
Shot Chart Detail,22500117,54,1630530,Trey Murphy III,1610612740,New Orleans Pelicans,1,7,13,Missed Shot,Pullup Jump shot,3PT Field Goal,Above the Break 3,Center(C),24+ ft.,25,12,257,1,0,20251027,NOP,BOS,2250011754,2870,0,1629673|1630529|1630530|1642274|1642847,0
Shot Chart Detail,22500117,68,1642274,Yves Missi,1610612740,New Orleans Pelicans,1,6,49,Made Shot,Cutting Dunk Shot,2PT Field Goal,Restricted Area,Center(C),Less Than 8 ft.,1,-1,10,1,1,20251027,NOP,BOS,2250011768,3110,0,1629673|1630180|1630529|1642274|1642847,1
Shot Chart Detail,22500117,78,1630631,Jose Alvarado,1610612740,New Orleans Pelicans,1,6,3,Made Shot,Driving Floating Jump Shot,2PT Field Goal,In The Paint (Non-RA),Center(C),Less Than 8 ft.,6,16,62,1,1,20251027,NOP,BOS,2250011778,3570,0,1629673|1630180|1630529|1630631|1642274,0
Shot Chart Detail,22500117,81,1630529,Herbert Jones,1610612740,New Orleans Pelicans,1,5,39,Missed Shot,Driving Layup Shot,2PT Field Goal,Restricted Area,Center(C),Less Than 8 ft.,2,-18,15,1,0,20251027,NOP,BOS,2250011781,3810,0,1629673|1630180|1630529|1630631|1642274,0
Shot Chart Detail,22500117,89,1630631,Jose Alvarado,1610612740,New Orleans Pelicans,1,5,19,Missed Shot,Driving Floating Jump Shot,2PT Field Goal,In The Paint (Non-RA),Center(C),Less Than 8 ft.,7,37,63,1,0,20251027,NOP,BOS,2250011789,4010,0,1629673|1630180|1630529|1630631|1642852,0
Shot Chart Detail,22500117,92,1630180,Saddiq Bey,1610612740,New Orleans Pelicans,1,5,4,Missed Shot,Driving Finger Roll Layup Shot,2PT Field Goal,Restricted Area,Center(C),Less Than 8 ft.,2,-27,8,1,0,20251027,NOP,BOS,2250011792,4160,0,1629673|1630180|1630529|1630631|1642852,0
Shot Chart Detail,22500117,101,1630529,Herbert Jones,1610612740,New Orleans Pelicans,1,4,43,Made Shot,Jump Shot,3PT Field Goal,Left Corner 3,Left Side(L),24+ ft.,23,-230,-9,1,1,20251027,NOP,BOS,22500117101,4370,0,1629673|1630180|1630529|1630631|1642852,1
Shot Chart Detail,22500117,119,1630530,Trey Murphy III,1610612740,New Orleans Pelicans,1,3,42,Missed Shot,Driving Layup Shot,2PT Field Goal,Restricted Area,Center(C),Less Than 8 ft.,2,-22,11,1,0,20251027,NOP,BOS,22500117119,4980,0,1629673|1630180|1630530|1630631|1642852,0
Shot Chart Detail,22500117,132,1630530,Trey Murphy III,1610612740,New Orleans Pelicans,1,3,15,Made Shot,Running Dunk Shot,2PT Field Goal,Restricted Area,Center(C),Less Than 8 ft.,0,5,4,1,1,20251027,NOP,BOS,22500117132,5250,0,1629673|1630180|1630530|1630631|1642852,0
Shot Chart Detail,22500117,136,1630180,Saddiq Bey,1610612740,New Orleans Pelicans,1,2,53,Made Shot,Running Dunk Shot,2PT Field Goal,Restricted Area,Center(C),Less Than 8 ft.,1,6,8,1,1,20251027,NOP,BOS,22500117136,5470,0,1629673|1630180|1630530|1630631|1642852,0
Shot Chart Detail,22500117,157,1630631,Jose Alvarado,1610612740,New Orleans Pelicans,1,1,18,Missed Shot,Jump Shot,3PT Field Goal,Right Corner 3,Right Side(R),24+ ft.,22,227,-10,1,0,20251027,NOP,BOS,22500117157,6420,0,1629673|1630180|1630530|1630631|1642852,0
Shot Chart Detail,22500117,167,1642852,Derik Queen,1610612740,New Orleans Pelicans,1,0,15,Made Shot,Cutting Layup Shot,2PT Field Goal,Restricted Area,Center(C),Less Than 8 ft.,3,17,29,1,1,20251027,NOP,BOS,22500117167,7050,0,1630180|1630530|1630631|1641722|1642852,1
Shot Chart Detail,22500117,183,201599,DeAndre Jordan,1610612740,New Orleans Pelicans,2,11,46,Made Shot,Dunk Shot,2PT Field Goal,Restricted Area,Center(C),Less Than 8 ft.,0,2,7,1,1,20251027,NOP,BOS,22500117183,7340,0,201599|1630530|1641722|1642847|1642852,1
Shot Chart Detail,22500117,194,1641722,Jordan Hawkins,1610612740,New Orleans Pelicans,2,10,49,Missed Shot,Jump Shot,3PT Field Goal,Above the Break 3,Right Side Center(RC),24+ ft.,25,148,207,1,0,20251027,NOP,BOS,22500117194,7910,0,201599|1630530|1641722|1642847|1642852,0
Shot Chart Detail,22500117,202,1642847,Jeremiah Fears,1610612740,New Orleans Pelicans,2,10,13,Made Shot,Fadeaway Jump Shot,2PT Field Goal,In The Paint (Non-RA),Right Side(R),8-16 ft.,10,53,91,1,1,20251027,NOP,BOS,22500117202,8270,0,201599|1630530|1641722|1642847|1642852,1
Shot Chart Detail,22500117,209,1642847,Jeremiah Fears,1610612740,New Orleans Pelicans,2,9,42,Missed Shot,Driving Floating Bank Jump Shot,2PT Field Goal,Mid-Range,Left Side(L),8-16 ft.,10,-86,55,1,0,20251027,NOP,BOS,22500117209,8580,0,201599|1630530|1641722|1642847|1642852,0
Shot Chart Detail,22500117,220,1630530,Trey Murphy III,1610612740,New Orleans Pelicans,2,9,18,Missed Shot,Jump Shot,3PT Field Goal,Right Corner 3,Right Side(R),24+ ft.,24,227,80,1,0,20251027,NOP,BOS,22500117220,8820,0,201599|1630530|1641722|1642847|1642852,0
Shot Chart Detail,22500117,224,201599,DeAndre Jordan,1610612740,New Orleans Pelicans,2,9,0,Made Shot,Cutting Dunk Shot,2PT Field Goal,Restricted Area,Center(C),Less Than 8 ft.,0,-5,5,1,1,20251027,NOP,BOS,22500117224,9000,0,201599|1630530|1641722|1642847|1642852,1
Shot Chart Detail,22500117,235,1630530,Trey Murphy III,1610612740,New Orleans Pelicans,2,8,18,Missed Shot,Floating Jump shot,2PT Field Goal,In The Paint (Non-RA),Center(C),8-16 ft.,14,-57,134,1,0,20251027,NOP,BOS,22500117235,9420,0,201599|1630530|1641722|1642274|1642847,0
Shot Chart Detail,22500117,239,1630530,Trey Murphy III,1610612740,New Orleans Pelicans,2,8,0,Missed Shot,Pullup Jump shot,3PT Field Goal,Above the Break 3,Left Side Center(LC),24+ ft.,25,-169,196,1,0,20251027,NOP,BOS,22500117239,9600,0,201599|1630530|1641722|1642274|1642847,0
Shot Chart Detail,22500117,259,1642847,Jeremiah Fears,1610612740,New Orleans Pelicans,2,7,3,Missed Shot,Finger Roll Layup Shot,2PT Field Goal,In The Paint (Non-RA),Center(C),Less Than 8 ft.,4,44,17,1,0,20251027,NOP,BOS,22500117259,10170,0,201599|1629673|1630180|1630529|1642847,0
Shot Chart Detail,22500117,261,201599,DeAndre Jordan,1610612740,New Orleans Pelicans,2,7,2,Made Shot,Tip Layup Shot,2PT Field Goal,Restricted Area,Center(C),Less Than 8 ft.,0,0,0,1,1,20251027,NOP,BOS,22500117261,10180,0,201599|1629673|1630180|1630529|1642847,0
Shot Chart Detail,22500117,282,1629673,Jordan Poole,1610612740,New Orleans Pelicans,2,6,4,Missed Shot,Pullup Jump shot,3PT Field Goal,Above the Break 3,Left Side Center(LC),24+ ft.,27,-138,233,1,0,20251027,NOP,BOS,22500117282,10760,0,201599|1629673|1630180|1630529|1642847,0
Shot Chart Detail,22500117,290,1630180,Saddiq Bey,1610612740,New Orleans Pelicans,2,5,11,Missed Shot,Jump Shot,3PT Field Goal,Left Corner 3,Left Side(L),24+ ft.,24,-237,50,1,0,20251027,NOP,BOS,22500117290,11290,0,201599|1629673|1630180|1630529|1642847,0
Shot Chart Detail,22500117,301,1629673,Jordan Poole,1610612740,New Orleans Pelicans,2,4,52,Missed Shot,Jump Shot,3PT Field Goal,Above the Break 3,Right Side Center(RC),24+ ft.,26,153,220,1,0,20251027,NOP,BOS,22500117301,11480,0,1629673|1630180|1630529|1630631|1642274,0
Shot Chart Detail,22500117,309,1630180,Saddiq Bey,1610612740,New Orleans Pelicans,2,4,0,Missed Shot,Jump Shot,3PT Field Goal,Above the Break 3,Left Side Center(LC),24+ ft.,26,-163,204,1,0,20251027,NOP,BOS,22500117309,12000,0,1629673|1630180|1630529|1630631|1642274,0
Shot Chart Detail,22500117,324,1630631,Jose Alvarado,1610612740,New Orleans Pelicans,2,3,32,Made Shot,Running Pull-Up Jump Shot,3PT Field Goal,Above the Break 3,Center(C),24+ ft.,25,-50,251,1,1,20251027,NOP,BOS,22500117324,12280,0,1629673|1630529|1630530|1630631|1642274,0
Shot Chart Detail,22500117,327,1630631,Jose Alvarado,1610612740,New Orleans Pelicans,2,3,9,Missed Shot,Running Jump Shot,3PT Field Goal,Above the Break 3,Left Side Center(LC),24+ ft.,24,-230,88,1,0,20251027,NOP,BOS,22500117327,12510,0,1629673|1630529|1630530|1630631|1642274,0
Shot Chart Detail,22500117,339,1630529,Herbert Jones,1610612740,New Orleans Pelicans,2,2,14,Made Shot,Jump Shot,3PT Field Goal,Above the Break 3,Right Side Center(RC),24+ ft.,25,199,157,1,1,20251027,NOP,BOS,22500117339,13060,0,1629673|1630529|1630530|1630631|1642274,1
Shot Chart Detail,22500117,347,1629673,Jordan Poole,1610612740,New Orleans Pelicans,2,1,34,Missed Shot,Driving Layup Shot,2PT Field Goal,Restricted Area,Center(C),Less Than 8 ft.,2,21,8,1,0,20251027,NOP,BOS,22500117347,13460,0,1629673|1630180|1630530|1630631|1642274,0
Shot Chart Detail,22500117,360,1630631,Jose Alvarado,1610612740,New Orleans Pelicans,2,1,10,Missed Shot,Jump Shot,3PT Field Goal,Above the Break 3,Right Side Center(RC),24+ ft.,26,113,238,1,0,20251027,NOP,BOS,22500117360,13700,0,1629673|1630180|1630530|1630631|1642274,0
Shot Chart Detail,22500117,362,1629673,Jordan Poole,1610612740,New Orleans Pelicans,2,1,4,Made Shot,Jump Shot,3PT Field Goal,Right Corner 3,Right Side(R),24+ ft.,22,225,-20,1,1,20251027,NOP,BOS,22500117362,13760,0,1629673|1630180|1630530|1630631|1642274,1
Shot Chart Detail,22500117,397,1629673,Jordan Poole,1610612740,New Orleans Pelicans,3,11,43,Missed Shot,Turnaround Jump Shot,2PT Field Goal,In The Paint (Non-RA),Left Side(L),8-16 ft.,10,-60,89,1,0,20251027,NOP,BOS,22500117397,14570,0,1629673|1630529|1630530|1642274|1642847,0
Shot Chart Detail,22500117,399,1629673,Jordan Poole,1610612740,New Orleans Pelicans,3,11,40,Made Shot,Tip Layup Shot,2PT Field Goal,In The Paint (Non-RA),Center(C),Less Than 8 ft.,6,-35,56,1,1,20251027,NOP,BOS,22500117399,14600,0,1629673|1630529|1630530|1642274|1642847,0
Shot Chart Detail,22500117,406,1630529,Herbert Jones,1610612740,New Orleans Pelicans,3,11,2,Missed Shot,Driving Finger Roll Layup Shot,2PT Field Goal,In The Paint (Non-RA),Center(C),Less Than 8 ft.,4,-42,14,1,0,20251027,NOP,BOS,22500117406,14980,0,1629673|1630529|1630530|1642274|1642847,0
Shot Chart Detail,22500117,408,1642274,Yves Missi,1610612740,New Orleans Pelicans,3,10,58,Made Shot,Tip Layup Shot,2PT Field Goal,Restricted Area,Center(C),Less Than 8 ft.,0,0,0,1,1,20251027,NOP,BOS,22500117408,15020,0,1629673|1630529|1630530|1642274|1642847,0
Shot Chart Detail,22500117,420,1630180,Saddiq Bey,1610612740,New Orleans Pelicans,3,10,4,Missed Shot,Jump Shot,3PT Field Goal,Above the Break 3,Left Side Center(LC),24+ ft.,24,-222,111,1,0,20251027,NOP,BOS,22500117420,15560,0,1629673|1630180|1630530|1642274|1642847,0
Shot Chart Detail,22500117,424,1642847,Jeremiah Fears,1610612740,New Orleans Pelicans,3,9,50,Missed Shot,Running Layup Shot,2PT Field Goal,In The Paint (Non-RA),Center(C),Less Than 8 ft.,5,-51,6,1,0,20251027,NOP,BOS,22500117424,15700,0,1629673|1630180|1630530|1642274|1642847,0
Shot Chart Detail,22500117,428,1630530,Trey Murphy III,1610612740,New Orleans Pelicans,3,9,39,Missed Shot,Driving Floating Jump Shot,2PT Field Goal,In The Paint (Non-RA),Center(C),8-16 ft.,10,-9,109,1,0,20251027,NOP,BOS,22500117428,15810,0,1629673|1630180|1630530|1642274|1642847,0
Shot Chart Detail,22500117,434,1630180,Saddiq Bey,1610612740,New Orleans Pelicans,3,9,18,Made Shot,Jump Shot,3PT Field Goal,Above the Break 3,Center(C),24+ ft.,25,-80,247,1,1,20251027,NOP,BOS,22500117434,16020,0,1629673|1630180|1630530|1642274|1642847,1
Shot Chart Detail,22500117,442,1629673,Jordan Poole,1610612740,New Orleans Pelicans,3,8,17,Missed Shot,Pullup Jump shot,3PT Field Goal,Above the Break 3,Left Side Center(LC),24+ ft.,25,-163,194,1,0,20251027,NOP,BOS,22500117442,16630,0,1629673|1630180|1630530|1642274|1642847,0
Shot Chart Detail,22500117,446,1642847,Jeremiah Fears,1610612740,New Orleans Pelicans,3,7,54,Missed Shot,Driving Finger Roll Layup Shot,2PT Field Goal,In The Paint (Non-RA),Center(C),Less Than 8 ft.,5,55,1,1,0,20251027,NOP,BOS,22500117446,16860,0,1629673|1630180|1630530|1642274|1642847,0
Shot Chart Detail,22500117,450,1629673,Jordan Poole,1610612740,New Orleans Pelicans,3,7,49,Missed Shot,Driving Floating Bank Jump Shot,2PT Field Goal,In The Paint (Non-RA),Center(C),Less Than 8 ft.,6,56,35,1,0,20251027,NOP,BOS,22500117450,16910,0,1629673|1630180|1630530|1642274|1642847,0
Shot Chart Detail,22500117,454,1630180,Saddiq Bey,1610612740,New Orleans Pelicans,3,7,25,Made Shot,Jump Shot,3PT Field Goal,Left Corner 3,Left Side(L),24+ ft.,23,-229,37,1,1,20251027,NOP,BOS,22500117454,17150,0,1629673|1630180|1630530|1642274|1642847,1
Shot Chart Detail,22500117,457,1630530,Trey Murphy III,1610612740,New Orleans Pelicans,3,6,41,Made Shot,Driving Floating Jump Shot,2PT Field Goal,In The Paint (Non-RA),Center(C),8-16 ft.,11,10,117,1,1,20251027,NOP,BOS,22500117457,17590,0,1629673|1630180|1630530|1642274|1642847,1
Shot Chart Detail,22500117,470,1642274,Yves Missi,1610612740,New Orleans Pelicans,3,6,12,Made Shot,Cutting Layup Shot,2PT Field Goal,Restricted Area,Center(C),Less Than 8 ft.,2,21,14,1,1,20251027,NOP,BOS,22500117470,17880,0,1629673|1630180|1630530|1630631|1642274,1
Shot Chart Detail,22500117,479,1630530,Trey Murphy III,1610612740,New Orleans Pelicans,3,5,42,Made Shot,Driving Floating Jump Shot,2PT Field Goal,In The Paint (Non-RA),Right Side(R),8-16 ft.,9,55,79,1,1,20251027,NOP,BOS,22500117479,18180,0,1630180|1630530|1630631|1641722|1642852,0
Shot Chart Detail,22500117,491,1630530,Trey Murphy III,1610612740,New Orleans Pelicans,3,4,45,Missed Shot,Step Back Jump shot,3PT Field Goal,Above the Break 3,Left Side Center(LC),24+ ft.,26,-114,236,1,0,20251027,NOP,BOS,22500117491,18750,0,1630180|1630530|1630631|1641722|1642852,0
Shot Chart Detail,22500117,493,1641722,Jordan Hawkins,1610612740,New Orleans Pelicans,3,4,40,Missed Shot,Fadeaway Jump Shot,2PT Field Goal,In The Paint (Non-RA),Left Side(L),8-16 ft.,8,-54,66,1,0,20251027,NOP,BOS,22500117493,18800,0,1630180|1630530|1630631|1641722|1642852,0
Shot Chart Detail,22500117,497,1630180,Saddiq Bey,1610612740,New Orleans Pelicans,3,4,15,Made Shot,Step Back Jump shot,3PT Field Goal,Above the Break 3,Left Side Center(LC),24+ ft.,25,-224,120,1,1,20251027,NOP,BOS,22500117497,19050,0,1630180|1630530|1630631|1641722|1642852,1
Shot Chart Detail,22500117,510,1630530,Trey Murphy III,1610612740,New Orleans Pelicans,3,3,3,Missed Shot,Cutting Layup Shot,2PT Field Goal,In The Paint (Non-RA),Center(C),Less Than 8 ft.,6,66,17,1,0,20251027,NOP,BOS,22500117510,19770,0,1630180|1630530|1630631|1641722|1642852,0
Shot Chart Detail,22500117,514,1641722,Jordan Hawkins,1610612740,New Orleans Pelicans,3,2,50,Missed Shot,Running Finger Roll Layup Shot,2PT Field Goal,In The Paint (Non-RA),Center(C),Less Than 8 ft.,4,13,41,1,0,20251027,NOP,BOS,22500117514,19900,0,1630180|1630530|1630631|1641722|1642852,0
Shot Chart Detail,22500117,521,1630180,Saddiq Bey,1610612740,New Orleans Pelicans,3,2,35,Missed Shot,Running Jump Shot,3PT Field Goal,Above the Break 3,Right Side Center(RC),24+ ft.,24,195,152,1,0,20251027,NOP,BOS,22500117521,20050,0,1630180|1630530|1630631|1641722|1642852,0
Shot Chart Detail,22500117,526,1642852,Derik Queen,1610612740,New Orleans Pelicans,3,1,45,Made Shot,Cutting Layup Shot,2PT Field Goal,Restricted Area,Center(C),Less Than 8 ft.,2,17,-11,1,1,20251027,NOP,BOS,22500117526,20550,0,1630180|1630530|1630631|1641722|1642852,1
Shot Chart Detail,22500117,530,1642852,Derik Queen,1610612740,New Orleans Pelicans,3,1,9,Missed Shot,Pullup Jump shot,2PT Field Goal,Mid-Range,Right Side Center(RC),16-24 ft.,17,110,130,1,0,20251027,NOP,BOS,22500117530,20910,0,1630180|1630530|1630631|1641722|1642852,0
Shot Chart Detail,22500117,542,1641722,Jordan Hawkins,1610612740,New Orleans Pelicans,3,0,47,Missed Shot,Pullup Jump shot,2PT Field Goal,Mid-Range,Center(C),8-16 ft.,15,-36,151,1,0,20251027,NOP,BOS,22500117542,21130,0,1629673|1630180|1630631|1641722|1642852,0
Shot Chart Detail,22500117,545,1642852,Derik Queen,1610612740,New Orleans Pelicans,3,0,6,Made Shot,Cutting Layup Shot,2PT Field Goal,Restricted Area,Center(C),Less Than 8 ft.,2,23,5,1,1,20251027,NOP,BOS,22500117545,21540,0,1629673|1630180|1630631|1641722|1642852,1
Shot Chart Detail,22500117,581,1642852,Derik Queen,1610612740,New Orleans Pelicans,4,10,47,Missed Shot,Floating Jump shot,2PT Field Goal,In The Paint (Non-RA),Center(C),Less Than 8 ft.,5,-54,5,1,0,20251027,NOP,BOS,22500117581,22330,0,201599|1629673|1630529|1630631|1642852,0
Shot Chart Detail,22500117,583,1630529,Herbert Jones,1610612740,New Orleans Pelicans,4,10,38,Missed Shot,Step Back Jump shot,3PT Field Goal,Right Corner 3,Right Side(R),24+ ft.,23,230,21,1,0,20251027,NOP,BOS,22500117583,22420,0,201599|1629673|1630529|1630631|1642852,0
Shot Chart Detail,22500117,598,1630529,Herbert Jones,1610612740,New Orleans Pelicans,4,9,51,Missed Shot,Jump Shot,3PT Field Goal,Above the Break 3,Left Side Center(LC),24+ ft.,25,-201,164,1,0,20251027,NOP,BOS,22500117598,22890,0,201599|1629673|1630529|1630631|1642852,0
Shot Chart Detail,22500117,603,1629673,Jordan Poole,1610612740,New Orleans Pelicans,4,9,14,Made Shot,Step Back Jump shot,3PT Field Goal,Above the Break 3,Left Side Center(LC),24+ ft.,25,-169,192,1,1,20251027,NOP,BOS,22500117603,23260,0,201599|1629673|1630529|1630631|1642852,0
Shot Chart Detail,22500117,606,1642852,Derik Queen,1610612740,New Orleans Pelicans,4,8,42,Missed Shot,Jump Shot,3PT Field Goal,Right Corner 3,Right Side(R),24+ ft.,24,230,78,1,0,20251027,NOP,BOS,22500117606,23580,0,201599|1629673|1630529|1630631|1642852,0
Shot Chart Detail,22500117,610,201599,DeAndre Jordan,1610612740,New Orleans Pelicans,4,8,4,Missed Shot,Driving Layup Shot,2PT Field Goal,In The Paint (Non-RA),Center(C),Less Than 8 ft.,5,26,47,1,0,20251027,NOP,BOS,22500117610,23960,0,201599|1629673|1630529|1630631|1642852,0
Shot Chart Detail,22500117,622,1629673,Jordan Poole,1610612740,New Orleans Pelicans,4,7,40,Missed Shot,Jump Shot,3PT Field Goal,Above the Break 3,Right Side Center(RC),24+ ft.,26,211,152,1,0,20251027,NOP,BOS,22500117622,24200,0,1629673|1630529|1630530|1642847|1642852,0
Shot Chart Detail,22500117,625,1630529,Herbert Jones,1610612740,New Orleans Pelicans,4,6,56,Missed Shot,Turnaround Hook Shot,2PT Field Goal,Restricted Area,Center(C),Less Than 8 ft.,3,-32,1,1,0,20251027,NOP,BOS,22500117625,24640,0,1629673|1630529|1630530|1642847|1642852,0
Shot Chart Detail,22500117,628,1629673,Jordan Poole,1610612740,New Orleans Pelicans,4,6,23,Made Shot,Driving Finger Roll Layup Shot,2PT Field Goal,Restricted Area,Center(C),Less Than 8 ft.,1,-17,1,1,1,20251027,NOP,BOS,22500117628,24970,0,1629673|1630529|1630530|1642847|1642852,0
Shot Chart Detail,22500117,635,1642847,Jeremiah Fears,1610612740,New Orleans Pelicans,4,5,54,Missed Shot,Jump Shot,3PT Field Goal,Left Corner 3,Left Side(L),24+ ft.,23,-239,5,1,0,20251027,NOP,BOS,22500117635,25260,0,1629673|1630529|1630530|1642847|1642852,0
Shot Chart Detail,22500117,639,1642852,Derik Queen,1610612740,New Orleans Pelicans,4,5,8,Missed Shot,Step Back Jump shot,2PT Field Goal,In The Paint (Non-RA),Center(C),8-16 ft.,10,0,103,1,0,20251027,NOP,BOS,22500117639,25720,0,1629673|1630529|1630530|1642847|1642852,0
Shot Chart Detail,22500117,673,1641722,Jordan Hawkins,1610612740,New Orleans Pelicans,4,3,1,Missed Shot,Pullup Jump shot,3PT Field Goal,Above the Break 3,Right Side Center(RC),24+ ft.,25,137,218,1,0,20251027,NOP,BOS,22500117673,26990,0,1631121|1631255|1641722|1642847|1642877,0
Shot Chart Detail,22500117,678,1631121,Bryce McGowens,1610612740,New Orleans Pelicans,4,2,14,Missed Shot,Jump Shot,3PT Field Goal,Above the Break 3,Right Side Center(RC),24+ ft.,26,151,218,1,0,20251027,NOP,BOS,22500117678,27460,0,1631121|1631255|1641722|1642847|1642877,0
Shot Chart Detail,22500117,682,1631255,Karlo Matkovi,1610612740,New Orleans Pelicans,4,1,50,Missed Shot,Jump Shot,3PT Field Goal,Above the Break 3,Right Side Center(RC),24+ ft.,26,112,245,1,0,20251027,NOP,BOS,22500117682,27700,0,1631121|1631255|1641722|1642847|1642877,0
Shot Chart Detail,22500117,684,1642847,Jeremiah Fears,1610612740,New Orleans Pelicans,4,1,49,Missed Shot,Step Back Jump shot,3PT Field Goal,Above the Break 3,Left Side Center(LC),24+ ft.,24,-158,183,1,0,20251027,NOP,BOS,22500117684,27710,0,1631121|1631255|1641722|1642847|1642877,0
Shot Chart Detail,22500117,686,1642877,Micah Peavy,1610612740,New Orleans Pelicans,4,1,47,Made Shot,Tip Layup Shot,2PT Field Goal,Restricted Area,Center(C),Less Than 8 ft.,0,0,0,1,1,20251027,NOP,BOS,22500117686,27730,0,1631121|1631255|1641722|1642847|1642877,0
Shot Chart Detail,22500117,696,1642847,Jeremiah Fears,1610612740,New Orleans Pelicans,4,1,1,Missed Shot,Step Back Jump shot,3PT Field Goal,Above the Break 3,Left Side Center(LC),24+ ft.,25,-153,199,1,0,20251027,NOP,BOS,22500117696,28190,0,1631121|1631255|1641722|1642847|1642877,0
Shot Chart Detail,22500117,700,1631121,Bryce McGowens,1610612740,New Orleans Pelicans,4,0,34,Missed Shot,Driving Finger Roll Layup Shot,2PT Field Goal,Restricted Area,Center(C),Less Than 8 ft.,3,25,19,1,0,20251027,NOP,BOS,22500117700,28460,0,1631121|1631255|1641722|1642847|1642877,0
Shot Chart Detail,22500117,702,1642877,Micah Peavy,1610612740,New Orleans Pelicans,4,0,30,Missed Shot,Tip Layup Shot,2PT Field Goal,Restricted Area,Center(C),Less Than 8 ft.,0,0,0,1,0,20251027,NOP,BOS,22500117702,28500,0,1631121|1631255|1641722|1642847|1642877,0
