GRID_TYPE,GAME_ID,GAME_EVENT_ID,PLAYER_ID,PLAYER_NAME,TEAM_ID,TEAM_NAME,PERIOD,MINUTES_REMAINING,SECONDS_REMAINING,EVENT_TYPE,ACTION_TYPE,SHOT_TYPE,SHOT_ZONE_BASIC,SHOT_ZONE_AREA,SHOT_ZONE_RANGE,SHOT_DISTANCE,LOC_X,LOC_Y,SHOT_ATTEMPTED_FLAG,SHOT_MADE_FLAG,GAME_DATE,HTM,VTM,SHOT_ID,time,extra,assisted,PLAYERS_ON
Shot Chart Detail,0022500081,7,1628976,Wendell Carter Jr.,1610612748,Orlando Magic,1,11,43,Made Shot,Alley Oop Dunk Shot,2PT Field Goal,Restricted Area,Center(C),Less Than 8 ft.,1,-9,10,1,1,20251022,ORL,MIA,225000817,170,0,1,203952|1626181|1628389|1630558|1631107
Shot Chart Detail,0022500081,15,1630591,Jalen Suggs,1610612748,Orlando Magic,1,11,6,Missed Shot,Jump Shot,3PT Field Goal,Above the Break 3,Right Side Center(RC),24+ ft.,24,124,216,1,0,20251022,ORL,MIA,2250008115,540,0,0,203952|1626181|1628389|1630558|1631107
Shot Chart Detail,0022500081,24,1630532,Franz Wagner,1610612748,Orlando Magic,1,10,40,Missed Shot,Step Back Jump shot,2PT Field Goal,Mid-Range,Center(C),16-24 ft.,16,-45,163,1,0,20251022,ORL,MIA,2250008124,800,0,0,203952|1626181|1628389|1630558|1631107
Shot Chart Detail,0022500081,28,1630217,Desmond Bane,1610612748,Orlando Magic,1,10,15,Made Shot,Driving Finger Roll Layup Shot,2PT Field Goal,Restricted Area,Center(C),Less Than 8 ft.,3,1,30,1,1,20251022,ORL,MIA,2250008128,1050,0,1,203952|1626181|1628389|1630558|1631107
Shot Chart Detail,0022500081,32,1630532,Franz Wagner,1610612748,Orlando Magic,1,9,52,Made Shot,Running Finger Roll Layup Shot,2PT Field Goal,Restricted Area,Center(C),Less Than 8 ft.,2,-12,16,1,1,20251022,ORL,MIA,2250008132,1280,0,0,203952|1626181|1628389|1630558|1631107
Shot Chart Detail,0022500081,35,1630591,Jalen Suggs,1610612748,Orlando Magic,1,9,19,Made Shot,Pullup Jump shot,3PT Field Goal,Above the Break 3,Center(C),24+ ft.,25,60,251,1,1,20251022,ORL,MIA,2250008135,1610,0,0,203952|1626181|1628389|1630558|1631107
Shot Chart Detail,0022500081,39,1630217,Desmond Bane,1610612748,Orlando Magic,1,8,56,Made Shot,Pullup Jump shot,3PT Field Goal,Above the Break 3,Center(C),24+ ft.,26,55,256,1,1,20251022,ORL,MIA,2250008139,1840,0,0,203952|1626181|1628389|1630558|1631107
Shot Chart Detail,0022500081,52,1630217,Desmond Bane,1610612748,Orlando Magic,1,8,0,Made Shot,Step Back Jump shot,3PT Field Goal,Above the Break 3,Right Side Center(RC),24+ ft.,28,116,256,1,1,20251022,ORL,MIA,2250008152,2400,0,0,1626181|1628389|1630558|1631107|1631170
Shot Chart Detail,0022500081,59,1631094,Paolo Banchero,1610612748,Orlando Magic,1,7,38,Made Shot,Pullup Jump shot,2PT Field Goal,Mid-Range,Left Side Center(LC),16-24 ft.,19,-77,184,1,1,20251022,ORL,MIA,2250008159,2620,0,0,1626181|1628389|1630558|1631107|1631170
Shot Chart Detail,0022500081,62,1626145,Tyus Jones,1610612748,Orlando Magic,1,7,9,Missed Shot,Driving Floating Jump Shot,2PT Field Goal,In The Paint (Non-RA),Right Side(R),8-16 ft.,9,54,84,1,0,20251022,ORL,MIA,2250008162,2910,0,0,1626181|1628389|1630558|1631107|1631170
Shot Chart Detail,0022500081,71,1630217,Desmond Bane,1610612748,Orlando Magic,1,6,49,Missed Shot,Jump Shot,2PT Field Goal,Mid-Range,Left Side(L),8-16 ft.,13,-134,-16,1,0,20251022,ORL,MIA,2250008171,3110,0,0,1626181|1628389|1630558|1631107|1631170
Shot Chart Detail,0022500081,78,1631094,Paolo Banchero,1610612748,Orlando Magic,1,6,14,Missed Shot,Step Back Jump shot,2PT Field Goal,Mid-Range,Left Side Center(LC),16-24 ft.,18,-109,150,1,0,20251022,ORL,MIA,2250008178,3460,0,0,1626181|1628389|1630558|1631107|1631170
Shot Chart Detail,0022500081,86,1631094,Paolo Banchero,1610612748,Orlando Magic,1,5,46,Made Shot,Driving Layup Shot,2PT Field Goal,Restricted Area,Center(C),Less Than 8 ft.,3,20,24,1,1,20251022,ORL,MIA,2250008186,3740,0,1,1626181|1628389|1630558|1631107|1631170
Shot Chart Detail,0022500081,93,1630217,Desmond Bane,1610612748,Orlando Magic,1,5,7,Missed Shot,Driving Layup Shot,2PT Field Goal,In The Paint (Non-RA),Center(C),8-16 ft.,9,-1,94,1,0,20251022,ORL,MIA,2250008193,4130,0,0,1626181|1628389|1630558|1631107|1631170
Shot Chart Detail,0022500081,97,1628371,Jonathan Isaac,1610612748,Orlando Magic,1,4,39,Missed Shot,Jump Shot,3PT Field Goal,Right Corner 3,Right Side(R),24+ ft.,22,227,26,1,0,20251022,ORL,MIA,2250008197,4410,0,0,1626181|1628389|1630558|1631107|1631170
Shot Chart Detail,0022500081,101,1631094,Paolo Banchero,1610612748,Orlando Magic,1,4,12,Missed Shot,Turnaround Jump Shot,2PT Field Goal,Mid-Range,Right Side Center(RC),16-24 ft.,17,138,101,1,0,20251022,ORL,MIA,22500081101,4680,0,0,1626181|1628389|1630558|1631107|1631170
Shot Chart Detail,0022500081,105,1626145,Tyus Jones,1610612748,Orlando Magic,1,3,51,Missed Shot,Jump Shot,3PT Field Goal,Above the Break 3,Left Side Center(LC),24+ ft.,24,-222,113,1,0,20251022,ORL,MIA,22500081105,4890,0,0,1626181|1628389|1630558|1631107|1631170
Shot Chart Detail,0022500081,108,1628976,Wendell Carter Jr.,1610612748,Orlando Magic,1,3,50,Missed Shot,Putback Layup Shot,2PT Field Goal,Restricted Area,Center(C),Less Than 8 ft.,0,2,9,1,0,20251022,ORL,MIA,22500081108,4900,0,0,1626181|1628389|1630558|1631107|1631170
Shot Chart Detail,0022500081,125,1631094,Paolo Banchero,1610612748,Orlando Magic,1,3,12,Missed Shot,Turnaround Fadeaway shot,2PT Field Goal,Mid-Range,Left Side(L),8-16 ft.,13,-136,6,1,0,20251022,ORL,MIA,22500081125,5280,0,0,1626181|1630696|1631170|1631323|1642276
Shot Chart Detail,0022500081,134,1641710,Anthony Black,1610612748,Orlando Magic,1,2,53,Missed Shot,Running Finger Roll Layup Shot,2PT Field Goal,Restricted Area,Center(C),Less Than 8 ft.,3,23,31,1,0,20251022,ORL,MIA,22500081134,5470,0,0,203952|1630696|1631170|1631323|1642276
Shot Chart Detail,0022500081,149,1641710,Anthony Black,1610612748,Orlando Magic,1,2,10,Made Shot,Jump Bank Shot,3PT Field Goal,Above the Break 3,Left Side Center(LC),24+ ft.,24,-192,156,1,1,20251022,ORL,MIA,22500081149,5900,0,1,203952|1630696|1631170|1631323|1642276
Shot Chart Detail,0022500081,163,1630591,Jalen Suggs,1610612748,Orlando Magic,1,1,23,Made Shot,Running Layup Shot,2PT Field Goal,Restricted Area,Center(C),Less Than 8 ft.,3,-6,35,1,1,20251022,ORL,MIA,22500081163,6370,0,0,203952|1630696|1631170|1631323|1642276
Shot Chart Detail,0022500081,165,1641710,Anthony Black,1610612748,Orlando Magic,1,0,59,Missed Shot,Jump Shot,3PT Field Goal,Right Corner 3,Right Side(R),24+ ft.,22,229,11,1,0,20251022,ORL,MIA,22500081165,6610,0,0,203952|1630696|1631170|1631323|1642276
Shot Chart Detail,0022500081,168,1630591,Jalen Suggs,1610612748,Orlando Magic,1,0,55,Made Shot,Jump Shot,3PT Field Goal,Left Corner 3,Left Side(L),24+ ft.,24,-246,-10,1,1,20251022,ORL,MIA,22500081168,6650,0,1,203952|1630696|1631170|1631323|1642276
Shot Chart Detail,0022500081,172,1641710,Anthony Black,1610612748,Orlando Magic,1,0,41,Made Shot,Running Alley Oop Dunk Shot,2PT Field Goal,Restricted Area,Center(C),Less Than 8 ft.,1,5,11,1,1,20251022,ORL,MIA,22500081172,6790,0,1,203952|1630696|1631170|1631323|1642276
Shot Chart Detail,0022500081,183,1630532,Franz Wagner,1610612748,Orlando Magic,1,0,4,Made Shot,Jump Shot,3PT Field Goal,Above the Break 3,Right Side Center(RC),24+ ft.,24,126,213,1,1,20251022,ORL,MIA,22500081183,7160,0,1,203952|1630696|1631170|1631323|1642276
Shot Chart Detail,0022500081,196,1630532,Franz Wagner,1610612748,Orlando Magic,2,11,25,Made Shot,Cutting Layup Shot,2PT Field Goal,Restricted Area,Center(C),Less Than 8 ft.,2,-20,14,1,1,20251022,ORL,MIA,22500081196,7550,0,1,203952|1630696|1631323|1641796|1642276
Shot Chart Detail,0022500081,200,1626145,Tyus Jones,1610612748,Orlando Magic,2,11,9,Missed Shot,Running Jump Shot,3PT Field Goal,Left Corner 3,Left Side(L),24+ ft.,22,-228,-10,1,0,20251022,ORL,MIA,22500081200,7710,0,0,203952|1630696|1631323|1641796|1642276
Shot Chart Detail,0022500081,204,1641710,Anthony Black,1610612748,Orlando Magic,2,10,43,Missed Shot,Driving Reverse Layup Shot,2PT Field Goal,Restricted Area,Center(C),Less Than 8 ft.,3,-17,27,1,0,20251022,ORL,MIA,22500081204,7970,0,0,203952|1630696|1631323|1641796|1642276
Shot Chart Detail,0022500081,206,1629048,Goga Bitadze,1610612748,Orlando Magic,2,10,41,Made Shot,Putback Dunk Shot,2PT Field Goal,Restricted Area,Center(C),Less Than 8 ft.,2,11,25,1,1,20251022,ORL,MIA,22500081206,7990,0,0,203952|1630696|1631323|1641796|1642276
Shot Chart Detail,0022500081,208,1641710,Anthony Black,1610612748,Orlando Magic,2,10,9,Made Shot,Cutting Layup Shot,2PT Field Goal,Restricted Area,Center(C),Less Than 8 ft.,2,5,21,1,1,20251022,ORL,MIA,22500081208,8310,0,1,203952|1630696|1631323|1641796|1642276
Shot Chart Detail,0022500081,221,1641783,Tristan da Silva,1610612748,Orlando Magic,2,9,24,Missed Shot,Jump Shot,3PT Field Goal,Above the Break 3,Left Side Center(LC),24+ ft.,23,-183,155,1,0,20251022,ORL,MIA,22500081221,8760,0,0,203952|1630696|1631323|1641796|1642276
Shot Chart Detail,0022500081,225,1630532,Franz Wagner,1610612748,Orlando Magic,2,9,1,Made Shot,Running Layup Shot,2PT Field Goal,Restricted Area,Center(C),Less Than 8 ft.,3,11,31,1,1,20251022,ORL,MIA,22500081225,8990,0,1,203952|1630696|1631323|1641796|1642276
Shot Chart Detail,0022500081,228,1641783,Tristan da Silva,1610612748,Orlando Magic,2,8,26,Made Shot,Driving Floating Bank Jump Shot,2PT Field Goal,In The Paint (Non-RA),Center(C),Less Than 8 ft.,5,44,36,1,1,20251022,ORL,MIA,22500081228,9340,0,0,203952|1630696|1631323|1641796|1642276
Shot Chart Detail,0022500081,245,1641783,Tristan da Silva,1610612748,Orlando Magic,2,7,41,Made Shot,Jump Shot,3PT Field Goal,Above the Break 3,Left Side Center(LC),24+ ft.,24,-210,132,1,1,20251022,ORL,MIA,22500081245,9790,0,1,203952|1626181|1628389|1630558|1631170
Shot Chart Detail,0022500081,255,1641783,Tristan da Silva,1610612748,Orlando Magic,2,7,12,Missed Shot,Running Layup Shot,2PT Field Goal,Restricted Area,Center(C),Less Than 8 ft.,2,-18,9,1,0,20251022,ORL,MIA,22500081255,10080,0,0,203952|1626181|1628389|1630558|1631170
Shot Chart Detail,0022500081,257,1629048,Goga Bitadze,1610612748,Orlando Magic,2,7,10,Made Shot,Tip Layup Shot,2PT Field Goal,Restricted Area,Center(C),Less Than 8 ft.,0,0,0,1,1,20251022,ORL,MIA,22500081257,10100,0,0,203952|1626181|1628389|1630558|1631170
Shot Chart Detail,0022500081,269,1631094,Paolo Banchero,1610612748,Orlando Magic,2,6,48,Made Shot,Running Layup Shot,2PT Field Goal,Restricted Area,Center(C),Less Than 8 ft.,2,-27,9,1,1,20251022,ORL,MIA,22500081269,10320,0,0,1626181|1628389|1630558|1631107|1631170
Shot Chart Detail,0022500081,275,1628976,Wendell Carter Jr.,1610612748,Orlando Magic,2,6,23,Missed Shot,Jump Shot,3PT Field Goal,Right Corner 3,Right Side(R),24+ ft.,23,233,4,1,0,20251022,ORL,MIA,22500081275,10570,0,0,1626181|1628389|1630558|1631107|1631170
Shot Chart Detail,0022500081,279,1631094,Paolo Banchero,1610612748,Orlando Magic,2,5,48,Missed Shot,Jump Shot,3PT Field Goal,Above the Break 3,Right Side Center(RC),24+ ft.,26,168,201,1,0,20251022,ORL,MIA,22500081279,10920,0,0,1626181|1628389|1630558|1631107|1631170
Shot Chart Detail,0022500081,310,1630532,Franz Wagner,1610612748,Orlando Magic,2,3,41,Made Shot,Driving Finger Roll Layup Shot,2PT Field Goal,Restricted Area,Center(C),Less Than 8 ft.,2,10,21,1,1,20251022,ORL,MIA,22500081310,12190,0,0,1626181|1628389|1630558|1631107|1631170
Shot Chart Detail,0022500081,312,1630217,Desmond Bane,1610612748,Orlando Magic,2,3,15,Missed Shot,Pullup Jump shot,3PT Field Goal,Above the Break 3,Center(C),24+ ft.,24,-36,246,1,0,20251022,ORL,MIA,22500081312,12450,0,0,1626181|1628389|1630558|1631107|1631170
Shot Chart Detail,0022500081,322,1630532,Franz Wagner,1610612748,Orlando Magic,2,2,46,Made Shot,Driving Floating Bank Jump Shot,2PT Field Goal,In The Paint (Non-RA),Center(C),Less Than 8 ft.,6,-64,13,1,1,20251022,ORL,MIA,22500081322,12740,0,0,203952|1626181|1628389|1630558|1631107
Shot Chart Detail,0022500081,325,1630532,Franz Wagner,1610612748,Orlando Magic,2,2,28,Made Shot,Step Back Jump shot,3PT Field Goal,Above the Break 3,Center(C),24+ ft.,26,-58,257,1,1,20251022,ORL,MIA,22500081325,12920,0,1,203952|1626181|1628389|1630558|1631107
Shot Chart Detail,0022500081,328,1631094,Paolo Banchero,1610612748,Orlando Magic,2,1,48,Missed Shot,Turnaround Jump Shot,2PT Field Goal,In The Paint (Non-RA),Center(C),8-16 ft.,13,-26,132,1,0,20251022,ORL,MIA,22500081328,13320,0,0,203952|1626181|1628389|1630558|1631107
Shot Chart Detail,0022500081,341,1630217,Desmond Bane,1610612748,Orlando Magic,2,1,5,Made Shot,Pullup Jump shot,2PT Field Goal,Mid-Range,Right Side(R),8-16 ft.,14,142,8,1,1,20251022,ORL,MIA,22500081341,13750,0,0,203952|1626181|1628389|1630558|1631107
Shot Chart Detail,0022500081,344,1630532,Franz Wagner,1610612748,Orlando Magic,2,0,38,Missed Shot,Step Back Jump shot,3PT Field Goal,Above the Break 3,Right Side Center(RC),24+ ft.,26,188,188,1,0,20251022,ORL,MIA,22500081344,14020,0,0,203952|1626181|1628389|1630558|1631107
Shot Chart Detail,0022500081,348,1630217,Desmond Bane,1610612748,Orlando Magic,2,0,7,Missed Shot,Pullup Jump shot,2PT Field Goal,Mid-Range,Right Side Center(RC),16-24 ft.,20,138,145,1,0,20251022,ORL,MIA,22500081348,14330,0,0,203952|1626181|1628389|1630558|1631107
Shot Chart Detail,0022500081,359,1631094,Paolo Banchero,1610612748,Orlando Magic,3,11,27,Missed Shot,Pullup Jump shot,2PT Field Goal,In The Paint (Non-RA),Center(C),8-16 ft.,10,13,107,1,0,20251022,ORL,MIA,22500081359,14730,0,0,203952|1626181|1628389|1630558|1631107
Shot Chart Detail,0022500081,380,1631094,Paolo Banchero,1610612748,Orlando Magic,3,9,46,Made Shot,Running Dunk Shot,2PT Field Goal,Restricted Area,Center(C),Less Than 8 ft.,3,12,33,1,1,20251022,ORL,MIA,22500081380,15740,0,1,203952|1626181|1628389|1630558|1631107
Shot Chart Detail,0022500081,387,1630217,Desmond Bane,1610612748,Orlando Magic,3,9,24,Missed Shot,Driving Floating Jump Shot,2PT Field Goal,In The Paint (Non-RA),Center(C),Less Than 8 ft.,6,-45,46,1,0,20251022,ORL,MIA,22500081387,15960,0,0,203952|1626181|1628389|1630558|1631107
Shot Chart Detail,0022500081,402,1628976,Wendell Carter Jr.,1610612748,Orlando Magic,3,8,6,Missed Shot,Turnaround Hook Shot,2PT Field Goal,In The Paint (Non-RA),Center(C),Less Than 8 ft.,4,6,47,1,0,20251022,ORL,MIA,22500081402,16740,0,0,203952|1626181|1628389|1630558|1631107
Shot Chart Detail,0022500081,407,1630532,Franz Wagner,1610612748,Orlando Magic,3,7,42,Missed Shot,Jump Shot,3PT Field Goal,Above the Break 3,Left Side Center(LC),24+ ft.,24,-157,189,1,0,20251022,ORL,MIA,22500081407,16980,0,0,203952|1626181|1628389|1630558|1631107
Shot Chart Detail,0022500081,418,1630217,Desmond Bane,1610612748,Orlando Magic,3,7,13,Made Shot,Driving Hook Shot,2PT Field Goal,Restricted Area,Center(C),Less Than 8 ft.,2,16,18,1,1,20251022,ORL,MIA,22500081418,17270,0,1,203952|1626181|1628389|1630558|1631107
Shot Chart Detail,0022500081,432,1631094,Paolo Banchero,1610612748,Orlando Magic,3,5,57,Made Shot,Jump Shot,3PT Field Goal,Above the Break 3,Right Side Center(RC),24+ ft.,25,87,235,1,1,20251022,ORL,MIA,22500081432,18030,0,1,203952|1626181|1628389|1630558|1631107
Shot Chart Detail,0022500081,447,1630217,Desmond Bane,1610612748,Orlando Magic,3,5,4,Missed Shot,Pullup Jump shot,2PT Field Goal,Mid-Range,Right Side Center(RC),16-24 ft.,22,71,209,1,0,20251022,ORL,MIA,22500081447,18560,0,0,203952|1626181|1628389|1630696|1631170
Shot Chart Detail,0022500081,459,1630217,Desmond Bane,1610612748,Orlando Magic,3,4,7,Missed Shot,Driving Layup Shot,2PT Field Goal,Restricted Area,Center(C),Less Than 8 ft.,3,25,27,1,0,20251022,ORL,MIA,22500081459,19130,0,0,203952|1628389|1630696|1631170|1631323
Shot Chart Detail,0022500081,470,1630217,Desmond Bane,1610612748,Orlando Magic,3,3,15,Made Shot,Driving Floating Jump Shot,2PT Field Goal,In The Paint (Non-RA),Center(C),Less Than 8 ft.,5,-38,43,1,1,20251022,ORL,MIA,22500081470,19650,0,1,203952|1628389|1630696|1631170|1631323
Shot Chart Detail,0022500081,503,1630591,Jalen Suggs,1610612748,Orlando Magic,3,1,42,Made Shot,Driving Layup Shot,2PT Field Goal,Restricted Area,Center(C),Less Than 8 ft.,1,6,16,1,1,20251022,ORL,MIA,22500081503,20580,0,1,1626181|1630558|1631170|1631323|1642276
Shot Chart Detail,0022500081,506,1630532,Franz Wagner,1610612748,Orlando Magic,3,1,13,Made Shot,Driving Floating Jump Shot,2PT Field Goal,Restricted Area,Center(C),Less Than 8 ft.,1,-2,10,1,1,20251022,ORL,MIA,22500081506,20870,0,0,1626181|1630558|1631170|1631323|1642276
Shot Chart Detail,0022500081,511,1630532,Franz Wagner,1610612748,Orlando Magic,3,0,45,Missed Shot,Turnaround Jump Shot,2PT Field Goal,In The Paint (Non-RA),Center(C),8-16 ft.,12,9,126,1,0,20251022,ORL,MIA,22500081511,21150,0,0,1626181|1630558|1631170|1631323|1642276
Shot Chart Detail,0022500081,515,1641783,Tristan da Silva,1610612748,Orlando Magic,3,0,25,Made Shot,Running Jump Shot,3PT Field Goal,Above the Break 3,Left Side Center(LC),24+ ft.,24,-169,179,1,1,20251022,ORL,MIA,22500081515,21350,0,1,1626181|1630558|1631170|1631323|1642276
Shot Chart Detail,0022500081,524,1630532,Franz Wagner,1610612748,Orlando Magic,4,11,49,Missed Shot,Driving Layup Shot,2PT Field Goal,In The Paint (Non-RA),Center(C),Less Than 8 ft.,6,62,21,1,0,20251022,ORL,MIA,22500081524,21710,0,0,1626181|1630558|1631170|1631323|1642276
Shot Chart Detail,0022500081,531,1629048,Goga Bitadze,1610612748,Orlando Magic,4,11,17,Made Shot,Alley Oop Layup shot,2PT Field Goal,Restricted Area,Center(C),Less Than 8 ft.,1,9,8,1,1,20251022,ORL,MIA,22500081531,22030,0,1,1626181|1630558|1631170|1631323|1642276
Shot Chart Detail,0022500081,535,1630532,Franz Wagner,1610612748,Orlando Magic,4,10,39,Made Shot,Driving Finger Roll Layup Shot,2PT Field Goal,Restricted Area,Center(C),Less Than 8 ft.,1,10,16,1,1,20251022,ORL,MIA,22500081535,22410,0,0,1626181|1630558|1631170|1631323|1642276
Shot Chart Detail,0022500081,538,1630532,Franz Wagner,1610612748,Orlando Magic,4,10,14,Missed Shot,Jump Shot,3PT Field Goal,Above the Break 3,Center(C),24+ ft.,26,-59,254,1,0,20251022,ORL,MIA,22500081538,22660,0,0,1626181|1630558|1631170|1631323|1642276
Shot Chart Detail,0022500081,542,1629048,Goga Bitadze,1610612748,Orlando Magic,4,9,55,Missed Shot,Jump Shot,3PT Field Goal,Right Corner 3,Right Side(R),24+ ft.,23,232,48,1,0,20251022,ORL,MIA,22500081542,22850,0,0,1626181|1630558|1631170|1631323|1642276
Shot Chart Detail,0022500081,548,1641783,Tristan da Silva,1610612748,Orlando Magic,4,9,33,Made Shot,Jump Shot,3PT Field Goal,Left Corner 3,Left Side(L),24+ ft.,23,-235,23,1,1,20251022,ORL,MIA,22500081548,23070,0,1,1626181|1630558|1631170|1631323|1642276
Shot Chart Detail,0022500081,551,1641710,Anthony Black,1610612748,Orlando Magic,4,9,4,Missed Shot,Pullup Jump shot,2PT Field Goal,Mid-Range,Left Side Center(LC),16-24 ft.,20,-80,194,1,0,20251022,ORL,MIA,22500081551,23360,0,0,1626181|1630558|1631170|1631323|1642276
Shot Chart Detail,0022500081,562,1641710,Anthony Black,1610612748,Orlando Magic,4,8,25,Missed Shot,Driving Layup Shot,2PT Field Goal,Restricted Area,Center(C),Less Than 8 ft.,3,-10,33,1,0,20251022,ORL,MIA,22500081562,23750,0,0,1626181|1630558|1631170|1631323|1642276
Shot Chart Detail,0022500081,566,1626145,Tyus Jones,1610612748,Orlando Magic,4,8,5,Missed Shot,Jump Shot,3PT Field Goal,Above the Break 3,Left Side Center(LC),24+ ft.,26,-98,246,1,0,20251022,ORL,MIA,22500081566,23950,0,0,1626181|1630558|1631170|1631323|1642276
Shot Chart Detail,0022500081,568,1641783,Tristan da Silva,1610612748,Orlando Magic,4,8,2,Made Shot,Floating Jump shot,2PT Field Goal,Restricted Area,Center(C),Less Than 8 ft.,1,6,18,1,1,20251022,ORL,MIA,22500081568,23980,0,1,203952|1628389|1630696|1631170|1631323
Shot Chart Detail,0022500081,585,1630217,Desmond Bane,1610612748,Orlando Magic,4,7,25,Missed Shot,Jump Shot,3PT Field Goal,Left Corner 3,Left Side(L),24+ ft.,22,-223,2,1,0,20251022,ORL,MIA,22500081585,24350,0,0,203952|1628389|1630696|1631170|1631323
Shot Chart Detail,0022500081,587,1641710,Anthony Black,1610612748,Orlando Magic,4,7,10,Missed Shot,Driving Floating Jump Shot,2PT Field Goal,Mid-Range,Right Side(R),8-16 ft.,15,151,12,1,0,20251022,ORL,MIA,22500081587,24500,0,0,203952|1628389|1630696|1631170|1631323
Shot Chart Detail,0022500081,590,1641783,Tristan da Silva,1610612748,Orlando Magic,4,7,6,Missed Shot,Jump Shot,3PT Field Goal,Above the Break 3,Right Side Center(RC),24+ ft.,24,207,130,1,0,20251022,ORL,MIA,22500081590,24540,0,0,203952|1628389|1630696|1631170|1631323
Shot Chart Detail,0022500081,598,1631094,Paolo Banchero,1610612748,Orlando Magic,4,6,35,Made Shot,Driving Layup Shot,2PT Field Goal,Restricted Area,Center(C),Less Than 8 ft.,2,17,11,1,1,20251022,ORL,MIA,22500081598,24850,0,0,203952|1628389|1630696|1631170|1631323
Shot Chart Detail,0022500081,603,1630217,Desmond Bane,1610612748,Orlando Magic,4,6,10,Missed Shot,Driving Hook Shot,2PT Field Goal,In The Paint (Non-RA),Center(C),Less Than 8 ft.,4,44,-9,1,0,20251022,ORL,MIA,22500081603,25100,0,0,203952|1628389|1630696|1631170|1631323
Shot Chart Detail,0022500081,606,1630217,Desmond Bane,1610612748,Orlando Magic,4,5,50,Made Shot,Pullup Jump shot,3PT Field Goal,Above the Break 3,Right Side Center(RC),24+ ft.,28,103,263,1,1,20251022,ORL,MIA,22500081606,25300,0,1,203952|1628389|1630696|1631170|1631323
Shot Chart Detail,0022500081,624,1631094,Paolo Banchero,1610612748,Orlando Magic,4,5,15,Missed Shot,Pullup Jump shot,3PT Field Goal,Above the Break 3,Left Side Center(LC),24+ ft.,25,-147,214,1,0,20251022,ORL,MIA,22500081624,25650,0,0,203952|1626181|1628389|1630558|1631107
Shot Chart Detail,0022500081,636,1630591,Jalen Suggs,1610612748,Orlando Magic,4,4,47,Made Shot,Running Layup Shot,2PT Field Goal,Restricted Area,Center(C),Less Than 8 ft.,0,9,2,1,1,20251022,ORL,MIA,22500081636,25930,0,0,203952|1626181|1628389|1630558|1631107
Shot Chart Detail,0022500081,644,1631094,Paolo Banchero,1610612748,Orlando Magic,4,4,14,Missed Shot,Driving Layup Shot,2PT Field Goal,Restricted Area,Center(C),Less Than 8 ft.,3,31,10,1,0,20251022,ORL,MIA,22500081644,26260,0,0,203952|1626181|1628389|1630558|1631170
Shot Chart Detail,0022500081,654,1630217,Desmond Bane,1610612748,Orlando Magic,4,3,51,Missed Shot,Jump Shot,3PT Field Goal,Left Corner 3,Left Side(L),24+ ft.,22,-224,11,1,0,20251022,ORL,MIA,22500081654,26490,0,0,203952|1626181|1628389|1630558|1631170
Shot Chart Detail,0022500081,656,1628976,Wendell Carter Jr.,1610612748,Orlando Magic,4,3,49,Made Shot,Putback Layup Shot,2PT Field Goal,Restricted Area,Center(C),Less Than 8 ft.,2,10,21,1,1,20251022,ORL,MIA,22500081656,26510,0,0,203952|1626181|1628389|1630558|1631170
Shot Chart Detail,0022500081,662,1630217,Desmond Bane,1610612748,Orlando Magic,4,3,30,Missed Shot,Pullup Jump shot,2PT Field Goal,Mid-Range,Left Side Center(LC),16-24 ft.,20,-65,195,1,0,20251022,ORL,MIA,22500081662,26700,0,0,203952|1626181|1628389|1630558|1631170
Shot Chart Detail,0022500081,671,1630532,Franz Wagner,1610612748,Orlando Magic,4,3,5,Missed Shot,Driving Layup Shot,2PT Field Goal,Restricted Area,Center(C),Less Than 8 ft.,3,36,13,1,0,20251022,ORL,MIA,22500081671,26950,0,0,203952|1626181|1628389|1630558|1631170
Shot Chart Detail,0022500081,678,1630532,Franz Wagner,1610612748,Orlando Magic,4,2,42,Missed Shot,Driving Layup Shot,2PT Field Goal,Restricted Area,Center(C),Less Than 8 ft.,3,11,36,1,0,20251022,ORL,MIA,22500081678,27180,0,0,203952|1626181|1628389|1630558|1631170
Shot Chart Detail,0022500081,693,1631094,Paolo Banchero,1610612748,Orlando Magic,4,1,48,Missed Shot,Pullup Jump shot,2PT Field Goal,Mid-Range,Right Side(R),8-16 ft.,10,108,8,1,0,20251022,ORL,MIA,22500081693,27720,0,0,203952|1626181|1628389|1630558|1631170
Shot Chart Detail,0022500081,698,1631094,Paolo Banchero,1610612748,Orlando Magic,4,1,35,Made Shot,Running Dunk Shot,2PT Field Goal,Restricted Area,Center(C),Less Than 8 ft.,2,9,20,1,1,20251022,ORL,MIA,22500081698,27850,0,1,203952|1626181|1628389|1630558|1631170
Shot Chart Detail,0022500081,702,1630591,Jalen Suggs,1610612748,Orlando Magic,4,0,58,Made Shot,Fadeaway Jump Shot,2PT Field Goal,In The Paint (Non-RA),Center(C),8-16 ft.,10,-2,109,1,1,20251022,ORL,MIA,22500081702,28220,0,0,203952|1626181|1628389|1630558|1631170
Shot Chart Detail,0022500081,713,1631094,Paolo Banchero,1610612748,Orlando Magic,4,0,6,Missed Shot,Fadeaway Jump Shot,2PT Field Goal,In The Paint (Non-RA),Right Side(R),8-16 ft.,9,76,53,1,0,20251022,ORL,MIA,22500081713,28740,0,0,203952|1626181|1628389|1630558|1631107
Shot Chart Detail,0022500094,7,1629630,Ja Morant,1610612748,Memphis Grizzlies,1,11,45,Made Shot,Driving Floating Jump Shot,2PT Field Goal,In The Paint (Non-RA),Center(C),Less Than 8 ft.,7,70,21,1,1,20251024,MEM,MIA,225000947,150,0,1,203952|1626181|1628389|1630558|1642276
Shot Chart Detail,0022500094,18,1629630,Ja Morant,1610612748,Memphis Grizzlies,1,10,56,Missed Shot,Step Back Jump shot,2PT Field Goal,Mid-Range,Left Side(L),8-16 ft.,12,-118,32,1,0,20251024,MEM,MIA,2250009418,640,0,0,203952|1626181|1628389|1630558|1642276
Shot Chart Detail,0022500094,21,1628991,Jaren Jackson Jr.,1610612748,Memphis Grizzlies,1,10,29,Made Shot,Driving Floating Jump Shot,2PT Field Goal,In The Paint (Non-RA),Center(C),Less Than 8 ft.,7,-16,72,1,1,20251024,MEM,MIA,2250009421,910,0,1,203952|1626181|1628389|1630558|1642276
Shot Chart Detail,0022500094,31,1628991,Jaren Jackson Jr.,1610612748,Memphis Grizzlies,1,9,59,Made Shot,Floating Jump shot,2PT Field Goal,Mid-Range,Right Side(R),8-16 ft.,13,94,100,1,1,20251024,MEM,MIA,2250009431,1210,0,1,203952|1626181|1628389|1630558|1642276
Shot Chart Detail,0022500094,47,1629630,Ja Morant,1610612748,Memphis Grizzlies,1,9,11,Made Shot,Driving Floating Jump Shot,2PT Field Goal,In The Paint (Non-RA),Center(C),8-16 ft.,10,-15,108,1,1,20251024,MEM,MIA,2250009447,1690,0,0,203952|1626181|1628389|1630558|1642276
Shot Chart Detail,0022500094,50,1629630,Ja Morant,1610612748,Memphis Grizzlies,1,8,51,Missed Shot,Pullup Jump shot,2PT Field Goal,In The Paint (Non-RA),Center(C),Less Than 8 ft.,6,38,50,1,0,20251024,MEM,MIA,2250009450,1890,0,0,203952|1626181|1628389|1630558|1642276
Shot Chart Detail,0022500094,52,1630583,Santi Aldama,1610612748,Memphis Grizzlies,1,8,47,Made Shot,Reverse Layup Shot,2PT Field Goal,Restricted Area,Center(C),Less Than 8 ft.,1,7,8,1,1,20251024,MEM,MIA,2250009452,1930,0,0,203952|1626181|1628389|1630558|1642276
Shot Chart Detail,0022500094,62,1642377,Jaylen Wells,1610612748,Memphis Grizzlies,1,8,25,Missed Shot,Jump Shot,3PT Field Goal,Above the Break 3,Center(C),24+ ft.,26,-69,253,1,0,20251024,MEM,MIA,2250009462,2150,0,0,203952|1626181|1628389|1630558|1642276
Shot Chart Detail,0022500094,68,1642907,Cedric Coward,1610612748,Memphis Grizzlies,1,8,2,Made Shot,Turnaround Fadeaway shot,2PT Field Goal,In The Paint (Non-RA),Center(C),Less Than 8 ft.,6,-66,19,1,1,20251024,MEM,MIA,2250009468,2380,0,0,203952|1626181|1628389|1630558|1642276
Shot Chart Detail,0022500094,80,1629630,Ja Morant,1610612748,Memphis Grizzlies,1,7,24,Missed Shot,Pullup Jump shot,2PT Field Goal,In The Paint (Non-RA),Left Side(L),8-16 ft.,11,-77,92,1,0,20251024,MEM,MIA,2250009480,2760,0,0,203952|1626181|1628389|1630558|1642276
Shot Chart Detail,0022500094,83,1641790,PJ Hall,1610612748,Memphis Grizzlies,1,7,15,Made Shot,Alley Oop Layup shot,2PT Field Goal,Restricted Area,Center(C),Less Than 8 ft.,2,20,19,1,1,20251024,MEM,MIA,2250009483,2850,0,1,203952|1626181|1628389|1630558|1642276
Shot Chart Detail,0022500094,91,1630583,Santi Aldama,1610612748,Memphis Grizzlies,1,6,35,Made Shot,Driving Floating Bank Jump Shot,2PT Field Goal,In The Paint (Non-RA),Center(C),Less Than 8 ft.,7,69,36,1,1,20251024,MEM,MIA,2250009491,3250,0,1,203952|1626181|1628389|1630558|1642276
Shot Chart Detail,0022500094,105,1630583,Santi Aldama,1610612748,Memphis Grizzlies,1,6,9,Made Shot,Jump Shot,3PT Field Goal,Above the Break 3,Right Side Center(RC),24+ ft.,28,141,251,1,1,20251024,MEM,MIA,22500094105,3510,0,1,203952|1626181|1628389|1630558|1631170
Shot Chart Detail,0022500094,108,1628991,Jaren Jackson Jr.,1610612748,Memphis Grizzlies,1,5,32,Missed Shot,Turnaround Hook Shot,2PT Field Goal,In The Paint (Non-RA),Center(C),Less Than 8 ft.,7,29,69,1,0,20251024,MEM,MIA,22500094108,3880,0,0,203952|1626181|1628389|1630558|1631170
Shot Chart Detail,0022500094,112,1628991,Jaren Jackson Jr.,1610612748,Memphis Grizzlies,1,4,51,Missed Shot,Turnaround Hook Shot,2PT Field Goal,Mid-Range,Right Side(R),8-16 ft.,9,99,0,1,0,20251024,MEM,MIA,22500094112,4290,0,0,203952|1626181|1628389|1630558|1631170
Shot Chart Detail,0022500094,116,203484,Kentavious Caldwell-Pope,1610612748,Memphis Grizzlies,1,4,31,Missed Shot,Jump Shot,3PT Field Goal,Left Corner 3,Left Side(L),24+ ft.,23,-224,77,1,0,20251024,MEM,MIA,22500094116,4490,0,0,203952|1626181|1628389|1630558|1631170
Shot Chart Detail,0022500094,120,1628991,Jaren Jackson Jr.,1610612748,Memphis Grizzlies,1,4,4,Missed Shot,Turnaround Jump Shot,2PT Field Goal,In The Paint (Non-RA),Center(C),8-16 ft.,10,21,105,1,0,20251024,MEM,MIA,22500094120,4760,0,0,203952|1626181|1628389|1630558|1631170
Shot Chart Detail,0022500094,135,1628991,Jaren Jackson Jr.,1610612748,Memphis Grizzlies,1,3,40,Missed Shot,Jump Shot,3PT Field Goal,Above the Break 3,Center(C),24+ ft.,24,-1,246,1,0,20251024,MEM,MIA,22500094135,5000,0,0,1626181|1628389|1630696|1631107|1631170
Shot Chart Detail,0022500094,138,1630583,Santi Aldama,1610612748,Memphis Grizzlies,1,3,5,Missed Shot,Driving Floating Jump Shot,2PT Field Goal,In The Paint (Non-RA),Center(C),Less Than 8 ft.,7,70,32,1,0,20251024,MEM,MIA,22500094138,5350,0,0,1626181|1628389|1630696|1631107|1631170
Shot Chart Detail,0022500094,142,1642914,Javon Small,1610612748,Memphis Grizzlies,1,2,42,Missed Shot,Pullup Jump shot,3PT Field Goal,Above the Break 3,Center(C),24+ ft.,24,39,243,1,0,20251024,MEM,MIA,22500094142,5580,0,0,1626181|1628389|1630696|1631107|1631170
Shot Chart Detail,0022500094,146,203484,Kentavious Caldwell-Pope,1610612748,Memphis Grizzlies,1,2,16,Missed Shot,Driving Floating Jump Shot,2PT Field Goal,In The Paint (Non-RA),Center(C),Less Than 8 ft.,4,-47,16,1,0,20251024,MEM,MIA,22500094146,5840,0,0,1626181|1628389|1630696|1631107|1631170
Shot Chart Detail,0022500094,166,1642377,Jaylen Wells,1610612748,Memphis Grizzlies,1,1,41,Missed Shot,Pullup Jump shot,3PT Field Goal,Above the Break 3,Left Side Center(LC),24+ ft.,24,-164,184,1,0,20251024,MEM,MIA,22500094166,6190,0,0,1630696|1631107|1631170|1631323|1642276
Shot Chart Detail,0022500094,173,1629630,Ja Morant,1610612748,Memphis Grizzlies,1,1,15,Made Shot,Driving Floating Jump Shot,2PT Field Goal,In The Paint (Non-RA),Center(C),Less Than 8 ft.,7,56,53,1,1,20251024,MEM,MIA,22500094173,6450,0,0,1630696|1631107|1631170|1631323|1642276
Shot Chart Detail,0022500094,182,1629111,Jock Landale,1610612748,Memphis Grizzlies,1,0,29,Missed Shot,Jump Shot,3PT Field Goal,Above the Break 3,Center(C),24+ ft.,26,7,261,1,0,20251024,MEM,MIA,22500094182,6910,0,0,1630696|1631107|1631170|1631323|1642276
Shot Chart Detail,0022500094,186,1629630,Ja Morant,1610612748,Memphis Grizzlies,1,0,1,Missed Shot,Driving Floating Jump Shot,2PT Field Goal,In The Paint (Non-RA),Center(C),8-16 ft.,12,62,108,1,0,20251024,MEM,MIA,22500094186,7190,0,0,1630696|1631107|1631170|1631323|1642276
Shot Chart Detail,0022500094,194,1641713,GG Jackson,1610612748,Memphis Grizzlies,2,11,29,Missed Shot,Jump Shot,3PT Field Goal,Right Corner 3,Right Side(R),24+ ft.,23,234,26,1,0,20251024,MEM,MIA,22500094194,7510,0,0,1630696|1631107|1631170|1631323|1642276
Shot Chart Detail,0022500094,198,1642377,Jaylen Wells,1610612748,Memphis Grizzlies,2,11,19,Missed Shot,Jump Shot,3PT Field Goal,Right Corner 3,Right Side(R),24+ ft.,23,233,16,1,0,20251024,MEM,MIA,22500094198,7610,0,0,1630696|1631107|1631170|1631323|1642276
Shot Chart Detail,0022500094,200,1641713,GG Jackson,1610612748,Memphis Grizzlies,2,11,13,Missed Shot,Turnaround Jump Shot,2PT Field Goal,In The Paint (Non-RA),Center(C),Less Than 8 ft.,6,4,66,1,0,20251024,MEM,MIA,22500094200,7670,0,0,1630696|1631107|1631170|1631323|1642276
Shot Chart Detail,0022500094,206,1629111,Jock Landale,1610612748,Memphis Grizzlies,2,10,54,Missed Shot,Jump Shot,3PT Field Goal,Above the Break 3,Right Side Center(RC),24+ ft.,25,96,236,1,0,20251024,MEM,MIA,22500094206,7860,0,0,1630696|1631107|1631170|1631323|1642276
Shot Chart Detail,0022500094,210,1629630,Ja Morant,1610612748,Memphis Grizzlies,2,10,30,Missed Shot,Driving Reverse Layup Shot,2PT Field Goal,Restricted Area,Center(C),Less Than 8 ft.,2,25,6,1,0,20251024,MEM,MIA,22500094210,8100,0,0,1630696|1631107|1631170|1631323|1642276
Shot Chart Detail,0022500094,214,1642377,Jaylen Wells,1610612748,Memphis Grizzlies,2,10,3,Made Shot,Jump Shot,3PT Field Goal,Above the Break 3,Left Side Center(LC),24+ ft.,24,-98,226,1,1,20251024,MEM,MIA,22500094214,8370,0,1,1630696|1631107|1631170|1631323|1642276
Shot Chart Detail,0022500094,228,1642377,Jaylen Wells,1610612748,Memphis Grizzlies,2,9,2,Missed Shot,Cutting Dunk Shot,2PT Field Goal,Restricted Area,Center(C),Less Than 8 ft.,0,1,6,1,0,20251024,MEM,MIA,22500094228,8980,0,0,1628389|1630696|1631107|1631170|1631323
Shot Chart Detail,0022500094,239,1642914,Javon Small,1610612748,Memphis Grizzlies,2,8,38,Missed Shot,Step Back Jump shot,3PT Field Goal,Left Corner 3,Left Side(L),24+ ft.,24,-229,79,1,0,20251024,MEM,MIA,22500094239,9220,0,0,1628389|1630696|1631107|1631170|1631323
Shot Chart Detail,0022500094,245,1641765,Olivier-Maxence Prosper,1610612748,Memphis Grizzlies,2,8,13,Made Shot,Cutting Dunk Shot,2PT Field Goal,Restricted Area,Center(C),Less Than 8 ft.,1,2,13,1,1,20251024,MEM,MIA,22500094245,9470,0,1,1628389|1630696|1631107|1631170|1631323
Shot Chart Detail,0022500094,249,1628991,Jaren Jackson Jr.,1610612748,Memphis Grizzlies,2,7,44,Made Shot,Alley Oop Dunk Shot,2PT Field Goal,Restricted Area,Center(C),Less Than 8 ft.,1,9,6,1,1,20251024,MEM,MIA,22500094249,9760,0,1,1628389|1630696|1631107|1631170|1631323
Shot Chart Detail,0022500094,253,1642914,Javon Small,1610612748,Memphis Grizzlies,2,7,21,Missed Shot,Driving Floating Jump Shot,2PT Field Goal,In The Paint (Non-RA),Center(C),8-16 ft.,11,43,103,1,0,20251024,MEM,MIA,22500094253,9990,0,0,1628389|1630696|1631107|1631170|1631323
Shot Chart Detail,0022500094,272,1641765,Olivier-Maxence Prosper,1610612748,Memphis Grizzlies,2,6,36,Made Shot,Driving Floating Jump Shot,2PT Field Goal,In The Paint (Non-RA),Center(C),Less Than 8 ft.,5,-1,52,1,1,20251024,MEM,MIA,22500094272,10440,0,1,203952|1628389|1630558|1631107|1631323
Shot Chart Detail,0022500094,295,203484,Kentavious Caldwell-Pope,1610612748,Memphis Grizzlies,2,5,25,Missed Shot,Jump Shot,3PT Field Goal,Above the Break 3,Center(C),24+ ft.,25,59,250,1,0,20251024,MEM,MIA,22500094295,11150,0,0,203952|1626181|1630558|1631107|1642276
Shot Chart Detail,0022500094,299,1642914,Javon Small,1610612748,Memphis Grizzlies,2,5,0,Missed Shot,Pullup Jump shot,3PT Field Goal,Above the Break 3,Left Side Center(LC),24+ ft.,24,-135,208,1,0,20251024,MEM,MIA,22500094299,11400,0,0,203952|1626181|1630558|1631107|1642276
Shot Chart Detail,0022500094,303,1629111,Jock Landale,1610612748,Memphis Grizzlies,2,4,31,Made Shot,Jump Shot,2PT Field Goal,In The Paint (Non-RA),Center(C),8-16 ft.,11,1,114,1,1,20251024,MEM,MIA,22500094303,11690,0,1,203952|1626181|1630558|1631107|1642276
Shot Chart Detail,0022500094,314,1628991,Jaren Jackson Jr.,1610612748,Memphis Grizzlies,2,3,59,Missed Shot,Jump Shot,3PT Field Goal,Above the Break 3,Center(C),24+ ft.,25,2,253,1,0,20251024,MEM,MIA,22500094314,12010,0,0,203952|1626181|1630558|1631170|1642276
Shot Chart Detail,0022500094,342,1629630,Ja Morant,1610612748,Memphis Grizzlies,2,2,42,Made Shot,Running Layup Shot,2PT Field Goal,Restricted Area,Center(C),Less Than 8 ft.,3,28,22,1,1,20251024,MEM,MIA,22500094342,12780,0,0,203952|1626181|1628389|1630558|1631170
Shot Chart Detail,0022500094,347,1630583,Santi Aldama,1610612748,Memphis Grizzlies,2,2,17,Made Shot,Reverse Layup Shot,2PT Field Goal,Restricted Area,Center(C),Less Than 8 ft.,2,-23,1,1,1,20251024,MEM,MIA,22500094347,13030,0,1,203952|1626181|1628389|1630558|1631170
Shot Chart Detail,0022500094,356,1642377,Jaylen Wells,1610612748,Memphis Grizzlies,2,1,47,Missed Shot,Jump Shot,3PT Field Goal,Above the Break 3,Right Side Center(RC),24+ ft.,25,205,152,1,0,20251024,MEM,MIA,22500094356,13330,0,0,203952|1626181|1628389|1630558|1631170
Shot Chart Detail,0022500094,358,1630583,Santi Aldama,1610612748,Memphis Grizzlies,2,1,43,Missed Shot,Putback Layup Shot,2PT Field Goal,In The Paint (Non-RA),Center(C),Less Than 8 ft.,6,59,19,1,0,20251024,MEM,MIA,22500094358,13370,0,0,203952|1626181|1628389|1630558|1631170
Shot Chart Detail,0022500094,367,203484,Kentavious Caldwell-Pope,1610612748,Memphis Grizzlies,2,1,13,Missed Shot,Running Jump Shot,3PT Field Goal,Left Corner 3,Left Side(L),24+ ft.,23,-232,10,1,0,20251024,MEM,MIA,22500094367,13670,0,0,203952|1626181|1628389|1630558|1631170
Shot Chart Detail,0022500094,374,1642377,Jaylen Wells,1610612748,Memphis Grizzlies,2,0,55,Made Shot,Jump Shot,3PT Field Goal,Above the Break 3,Right Side Center(RC),24+ ft.,27,192,200,1,1,20251024,MEM,MIA,22500094374,13850,0,1,203952|1626181|1628389|1630558|1631170
Shot Chart Detail,0022500094,382,1629630,Ja Morant,1610612748,Memphis Grizzlies,2,0,30,Missed Shot,Pullup Jump shot,3PT Field Goal,Above the Break 3,Right Side Center(RC),24+ ft.,25,146,211,1,0,20251024,MEM,MIA,22500094382,14100,0,0,203952|1626181|1628389|1630558|1631170
Shot Chart Detail,0022500094,387,1629630,Ja Morant,1610612748,Memphis Grizzlies,2,0,0,Missed Shot,Driving Floating Jump Shot,2PT Field Goal,In The Paint (Non-RA),Center(C),8-16 ft.,8,-17,79,1,0,20251024,MEM,MIA,22500094387,14400,0,0,203952|1626181|1628389|1630558|1642276
Shot Chart Detail,0022500094,398,1642377,Jaylen Wells,1610612748,Memphis Grizzlies,3,11,32,Made Shot,Pullup Jump shot,3PT Field Goal,Above the Break 3,Center(C),24+ ft.,28,29,280,1,1,20251024,MEM,MIA,22500094398,14680,0,0,203952|1626181|1628389|1630558|1642276
Shot Chart Detail,0022500094,406,1628991,Jaren Jackson Jr.,1610612748,Memphis Grizzlies,3,10,49,Made Shot,Running Jump Shot,3PT Field Goal,Above the Break 3,Right Side Center(RC),24+ ft.,26,151,216,1,1,20251024,MEM,MIA,22500094406,15110,0,1,203952|1626181|1628389|1630558|1642276
Shot Chart Detail,0022500094,411,1628991,Jaren Jackson Jr.,1610612748,Memphis Grizzlies,3,10,16,Missed Shot,Jump Shot,3PT Field Goal,Above the Break 3,Left Side Center(LC),24+ ft.,25,-196,160,1,0,20251024,MEM,MIA,22500094411,15440,0,0,203952|1626181|1628389|1630558|1642276
Shot Chart Detail,0022500094,417,1642377,Jaylen Wells,1610612748,Memphis Grizzlies,3,9,47,Missed Shot,Driving Floating Bank Jump Shot,2PT Field Goal,In The Paint (Non-RA),Left Side(L),8-16 ft.,9,-58,81,1,0,20251024,MEM,MIA,22500094417,15730,0,0,203952|1626181|1628389|1630558|1642276
Shot Chart Detail,0022500094,425,1628991,Jaren Jackson Jr.,1610612748,Memphis Grizzlies,3,9,36,Missed Shot,Driving Hook Shot,2PT Field Goal,In The Paint (Non-RA),Center(C),Less Than 8 ft.,7,-67,42,1,0,20251024,MEM,MIA,22500094425,15840,0,0,203952|1626181|1628389|1630558|1642276
Shot Chart Detail,0022500094,430,203484,Kentavious Caldwell-Pope,1610612748,Memphis Grizzlies,3,9,8,Made Shot,Jump Shot,3PT Field Goal,Above the Break 3,Right Side Center(RC),24+ ft.,25,92,243,1,1,20251024,MEM,MIA,22500094430,16120,0,1,203952|1626181|1628389|1630558|1642276
Shot Chart Detail,0022500094,439,1629630,Ja Morant,1610612748,Memphis Grizzlies,3,8,43,Missed Shot,Jump Shot,3PT Field Goal,Above the Break 3,Right Side Center(RC),24+ ft.,24,208,136,1,0,20251024,MEM,MIA,22500094439,16370,0,0,203952|1626181|1628389|1630558|1642276
Shot Chart Detail,0022500094,441,1629630,Ja Morant,1610612748,Memphis Grizzlies,3,8,40,Missed Shot,Reverse Layup Shot,2PT Field Goal,Restricted Area,Center(C),Less Than 8 ft.,2,-15,22,1,0,20251024,MEM,MIA,22500094441,16400,0,0,203952|1626181|1628389|1630558|1642276
Shot Chart Detail,0022500094,449,1629630,Ja Morant,1610612748,Memphis Grizzlies,3,8,0,Missed Shot,Jump Shot,3PT Field Goal,Left Corner 3,Left Side(L),24+ ft.,22,-227,22,1,0,20251024,MEM,MIA,22500094449,16800,0,0,203952|1626181|1628389|1630558|1642276
Shot Chart Detail,0022500094,451,1630583,Santi Aldama,1610612748,Memphis Grizzlies,3,7,54,Missed Shot,Step Back Jump shot,3PT Field Goal,Above the Break 3,Center(C),24+ ft.,26,-75,252,1,0,20251024,MEM,MIA,22500094451,16860,0,0,203952|1626181|1628389|1630558|1642276
Shot Chart Detail,0022500094,453,1630583,Santi Aldama,1610612748,Memphis Grizzlies,3,7,45,Made Shot,Jump Shot,2PT Field Goal,Mid-Range,Center(C),16-24 ft.,23,71,220,1,1,20251024,MEM,MIA,22500094453,16950,0,1,203952|1626181|1628389|1630558|1642276
Shot Chart Detail,0022500094,458,1629630,Ja Morant,1610612748,Memphis Grizzlies,3,7,9,Missed Shot,Driving Floating Jump Shot,2PT Field Goal,In The Paint (Non-RA),Center(C),8-16 ft.,9,-4,97,1,0,20251024,MEM,MIA,22500094458,17310,0,0,203952|1626181|1628389|1630558|1642276
Shot Chart Detail,0022500094,471,1628991,Jaren Jackson Jr.,1610612748,Memphis Grizzlies,3,6,31,Made Shot,Finger Roll Layup Shot,2PT Field Goal,In The Paint (Non-RA),Center(C),Less Than 8 ft.,4,16,41,1,1,20251024,MEM,MIA,22500094471,17690,0,1,203952|1626181|1630558|1631170|1642276
Shot Chart Detail,0022500094,486,1628991,Jaren Jackson Jr.,1610612748,Memphis Grizzlies,3,5,45,Made Shot,Layup Shot,2PT Field Goal,Restricted Area,Center(C),Less Than 8 ft.,3,20,25,1,1,20251024,MEM,MIA,22500094486,18150,0,1,203952|1626181|1628389|1630696|1631170
Shot Chart Detail,0022500094,490,1642907,Cedric Coward,1610612748,Memphis Grizzlies,3,5,25,Made Shot,Running Reverse Layup Shot,2PT Field Goal,Restricted Area,Center(C),Less Than 8 ft.,0,6,7,1,1,20251024,MEM,MIA,22500094490,18350,0,0,203952|1626181|1628389|1630696|1631170
Shot Chart Detail,0022500094,501,1630583,Santi Aldama,1610612748,Memphis Grizzlies,3,4,32,Made Shot,Floating Jump shot,2PT Field Goal,In The Paint (Non-RA),Right Side(R),8-16 ft.,8,67,59,1,1,20251024,MEM,MIA,22500094501,18880,0,1,203952|1626181|1628389|1630696|1631170
Shot Chart Detail,0022500094,505,1628991,Jaren Jackson Jr.,1610612748,Memphis Grizzlies,3,4,4,Made Shot,Turnaround Jump Shot,2PT Field Goal,Mid-Range,Right Side(R),8-16 ft.,10,102,26,1,1,20251024,MEM,MIA,22500094505,19160,0,0,203952|1626181|1628389|1630696|1631170
Shot Chart Detail,0022500094,536,203484,Kentavious Caldwell-Pope,1610612748,Memphis Grizzlies,3,2,36,Made Shot,Pullup Jump shot,3PT Field Goal,Above the Break 3,Right Side Center(RC),24+ ft.,25,131,223,1,1,20251024,MEM,MIA,22500094536,20040,0,1,1628389|1630696|1631107|1631170|1631323
Shot Chart Detail,0022500094,550,1642285,Cam Spencer,1610612748,Memphis Grizzlies,3,1,32,Missed Shot,Driving Floating Jump Shot,2PT Field Goal,Mid-Range,Right Side(R),8-16 ft.,11,112,33,1,0,20251024,MEM,MIA,22500094550,20680,0,0,1628389|1630696|1631107|1631170|1631323
Shot Chart Detail,0022500094,554,1641713,GG Jackson,1610612748,Memphis Grizzlies,3,1,19,Missed Shot,Running Finger Roll Layup Shot,2PT Field Goal,Restricted Area,Center(C),Less Than 8 ft.,2,15,16,1,0,20251024,MEM,MIA,22500094554,20810,0,0,1628389|1630696|1631107|1631170|1631323
Shot Chart Detail,0022500094,562,1629630,Ja Morant,1610612748,Memphis Grizzlies,3,0,49,Missed Shot,Step Back Jump shot,3PT Field Goal,Above the Break 3,Left Side Center(LC),24+ ft.,25,-99,237,1,0,20251024,MEM,MIA,22500094562,21110,0,0,1628389|1630696|1631107|1631170|1631323
Shot Chart Detail,0022500094,572,1642285,Cam Spencer,1610612748,Memphis Grizzlies,3,0,2,Missed Shot,Jump Shot,3PT Field Goal,Above the Break 3,Left Side Center(LC),24+ ft.,26,-178,191,1,0,20251024,MEM,MIA,22500094572,21580,0,0,1628389|1630696|1631107|1631170|1631323
Shot Chart Detail,0022500094,584,1642907,Cedric Coward,1610612748,Memphis Grizzlies,4,11,41,Made Shot,Driving Floating Jump Shot,2PT Field Goal,In The Paint (Non-RA),Center(C),8-16 ft.,8,28,84,1,1,20251024,MEM,MIA,22500094584,21790,0,1,1630696|1631107|1631170|1631323|1642276
Shot Chart Detail,0022500094,592,1641713,GG Jackson,1610612748,Memphis Grizzlies,4,11,4,Missed Shot,Jump Shot,3PT Field Goal,Above the Break 3,Right Side Center(RC),24+ ft.,28,154,241,1,0,20251024,MEM,MIA,22500094592,22160,0,0,1630696|1631107|1631170|1631323|1642276
Shot Chart Detail,0022500094,595,1642907,Cedric Coward,1610612748,Memphis Grizzlies,4,10,46,Missed Shot,Step Back Jump shot,3PT Field Goal,Above the Break 3,Center(C),24+ ft.,26,-54,258,1,0,20251024,MEM,MIA,22500094595,22340,0,0,1630696|1631107|1631170|1631323|1642276
Shot Chart Detail,0022500094,597,1641765,Olivier-Maxence Prosper,1610612748,Memphis Grizzlies,4,10,40,Missed Shot,Tip Layup Shot,2PT Field Goal,Restricted Area,Center(C),Less Than 8 ft.,0,0,0,1,0,20251024,MEM,MIA,22500094597,22400,0,0,1630696|1631107|1631170|1631323|1642276
Shot Chart Detail,0022500094,616,1641713,GG Jackson,1610612748,Memphis Grizzlies,4,9,40,Made Shot,Running Finger Roll Layup Shot,2PT Field Goal,In The Paint (Non-RA),Center(C),Less Than 8 ft.,4,37,18,1,1,20251024,MEM,MIA,22500094616,23000,0,1,1630696|1631107|1631170|1631323|1642276
Shot Chart Detail,0022500094,621,1642907,Cedric Coward,1610612748,Memphis Grizzlies,4,9,23,Missed Shot,Jump Shot,3PT Field Goal,Above the Break 3,Left Side Center(LC),24+ ft.,25,-205,144,1,0,20251024,MEM,MIA,22500094621,23170,0,0,1630696|1631107|1631170|1631323|1642276
Shot Chart Detail,0022500094,625,1642285,Cam Spencer,1610612748,Memphis Grizzlies,4,9,6,Missed Shot,Running Jump Shot,3PT Field Goal,Above the Break 3,Left Side Center(LC),24+ ft.,26,-96,243,1,0,20251024,MEM,MIA,22500094625,23340,0,0,1630696|1631107|1631170|1631323|1642276
Shot Chart Detail,0022500094,629,1641713,GG Jackson,1610612748,Memphis Grizzlies,4,8,58,Made Shot,Cutting Dunk Shot,2PT Field Goal,Restricted Area,Center(C),Less Than 8 ft.,2,21,20,1,1,20251024,MEM,MIA,22500094629,23420,0,1,1630696|1631107|1631170|1631323|1642276
Shot Chart Detail,0022500094,632,1641713,GG Jackson,1610612748,Memphis Grizzlies,4,8,27,Missed Shot,Jump Shot,3PT Field Goal,Above the Break 3,Center(C),24+ ft.,25,-16,257,1,0,20251024,MEM,MIA,22500094632,23730,0,0,1630696|1631107|1631170|1631323|1642276
Shot Chart Detail,0022500094,638,1642907,Cedric Coward,1610612748,Memphis Grizzlies,4,7,58,Missed Shot,Driving Finger Roll Layup Shot,2PT Field Goal,In The Paint (Non-RA),Center(C),Less Than 8 ft.,4,21,41,1,0,20251024,MEM,MIA,22500094638,24020,0,0,1630696|1631107|1631170|1631323|1642276
Shot Chart Detail,0022500094,659,1629723,John Konchar,1610612748,Memphis Grizzlies,4,6,54,Made Shot,Jump Shot,3PT Field Goal,Above the Break 3,Left Side Center(LC),24+ ft.,25,-180,176,1,1,20251024,MEM,MIA,22500094659,24660,0,1,1630696|1631107|1631323|1641796|1642352
Shot Chart Detail,0022500094,672,1642914,Javon Small,1610612748,Memphis Grizzlies,4,6,11,Missed Shot,Step Back Jump shot,3PT Field Goal,Above the Break 3,Left Side Center(LC),24+ ft.,26,-196,173,1,0,20251024,MEM,MIA,22500094672,25090,0,0,1631107|1631323|1641796|1642352|1642443
Shot Chart Detail,0022500094,678,1642914,Javon Small,1610612748,Memphis Grizzlies,4,5,41,Missed Shot,Driving Floating Bank Jump Shot,2PT Field Goal,In The Paint (Non-RA),Center(C),Less Than 8 ft.,7,-65,33,1,0,20251024,MEM,MIA,22500094678,25390,0,0,1631107|1631323|1641796|1642352|1642443
Shot Chart Detail,0022500094,681,1642907,Cedric Coward,1610612748,Memphis Grizzlies,4,5,31,Made Shot,Jump Shot,3PT Field Goal,Above the Break 3,Center(C),24+ ft.,25,34,256,1,1,20251024,MEM,MIA,22500094681,25490,0,1,1631107|1631323|1641796|1642352|1642443
Shot Chart Detail,0022500094,688,1642907,Cedric Coward,1610612748,Memphis Grizzlies,4,4,49,Missed Shot,Running Jump Shot,3PT Field Goal,Above the Break 3,Right Side Center(RC),24+ ft.,25,163,194,1,0,20251024,MEM,MIA,22500094688,25910,0,0,1631107|1631323|1641796|1642352|1642443
Shot Chart Detail,0022500094,691,1642907,Cedric Coward,1610612748,Memphis Grizzlies,4,4,45,Made Shot,Jump Shot,3PT Field Goal,Left Corner 3,Left Side(L),24+ ft.,22,-225,20,1,1,20251024,MEM,MIA,22500094691,25950,0,1,1631107|1631323|1641796|1642352|1642443
Shot Chart Detail,0022500094,696,1641790,PJ Hall,1610612748,Memphis Grizzlies,4,4,7,Missed Shot,Jump Shot,3PT Field Goal,Above the Break 3,Center(C),24+ ft.,26,-1,267,1,0,20251024,MEM,MIA,22500094696,26330,0,0,1631107|1631323|1641796|1642352|1642443
Shot Chart Detail,0022500094,714,1642914,Javon Small,1610612748,Memphis Grizzlies,4,3,41,Made Shot,Running Jump Shot,3PT Field Goal,Above the Break 3,Center(C),24+ ft.,27,-43,267,1,1,20251024,MEM,MIA,22500094714,26590,0,1,1631107|1631323|1641796|1642352|1642443
Shot Chart Detail,0022500094,719,1642285,Cam Spencer,1610612748,Memphis Grizzlies,4,3,9,Missed Shot,Jump Shot,3PT Field Goal,Right Corner 3,Right Side(R),24+ ft.,23,225,48,1,0,20251024,MEM,MIA,22500094719,26910,0,0,1631107|1631323|1641796|1642352|1642443
Shot Chart Detail,0022500094,729,1642914,Javon Small,1610612748,Memphis Grizzlies,4,2,8,Missed Shot,Driving Floating Jump Shot,2PT Field Goal,In The Paint (Non-RA),Center(C),Less Than 8 ft.,7,1,74,1,0,20251024,MEM,MIA,22500094729,27520,0,0,1631107|1631323|1641796|1642352|1642443
Shot Chart Detail,0022500094,746,1641790,PJ Hall,1610612748,Memphis Grizzlies,4,1,31,Made Shot,Running Dunk Shot,2PT Field Goal,Restricted Area,Center(C),Less Than 8 ft.,2,15,20,1,1,20251024,MEM,MIA,22500094746,27890,0,1,1631107|1631323|1641796|1642352|1642443
Shot Chart Detail,0022500094,750,1641790,PJ Hall,1610612748,Memphis Grizzlies,4,1,4,Made Shot,Jump Shot,3PT Field Goal,Above the Break 3,Center(C),24+ ft.,26,32,259,1,1,20251024,MEM,MIA,22500094750,28160,0,1,1631107|1631323|1641796|1642352|1642443
Shot Chart Detail,0022500094,754,1642285,Cam Spencer,1610612748,Memphis Grizzlies,4,0,44,Missed Shot,Jump Shot,3PT Field Goal,Above the Break 3,Center(C),24+ ft.,28,-88,273,1,0,20251024,MEM,MIA,22500094754,28360,0,0,1631107|1631323|1641796|1642352|1642443
Shot Chart Detail,0022500094,757,1642914,Javon Small,1610612748,Memphis Grizzlies,4,0,12,Made Shot,Step Back Jump shot,3PT Field Goal,Above the Break 3,Left Side Center(LC),24+ ft.,29,-120,268,1,1,20251024,MEM,MIA,22500094757,28680,0,0,1631107|1631323|1641796|1642352|1642443
Shot Chart Detail,0022500108,9,1626157,Karl-Anthony Towns,1610612748,New York Knicks,1,11,36,Missed Shot,Running Jump Shot,3PT Field Goal,Above the Break 3,Center(C),24+ ft.,26,-5,262,1,0,20251026,MIA,NYK,225001089,240,0,0,203952|1626181|1628389|1630558|1642276
Shot Chart Detail,0022500108,15,1628973,Jalen Brunson,1610612748,New York Knicks,1,11,3,Made Shot,Jump Shot,3PT Field Goal,Above the Break 3,Left Side Center(LC),24+ ft.,26,-173,204,1,1,20251026,MIA,NYK,2250010815,570,0,1,203952|1626181|1628389|1630558|1642276
Shot Chart Detail,0022500108,18,1628973,Jalen Brunson,1610612748,New York Knicks,1,10,26,Missed Shot,Pullup Jump shot,3PT Field Goal,Above the Break 3,Left Side Center(LC),24+ ft.,27,-205,184,1,0,20251026,MIA,NYK,2250010818,940,0,0,203952|1626181|1628389|1630558|1642276
Shot Chart Detail,0022500108,22,1628384,OG Anunoby,1610612748,New York Knicks,1,10,1,Missed Shot,Jump Shot,3PT Field Goal,Above the Break 3,Left Side Center(LC),24+ ft.,27,-218,162,1,0,20251026,MIA,NYK,2250010822,1190,0,0,203952|1626181|1628389|1630558|1642276
Shot Chart Detail,0022500108,24,1628384,OG Anunoby,1610612748,New York Knicks,1,9,51,Missed Shot,Driving Layup Shot,2PT Field Goal,Restricted Area,Center(C),Less Than 8 ft.,2,-17,17,1,0,20251026,MIA,NYK,2250010824,1290,0,0,203952|1626181|1628389|1630558|1642276
Shot Chart Detail,0022500108,28,1628969,Mikal Bridges,1610612748,New York Knicks,1,9,31,Made Shot,Cutting Layup Shot,2PT Field Goal,Restricted Area,Center(C),Less Than 8 ft.,2,-21,17,1,1,20251026,MIA,NYK,2250010828,1490,0,1,203952|1626181|1628389|1630558|1642276
Shot Chart Detail,0022500108,40,1628973,Jalen Brunson,1610612748,New York Knicks,1,8,58,Missed Shot,Turnaround Fadeaway shot,2PT Field Goal,Mid-Range,Right Side(R),8-16 ft.,9,98,8,1,0,20251026,MIA,NYK,2250010840,1820,0,0,203952|1626181|1628389|1630558|1642276
Shot Chart Detail,0022500108,50,1628973,Jalen Brunson,1610612748,New York Knicks,1,8,24,Made Shot,Driving Floating Jump Shot,2PT Field Goal,In The Paint (Non-RA),Center(C),Less Than 8 ft.,7,25,67,1,1,20251026,MIA,NYK,2250010850,2160,0,1,203952|1626181|1628389|1630558|1642276
Shot Chart Detail,0022500108,53,1626157,Karl-Anthony Towns,1610612748,New York Knicks,1,8,7,Missed Shot,Running Jump Shot,3PT Field Goal,Above the Break 3,Center(C),24+ ft.,27,2,277,1,0,20251026,MIA,NYK,2250010853,2330,0,0,203952|1626181|1628389|1630558|1642276
Shot Chart Detail,0022500108,55,1626157,Karl-Anthony Towns,1610612748,New York Knicks,1,8,2,Missed Shot,Jump Shot,3PT Field Goal,Above the Break 3,Left Side Center(LC),24+ ft.,27,-168,217,1,0,20251026,MIA,NYK,2250010855,2380,0,0,203952|1626181|1628389|1630558|1642276
Shot Chart Detail,0022500108,70,1628384,OG Anunoby,1610612748,New York Knicks,1,7,1,Made Shot,Step Back Jump shot,3PT Field Goal,Above the Break 3,Center(C),24+ ft.,27,-34,275,1,1,20251026,MIA,NYK,2250010870,2990,0,1,203952|1626181|1628389|1630558|1642276
Shot Chart Detail,0022500108,74,1626157,Karl-Anthony Towns,1610612748,New York Knicks,1,6,38,Made Shot,Driving Layup Shot,2PT Field Goal,Restricted Area,Center(C),Less Than 8 ft.,3,-27,15,1,1,20251026,MIA,NYK,2250010874,3220,0,0,203952|1626181|1628389|1630558|1631170
Shot Chart Detail,0022500108,84,1628404,Josh Hart,1610612748,New York Knicks,1,5,24,Missed Shot,Jump Shot,3PT Field Goal,Right Corner 3,Right Side(R),24+ ft.,22,227,-1,1,0,20251026,MIA,NYK,2250010884,3960,0,0,203952|1626181|1628389|1630558|1631170
Shot Chart Detail,0022500108,101,1627824,Guerschon Yabusele,1610612748,New York Knicks,1,4,37,Missed Shot,Jump Shot,3PT Field Goal,Above the Break 3,Right Side Center(RC),24+ ft.,25,98,236,1,0,20251026,MIA,NYK,22500108101,4430,0,0,203952|1626181|1630696|1631170|1642276
Shot Chart Detail,0022500108,106,1628973,Jalen Brunson,1610612748,New York Knicks,1,4,19,Made Shot,Driving Layup Shot,2PT Field Goal,Restricted Area,Center(C),Less Than 8 ft.,2,16,20,1,1,20251026,MIA,NYK,22500108106,4610,0,0,203952|1626181|1630696|1631170|1642276
Shot Chart Detail,0022500108,112,1628973,Jalen Brunson,1610612748,New York Knicks,1,3,42,Made Shot,Pullup Jump shot,2PT Field Goal,In The Paint (Non-RA),Center(C),Less Than 8 ft.,7,-4,78,1,1,20251026,MIA,NYK,22500108112,4980,0,1,203952|1626181|1630696|1631170|1642276
Shot Chart Detail,0022500108,114,1629013,Landry Shamet,1610612748,New York Knicks,1,3,7,Missed Shot,Jump Shot,3PT Field Goal,Right Corner 3,Right Side(R),24+ ft.,22,227,-3,1,0,20251026,MIA,NYK,22500108114,5330,0,0,203952|1626181|1630696|1631170|1642276
Shot Chart Detail,0022500108,133,1628973,Jalen Brunson,1610612748,New York Knicks,1,2,14,Missed Shot,Pullup Jump shot,3PT Field Goal,Above the Break 3,Center(C),24+ ft.,26,-22,267,1,0,20251026,MIA,NYK,22500108133,5860,0,0,1630696|1631107|1631170|1631323|1642276
Shot Chart Detail,0022500108,145,1628973,Jalen Brunson,1610612748,New York Knicks,1,1,39,Made Shot,Driving Layup Shot,2PT Field Goal,Mid-Range,Left Side(L),8-16 ft.,10,-103,27,1,1,20251026,MIA,NYK,22500108145,6210,0,0,1628389|1630696|1631107|1631170|1631323
Shot Chart Detail,0022500108,148,1628384,OG Anunoby,1610612748,New York Knicks,1,1,14,Missed Shot,Jump Shot,3PT Field Goal,Right Corner 3,Right Side(R),24+ ft.,22,222,33,1,0,20251026,MIA,NYK,22500108148,6460,0,0,1628389|1630696|1631107|1631170|1631323
Shot Chart Detail,0022500108,156,1628384,OG Anunoby,1610612748,New York Knicks,1,0,42,Made Shot,Jump Shot,3PT Field Goal,Left Corner 3,Left Side(L),24+ ft.,23,-239,16,1,1,20251026,MIA,NYK,22500108156,6780,0,1,1628389|1630696|1631107|1631170|1631323
Shot Chart Detail,0022500108,179,1642278,Tyler Kolek,1610612748,New York Knicks,2,11,45,Made Shot,Jump Shot,3PT Field Goal,Above the Break 3,Left Side Center(LC),24+ ft.,27,-202,186,1,1,20251026,MIA,NYK,22500108179,7350,0,1,1628389|1630696|1631107|1631170|1631323
Shot Chart Detail,0022500108,190,1628384,OG Anunoby,1610612748,New York Knicks,2,10,42,Missed Shot,Jump Shot,3PT Field Goal,Above the Break 3,Left Side Center(LC),24+ ft.,26,-228,137,1,0,20251026,MIA,NYK,22500108190,7980,0,0,1628389|1630696|1631107|1631170|1631323
Shot Chart Detail,0022500108,194,203903,Jordan Clarkson,1610612748,New York Knicks,2,10,29,Missed Shot,Jump Shot,3PT Field Goal,Left Corner 3,Left Side(L),24+ ft.,24,-240,5,1,0,20251026,MIA,NYK,22500108194,8110,0,0,1628389|1630696|1631107|1631170|1631323
Shot Chart Detail,0022500108,196,1628384,OG Anunoby,1610612748,New York Knicks,2,10,22,Missed Shot,Jump Shot,3PT Field Goal,Above the Break 3,Right Side Center(RC),24+ ft.,25,93,239,1,0,20251026,MIA,NYK,22500108196,8180,0,0,1628389|1630696|1631107|1631170|1631323
Shot Chart Detail,0022500108,207,203903,Jordan Clarkson,1610612748,New York Knicks,2,9,34,Missed Shot,Jump Shot,3PT Field Goal,Above the Break 3,Center(C),24+ ft.,26,64,253,1,0,20251026,MIA,NYK,22500108207,8660,0,0,1628389|1630696|1631107|1631170|1631323
Shot Chart Detail,0022500108,209,1642278,Tyler Kolek,1610612748,New York Knicks,2,9,29,Missed Shot,Jump Shot,3PT Field Goal,Above the Break 3,Left Side Center(LC),24+ ft.,24,-174,175,1,0,20251026,MIA,NYK,22500108209,8710,0,0,1628389|1630696|1631107|1631170|1631323
Shot Chart Detail,0022500108,215,1642278,Tyler Kolek,1610612748,New York Knicks,2,9,6,Missed Shot,Jump Shot,3PT Field Goal,Left Corner 3,Left Side(L),24+ ft.,24,-240,28,1,0,20251026,MIA,NYK,22500108215,8940,0,0,1628389|1630696|1631107|1631170|1631323
Shot Chart Detail,0022500108,220,203903,Jordan Clarkson,1610612748,New York Knicks,2,8,39,Missed Shot,Pullup Jump shot,2PT Field Goal,In The Paint (Non-RA),Center(C),8-16 ft.,11,-43,107,1,0,20251026,MIA,NYK,22500108220,9210,0,0,1628389|1630696|1631107|1631170|1631323
Shot Chart Detail,0022500108,234,203903,Jordan Clarkson,1610612748,New York Knicks,2,7,42,Made Shot,Reverse Layup Shot,2PT Field Goal,Restricted Area,Center(C),Less Than 8 ft.,3,31,-4,1,1,20251026,MIA,NYK,22500108234,9780,0,1,203952|1628389|1630696|1631107|1631323
Shot Chart Detail,0022500108,238,1642278,Tyler Kolek,1610612748,New York Knicks,2,7,7,Made Shot,Pullup Jump shot,2PT Field Goal,In The Paint (Non-RA),Center(C),8-16 ft.,10,-12,109,1,1,20251026,MIA,NYK,22500108238,10130,0,1,203952|1628389|1630696|1631107|1631323
Shot Chart Detail,0022500108,241,1642278,Tyler Kolek,1610612748,New York Knicks,2,6,36,Missed Shot,Pullup Jump shot,3PT Field Goal,Above the Break 3,Center(C),24+ ft.,27,62,263,1,0,20251026,MIA,NYK,22500108241,10440,0,0,203952|1628389|1630696|1631107|1631323
Shot Chart Detail,0022500108,243,203903,Jordan Clarkson,1610612748,New York Knicks,2,6,31,Missed Shot,Jump Shot,3PT Field Goal,Above the Break 3,Left Side Center(LC),24+ ft.,26,-207,168,1,0,20251026,MIA,NYK,22500108243,10490,0,0,203952|1628389|1630696|1631107|1631323
Shot Chart Detail,0022500108,257,1628969,Mikal Bridges,1610612748,New York Knicks,2,6,0,Made Shot,Jump Shot,3PT Field Goal,Right Corner 3,Right Side(R),24+ ft.,23,225,64,1,1,20251026,MIA,NYK,22500108257,10800,0,1,203952|1626181|1628389|1630558|1631323
Shot Chart Detail,0022500108,273,1628973,Jalen Brunson,1610612748,New York Knicks,2,5,18,Missed Shot,Driving Layup Shot,2PT Field Goal,In The Paint (Non-RA),Center(C),Less Than 8 ft.,5,49,26,1,0,20251026,MIA,NYK,22500108273,11220,0,0,203952|1626181|1631170|1631323|1642276
Shot Chart Detail,0022500108,278,1628973,Jalen Brunson,1610612748,New York Knicks,2,5,7,Missed Shot,Driving Floating Bank Jump Shot,2PT Field Goal,In The Paint (Non-RA),Center(C),Less Than 8 ft.,6,64,25,1,0,20251026,MIA,NYK,22500108278,11330,0,0,203952|1626181|1631170|1631323|1642276
Shot Chart Detail,0022500108,280,1626157,Karl-Anthony Towns,1610612748,New York Knicks,2,5,5,Made Shot,Putback Layup Shot,2PT Field Goal,Restricted Area,Center(C),Less Than 8 ft.,2,5,27,1,1,20251026,MIA,NYK,22500108280,11350,0,0,203952|1626181|1631170|1631323|1642276
Shot Chart Detail,0022500108,284,1626157,Karl-Anthony Towns,1610612748,New York Knicks,2,4,41,Missed Shot,Jump Shot,3PT Field Goal,Above the Break 3,Center(C),24+ ft.,26,-31,265,1,0,20251026,MIA,NYK,22500108284,11590,0,0,203952|1626181|1631170|1641796|1642276
Shot Chart Detail,0022500108,298,1628973,Jalen Brunson,1610612748,New York Knicks,2,4,2,Made Shot,Driving Reverse Layup Shot,2PT Field Goal,Restricted Area,Center(C),Less Than 8 ft.,0,6,6,1,1,20251026,MIA,NYK,22500108298,11980,0,0,203952|1626181|1631170|1641796|1642276
Shot Chart Detail,0022500108,306,1628973,Jalen Brunson,1610612748,New York Knicks,2,3,36,Missed Shot,Pullup Jump shot,2PT Field Goal,Mid-Range,Left Side Center(LC),16-24 ft.,18,-92,159,1,0,20251026,MIA,NYK,22500108306,12240,0,0,203952|1626181|1628389|1631170|1641796
Shot Chart Detail,0022500108,309,1628404,Josh Hart,1610612748,New York Knicks,2,3,5,Made Shot,Driving Dunk Shot,2PT Field Goal,Restricted Area,Center(C),Less Than 8 ft.,1,4,10,1,1,20251026,MIA,NYK,22500108309,12550,0,1,203952|1626181|1628389|1631170|1641796
Shot Chart Detail,0022500108,318,1626157,Karl-Anthony Towns,1610612748,New York Knicks,2,2,11,Missed Shot,Jump Shot,3PT Field Goal,Above the Break 3,Left Side Center(LC),24+ ft.,27,-135,236,1,0,20251026,MIA,NYK,22500108318,13090,0,0,203952|1626181|1628389|1631170|1641796
Shot Chart Detail,0022500108,320,1628969,Mikal Bridges,1610612748,New York Knicks,2,2,4,Made Shot,Jump Shot,3PT Field Goal,Right Corner 3,Right Side(R),24+ ft.,22,222,-15,1,1,20251026,MIA,NYK,22500108320,13160,0,1,203952|1626181|1628389|1631170|1641796
Shot Chart Detail,0022500108,324,1628969,Mikal Bridges,1610612748,New York Knicks,2,1,40,Missed Shot,Jump Shot,3PT Field Goal,Right Corner 3,Right Side(R),24+ ft.,22,225,7,1,0,20251026,MIA,NYK,22500108324,13400,0,0,203952|1626181|1628389|1631170|1641796
Shot Chart Detail,0022500108,327,1626157,Karl-Anthony Towns,1610612748,New York Knicks,2,1,10,Made Shot,Hook Shot,2PT Field Goal,Restricted Area,Center(C),Less Than 8 ft.,3,-7,37,1,1,20251026,MIA,NYK,22500108327,13700,0,1,203952|1626181|1628389|1631170|1641796
Shot Chart Detail,0022500108,339,1628404,Josh Hart,1610612748,New York Knicks,2,0,16,Missed Shot,Jump Shot,3PT Field Goal,Right Corner 3,Right Side(R),24+ ft.,22,222,-6,1,0,20251026,MIA,NYK,22500108339,14240,0,0,203952|1626181|1628389|1631323|1641796
Shot Chart Detail,0022500108,344,1628969,Mikal Bridges,1610612748,New York Knicks,2,0,3,Made Shot,Running Reverse Layup Shot,2PT Field Goal,Restricted Area,Center(C),Less Than 8 ft.,1,-7,16,1,1,20251026,MIA,NYK,22500108344,14370,0,1,203952|1626181|1628389|1631323|1641796
Shot Chart Detail,0022500108,357,1626157,Karl-Anthony Towns,1610612748,New York Knicks,3,11,44,Missed Shot,Driving Layup Shot,2PT Field Goal,Restricted Area,Center(C),Less Than 8 ft.,3,34,9,1,0,20251026,MIA,NYK,22500108357,14560,0,0,203952|1626181|1628389|1630558|1642276
Shot Chart Detail,0022500108,362,1628384,OG Anunoby,1610612748,New York Knicks,3,11,20,Missed Shot,Jump Shot,3PT Field Goal,Right Corner 3,Right Side(R),24+ ft.,24,239,52,1,0,20251026,MIA,NYK,22500108362,14800,0,0,203952|1626181|1628389|1630558|1642276
Shot Chart Detail,0022500108,366,1628969,Mikal Bridges,1610612748,New York Knicks,3,10,54,Made Shot,Jump Shot,3PT Field Goal,Right Corner 3,Right Side(R),24+ ft.,24,240,27,1,1,20251026,MIA,NYK,22500108366,15060,0,1,203952|1626181|1628389|1630558|1642276
Shot Chart Detail,0022500108,380,1628973,Jalen Brunson,1610612748,New York Knicks,3,9,58,Made Shot,Turnaround Fadeaway shot,2PT Field Goal,In The Paint (Non-RA),Left Side(L),8-16 ft.,8,-78,43,1,1,20251026,MIA,NYK,22500108380,15620,0,0,203952|1626181|1628389|1630558|1642276
Shot Chart Detail,0022500108,385,1628973,Jalen Brunson,1610612748,New York Knicks,3,9,33,Made Shot,Pullup Jump shot,3PT Field Goal,Above the Break 3,Right Side Center(RC),24+ ft.,26,221,155,1,1,20251026,MIA,NYK,22500108385,15870,0,0,203952|1626181|1628389|1630558|1642276
Shot Chart Detail,0022500108,392,1628973,Jalen Brunson,1610612748,New York Knicks,3,8,50,Made Shot,Turnaround Fadeaway shot,2PT Field Goal,Mid-Range,Center(C),16-24 ft.,16,0,169,1,1,20251026,MIA,NYK,22500108392,16300,0,0,203952|1626181|1628389|1630558|1642276
Shot Chart Detail,0022500108,397,1628973,Jalen Brunson,1610612748,New York Knicks,3,8,24,Missed Shot,Jump Shot,2PT Field Goal,In The Paint (Non-RA),Right Side(R),8-16 ft.,8,50,74,1,0,20251026,MIA,NYK,22500108397,16560,0,0,203952|1626181|1628389|1630558|1642276
Shot Chart Detail,0022500108,401,1628384,OG Anunoby,1610612748,New York Knicks,3,8,0,Made Shot,Jump Shot,3PT Field Goal,Left Corner 3,Left Side(L),24+ ft.,22,-224,6,1,1,20251026,MIA,NYK,22500108401,16800,0,1,203952|1626181|1628389|1630558|1642276
Shot Chart Detail,0022500108,405,1630574,Ariel Hukporti,1610612748,New York Knicks,3,7,38,Missed Shot,Layup Shot,2PT Field Goal,Restricted Area,Center(C),Less Than 8 ft.,1,-12,6,1,0,20251026,MIA,NYK,22500108405,17020,0,0,203952|1626181|1628389|1630558|1642276
Shot Chart Detail,0022500108,411,1628973,Jalen Brunson,1610612748,New York Knicks,3,7,13,Made Shot,Running Pull-Up Jump Shot,3PT Field Goal,Above the Break 3,Right Side Center(RC),24+ ft.,27,164,219,1,1,20251026,MIA,NYK,22500108411,17270,0,0,203952|1626181|1628389|1630558|1642276
Shot Chart Detail,0022500108,414,1630574,Ariel Hukporti,1610612748,New York Knicks,3,6,42,Missed Shot,Floating Jump shot,2PT Field Goal,In The Paint (Non-RA),Right Side(R),8-16 ft.,8,50,69,1,0,20251026,MIA,NYK,22500108414,17580,0,0,203952|1626181|1628389|1630558|1642276
Shot Chart Detail,0022500108,418,1628384,OG Anunoby,1610612748,New York Knicks,3,6,27,Missed Shot,Running Pull-Up Jump Shot,3PT Field Goal,Above the Break 3,Left Side Center(LC),24+ ft.,24,-213,115,1,0,20251026,MIA,NYK,22500108418,17730,0,0,203952|1626181|1628389|1630558|1642276
Shot Chart Detail,0022500108,422,1628973,Jalen Brunson,1610612748,New York Knicks,3,6,15,Missed Shot,Jump Shot,3PT Field Goal,Above the Break 3,Center(C),24+ ft.,25,13,250,1,0,20251026,MIA,NYK,22500108422,17850,0,0,203952|1626181|1628389|1630558|1642276
Shot Chart Detail,0022500108,443,1627824,Guerschon Yabusele,1610612748,New York Knicks,3,5,25,Missed Shot,Jump Shot,3PT Field Goal,Above the Break 3,Left Side Center(LC),24+ ft.,24,-224,106,1,0,20251026,MIA,NYK,22500108443,18350,0,0,203952|1626181|1630558|1631170|1642276
Shot Chart Detail,0022500108,447,1628969,Mikal Bridges,1610612748,New York Knicks,3,5,11,Made Shot,Fadeaway Jump Shot,2PT Field Goal,In The Paint (Non-RA),Right Side(R),8-16 ft.,12,69,100,1,1,20251026,MIA,NYK,22500108447,18490,0,1,203952|1626181|1630558|1631170|1642276
Shot Chart Detail,0022500108,459,1628973,Jalen Brunson,1610612748,New York Knicks,3,4,42,Missed Shot,Step Back Jump shot,3PT Field Goal,Above the Break 3,Right Side Center(RC),24+ ft.,27,213,173,1,0,20251026,MIA,NYK,22500108459,18780,0,0,203952|1626181|1630558|1631170|1642276
Shot Chart Detail,0022500108,474,1642278,Tyler Kolek,1610612748,New York Knicks,3,3,49,Missed Shot,Floating Jump shot,2PT Field Goal,In The Paint (Non-RA),Center(C),8-16 ft.,9,7,94,1,0,20251026,MIA,NYK,22500108474,19310,0,0,1626181|1630558|1631107|1631170|1642276
Shot Chart Detail,0022500108,476,1627824,Guerschon Yabusele,1610612748,New York Knicks,3,3,44,Made Shot,Putback Layup Shot,2PT Field Goal,Restricted Area,Center(C),Less Than 8 ft.,0,2,6,1,1,20251026,MIA,NYK,22500108476,19360,0,0,1626181|1630558|1631107|1631170|1642276
Shot Chart Detail,0022500108,479,1628969,Mikal Bridges,1610612748,New York Knicks,3,3,19,Missed Shot,Pullup Jump shot,2PT Field Goal,In The Paint (Non-RA),Center(C),8-16 ft.,13,-45,124,1,0,20251026,MIA,NYK,22500108479,19610,0,0,1626181|1630558|1631107|1631170|1642276
Shot Chart Detail,0022500108,484,1628969,Mikal Bridges,1610612748,New York Knicks,3,2,34,Missed Shot,Jump Shot,3PT Field Goal,Above the Break 3,Right Side Center(RC),24+ ft.,27,213,177,1,0,20251026,MIA,NYK,22500108484,20060,0,0,1628389|1630696|1631107|1631170|1631323
Shot Chart Detail,0022500108,498,1627824,Guerschon Yabusele,1610612748,New York Knicks,3,2,27,Missed Shot,Jump Shot,3PT Field Goal,Above the Break 3,Center(C),24+ ft.,25,42,251,1,0,20251026,MIA,NYK,22500108498,20130,0,0,1628389|1630696|1631107|1631170|1631323
Shot Chart Detail,0022500108,501,1628404,Josh Hart,1610612748,New York Knicks,3,2,7,Missed Shot,Pullup Jump shot,2PT Field Goal,Mid-Range,Left Side(L),8-16 ft.,9,-99,-10,1,0,20251026,MIA,NYK,22500108501,20330,0,0,1628389|1630696|1631107|1631170|1631323
Shot Chart Detail,0022500108,508,1628384,OG Anunoby,1610612748,New York Knicks,3,1,43,Made Shot,Pullup Jump shot,3PT Field Goal,Above the Break 3,Right Side Center(RC),24+ ft.,26,150,220,1,1,20251026,MIA,NYK,22500108508,20570,0,0,1628389|1630696|1631107|1631170|1631323
Shot Chart Detail,0022500108,514,1629013,Landry Shamet,1610612748,New York Knicks,3,1,14,Missed Shot,Jump Shot,3PT Field Goal,Right Corner 3,Right Side(R),24+ ft.,23,239,5,1,0,20251026,MIA,NYK,22500108514,20860,0,0,1628389|1630696|1631107|1631170|1631323
Shot Chart Detail,0022500108,520,1629013,Landry Shamet,1610612748,New York Knicks,3,0,7,Missed Shot,Jump Shot,3PT Field Goal,Right Corner 3,Right Side(R),24+ ft.,23,239,4,1,0,20251026,MIA,NYK,22500108520,21530,0,0,1628389|1630696|1631107|1631170|1631323
Shot Chart Detail,0022500108,522,1627824,Guerschon Yabusele,1610612748,New York Knicks,3,0,5,Missed Shot,Putback Layup Shot,2PT Field Goal,Restricted Area,Center(C),Less Than 8 ft.,1,-13,15,1,0,20251026,MIA,NYK,22500108522,21550,0,0,1628389|1630696|1631107|1631170|1631323
Shot Chart Detail,0022500108,540,1628384,OG Anunoby,1610612748,New York Knicks,4,11,21,Missed Shot,Jump Shot,3PT Field Goal,Right Corner 3,Right Side(R),24+ ft.,23,234,10,1,0,20251026,MIA,NYK,22500108540,21990,0,0,1628389|1630696|1631107|1631170|1631323
Shot Chart Detail,0022500108,544,203903,Jordan Clarkson,1610612748,New York Knicks,4,10,42,Missed Shot,Driving Reverse Layup Shot,2PT Field Goal,Restricted Area,Center(C),Less Than 8 ft.,2,-20,6,1,0,20251026,MIA,NYK,22500108544,22380,0,0,1628389|1630696|1631107|1631170|1631323
Shot Chart Detail,0022500108,548,1626157,Karl-Anthony Towns,1610612748,New York Knicks,4,10,24,Missed Shot,Running Jump Shot,3PT Field Goal,Above the Break 3,Right Side Center(RC),24+ ft.,26,173,195,1,0,20251026,MIA,NYK,22500108548,22560,0,0,1628389|1630696|1631107|1631170|1631323
Shot Chart Detail,0022500108,552,203903,Jordan Clarkson,1610612748,New York Knicks,4,9,55,Missed Shot,Pullup Jump shot,2PT Field Goal,In The Paint (Non-RA),Center(C),8-16 ft.,10,16,101,1,0,20251026,MIA,NYK,22500108552,22850,0,0,1628389|1630696|1631107|1631170|1631323
Shot Chart Detail,0022500108,558,203903,Jordan Clarkson,1610612748,New York Knicks,4,9,25,Missed Shot,Jump Shot,3PT Field Goal,Above the Break 3,Left Side Center(LC),24+ ft.,24,-170,183,1,0,20251026,MIA,NYK,22500108558,23150,0,0,1628389|1630696|1631107|1631170|1631323
Shot Chart Detail,0022500108,562,203903,Jordan Clarkson,1610612748,New York Knicks,4,9,0,Missed Shot,Driving Floating Jump Shot,2PT Field Goal,In The Paint (Non-RA),Right Side(R),8-16 ft.,10,67,78,1,0,20251026,MIA,NYK,22500108562,23400,0,0,1628389|1630696|1631107|1631170|1631323
Shot Chart Detail,0022500108,564,203903,Jordan Clarkson,1610612748,New York Knicks,4,9,0,Made Shot,Tip Layup Shot,2PT Field Goal,Restricted Area,Center(C),Less Than 8 ft.,0,0,0,1,1,20251026,MIA,NYK,22500108564,23400,0,0,1628389|1630696|1631107|1631170|1631323
Shot Chart Detail,0022500108,574,1628969,Mikal Bridges,1610612748,New York Knicks,4,8,31,Made Shot,Fadeaway Jump Shot,2PT Field Goal,In The Paint (Non-RA),Center(C),8-16 ft.,8,5,87,1,1,20251026,MIA,NYK,22500108574,23690,0,1,1628389|1630696|1631107|1631170|1631323
Shot Chart Detail,0022500108,578,1629013,Landry Shamet,1610612748,New York Knicks,4,8,6,Missed Shot,Running Pull-Up Jump Shot,3PT Field Goal,Right Corner 3,Right Side(R),24+ ft.,24,237,71,1,0,20251026,MIA,NYK,22500108578,23940,0,0,1628389|1630696|1631107|1631170|1631323
Shot Chart Detail,0022500108,585,1628973,Jalen Brunson,1610612748,New York Knicks,4,7,45,Missed Shot,Jump Shot,3PT Field Goal,Above the Break 3,Left Side Center(LC),24+ ft.,25,-225,116,1,0,20251026,MIA,NYK,22500108585,24150,0,0,1628389|1630696|1631107|1631170|1631323
Shot Chart Detail,0022500108,589,1628969,Mikal Bridges,1610612748,New York Knicks,4,7,22,Missed Shot,Fadeaway Jump Shot,2PT Field Goal,In The Paint (Non-RA),Center(C),8-16 ft.,11,9,117,1,0,20251026,MIA,NYK,22500108589,24380,0,0,1628389|1630696|1631107|1631170|1631323
Shot Chart Detail,0022500108,610,1627824,Guerschon Yabusele,1610612748,New York Knicks,4,6,23,Missed Shot,Jump Shot,3PT Field Goal,Above the Break 3,Left Side Center(LC),24+ ft.,26,-158,210,1,0,20251026,MIA,NYK,22500108610,24970,0,0,1626181|1628389|1630558|1631107|1642276
Shot Chart Detail,0022500108,624,1626157,Karl-Anthony Towns,1610612748,New York Knicks,4,5,53,Missed Shot,Jump Shot,2PT Field Goal,Mid-Range,Right Side Center(RC),16-24 ft.,21,150,150,1,0,20251026,MIA,NYK,22500108624,25270,0,0,203952|1626181|1630558|1631107|1642276
Shot Chart Detail,0022500108,626,1626157,Karl-Anthony Towns,1610612748,New York Knicks,4,5,45,Made Shot,Jump Shot,3PT Field Goal,Above the Break 3,Center(C),24+ ft.,26,45,266,1,1,20251026,MIA,NYK,22500108626,25350,0,1,203952|1626181|1630558|1631107|1642276
Shot Chart Detail,0022500108,633,203903,Jordan Clarkson,1610612748,New York Knicks,4,5,2,Missed Shot,Driving Layup Shot,2PT Field Goal,Restricted Area,Center(C),Less Than 8 ft.,0,-6,6,1,0,20251026,MIA,NYK,22500108633,25780,0,0,203952|1626181|1630558|1631107|1642276
Shot Chart Detail,0022500108,637,1628973,Jalen Brunson,1610612748,New York Knicks,4,4,40,Made Shot,Running Layup Shot,2PT Field Goal,Restricted Area,Center(C),Less Than 8 ft.,2,23,9,1,1,20251026,MIA,NYK,22500108637,26000,0,0,203952|1626181|1628389|1630558|1631107
Shot Chart Detail,0022500108,645,1628973,Jalen Brunson,1610612748,New York Knicks,4,4,8,Made Shot,Jump Shot,3PT Field Goal,Right Corner 3,Right Side(R),24+ ft.,23,239,14,1,1,20251026,MIA,NYK,22500108645,26320,0,1,203952|1626181|1628389|1630558|1631107
Shot Chart Detail,0022500108,650,1628973,Jalen Brunson,1610612748,New York Knicks,4,3,30,Missed Shot,Pullup Jump shot,3PT Field Goal,Above the Break 3,Center(C),24+ ft.,26,-66,253,1,0,20251026,MIA,NYK,22500108650,26700,0,0,203952|1626181|1628389|1630558|1631107
Shot Chart Detail,0022500108,652,1628973,Jalen Brunson,1610612748,New York Knicks,4,3,25,Made Shot,Jump Shot,3PT Field Goal,Above the Break 3,Center(C),24+ ft.,25,28,257,1,1,20251026,MIA,NYK,22500108652,26750,0,0,203952|1626181|1628389|1630558|1631107
Shot Chart Detail,0022500108,655,1628404,Josh Hart,1610612748,New York Knicks,4,3,6,Made Shot,Running Reverse Layup Shot,2PT Field Goal,Restricted Area,Center(C),Less Than 8 ft.,0,-2,3,1,1,20251026,MIA,NYK,22500108655,26940,0,1,203952|1626181|1628389|1630558|1631107
Shot Chart Detail,0022500108,659,1628384,OG Anunoby,1610612748,New York Knicks,4,2,38,Missed Shot,Jump Shot,3PT Field Goal,Right Corner 3,Right Side(R),24+ ft.,24,239,53,1,0,20251026,MIA,NYK,22500108659,27220,0,0,203952|1626181|1628389|1630558|1631107
Shot Chart Detail,0022500108,667,1626157,Karl-Anthony Towns,1610612748,New York Knicks,4,2,0,Made Shot,Jump Shot,3PT Field Goal,Above the Break 3,Center(C),24+ ft.,25,77,245,1,1,20251026,MIA,NYK,22500108667,27600,0,1,203952|1626181|1628389|1630558|1631107
Shot Chart Detail,0022500108,672,1628973,Jalen Brunson,1610612748,New York Knicks,4,1,32,Made Shot,Driving Layup Shot,2PT Field Goal,Restricted Area,Center(C),Less Than 8 ft.,1,18,3,1,1,20251026,MIA,NYK,22500108672,27880,0,0,203952|1626181|1628389|1630558|1631107
Shot Chart Detail,0022500108,685,1628973,Jalen Brunson,1610612748,New York Knicks,4,0,26,Missed Shot,Driving Layup Shot,2PT Field Goal,Restricted Area,Center(C),Less Than 8 ft.,0,-6,-4,1,0,20251026,MIA,NYK,22500108685,28540,0,0,203952|1626181|1628389|1630558|1631107
Shot Chart Detail,0022500108,691,1626157,Karl-Anthony Towns,1610612748,New York Knicks,4,0,15,Made Shot,Driving Dunk Shot,2PT Field Goal,Restricted Area,Center(C),Less Than 8 ft.,1,16,-6,1,1,20251026,MIA,NYK,22500108691,28650,0,1,203952|1626181|1628389|1630558|1631107
Shot Chart Detail,0022500124,9,1630163,LaMelo Ball,1610612748,Charlotte Hornets,1,11,28,Missed Shot,Fadeaway Jump Shot,2PT Field Goal,In The Paint (Non-RA),Center(C),8-16 ft.,13,-7,131,1,0,20251028,MIA,CHA,225001249,320,0,0,203952|1628389|1630558|1641796|1642276
Shot Chart Detail,0022500124,11,1641750,Ryan Kalkbrenner,1610612748,Charlotte Hornets,1,11,23,Made Shot,Putback Layup Shot,2PT Field Goal,Restricted Area,Center(C),Less Than 8 ft.,1,0,11,1,1,20251028,MIA,CHA,2250012411,370,0,0,203952|1628389|1630558|1641796|1642276
Shot Chart Detail,0022500124,14,1629012,Collin Sexton,1610612748,Charlotte Hornets,1,11,0,Missed Shot,Pullup Jump shot,2PT Field Goal,Mid-Range,Center(C),16-24 ft.,16,32,163,1,0,20251028,MIA,CHA,2250012414,600,0,0,203952|1628389|1630558|1641796|1642276
Shot Chart Detail,0022500124,18,1630163,LaMelo Ball,1610612748,Charlotte Hornets,1,10,34,Made Shot,Pullup Jump shot,3PT Field Goal,Above the Break 3,Center(C),24+ ft.,26,10,263,1,1,20251028,MIA,CHA,2250012418,860,0,0,203952|1628389|1630558|1641796|1642276
Shot Chart Detail,0022500124,21,1629012,Collin Sexton,1610612748,Charlotte Hornets,1,10,8,Missed Shot,Driving Finger Roll Layup Shot,2PT Field Goal,Restricted Area,Center(C),Less Than 8 ft.,0,4,-2,1,0,20251028,MIA,CHA,2250012421,1120,0,0,203952|1628389|1630558|1641796|1642276
Shot Chart Detail,0022500124,25,1628970,Miles Bridges,1610612748,Charlotte Hornets,1,9,44,Missed Shot,Jump Shot,3PT Field Goal,Above the Break 3,Right Side Center(RC),24+ ft.,26,200,178,1,0,20251028,MIA,CHA,2250012425,1360,0,0,203952|1628389|1630558|1641796|1642276
Shot Chart Detail,0022500124,29,1630163,LaMelo Ball,1610612748,Charlotte Hornets,1,9,23,Made Shot,Jump Shot,3PT Field Goal,Above the Break 3,Left Side Center(LC),24+ ft.,28,-151,239,1,1,20251028,MIA,CHA,2250012429,1570,0,1,203952|1628389|1630558|1641796|1642276
Shot Chart Detail,0022500124,35,1629012,Collin Sexton,1610612748,Charlotte Hornets,1,9,4,Made Shot,Driving Finger Roll Layup Shot,2PT Field Goal,Restricted Area,Center(C),Less Than 8 ft.,2,21,4,1,1,20251028,MIA,CHA,2250012435,1760,0,0,203952|1628389|1630558|1641796|1642276
Shot Chart Detail,0022500124,37,1642851,Kon Knueppel,1610612748,Charlotte Hornets,1,8,43,Made Shot,Jump Shot,3PT Field Goal,Left Corner 3,Left Side(L),24+ ft.,22,-227,10,1,1,20251028,MIA,CHA,2250012437,1970,0,1,203952|1628389|1630558|1641796|1642276
Shot Chart Detail,0022500124,41,1630163,LaMelo Ball,1610612748,Charlotte Hornets,1,8,8,Missed Shot,Driving Layup Shot,2PT Field Goal,In The Paint (Non-RA),Center(C),Less Than 8 ft.,6,51,35,1,0,20251028,MIA,CHA,2250012441,2320,0,0,203952|1628389|1630558|1641796|1642276
Shot Chart Detail,0022500124,44,1642851,Kon Knueppel,1610612748,Charlotte Hornets,1,7,49,Missed Shot,Pullup Jump shot,2PT Field Goal,Mid-Range,Center(C),8-16 ft.,14,11,146,1,0,20251028,MIA,CHA,2250012444,2510,0,0,203952|1628389|1630558|1641796|1642276
Shot Chart Detail,0022500124,51,1629012,Collin Sexton,1610612748,Charlotte Hornets,1,7,24,Made Shot,Cutting Finger Roll Layup Shot,2PT Field Goal,Restricted Area,Center(C),Less Than 8 ft.,3,-12,30,1,1,20251028,MIA,CHA,2250012451,2760,0,1,203952|1628389|1630558|1641796|1642276
Shot Chart Detail,0022500124,57,1628970,Miles Bridges,1610612748,Charlotte Hornets,1,7,2,Made Shot,Running Finger Roll Layup Shot,2PT Field Goal,In The Paint (Non-RA),Center(C),Less Than 8 ft.,5,-1,50,1,1,20251028,MIA,CHA,2250012457,2980,0,0,203952|1628389|1630558|1641796|1642276
Shot Chart Detail,0022500124,60,1630163,LaMelo Ball,1610612748,Charlotte Hornets,1,6,38,Made Shot,Driving Floating Jump Shot,2PT Field Goal,In The Paint (Non-RA),Center(C),8-16 ft.,12,23,122,1,1,20251028,MIA,CHA,2250012460,3220,0,0,203952|1628389|1630558|1641796|1642276
Shot Chart Detail,0022500124,82,1628970,Miles Bridges,1610612748,Charlotte Hornets,1,5,39,Missed Shot,Driving Floating Bank Jump Shot,2PT Field Goal,In The Paint (Non-RA),Left Side(L),8-16 ft.,9,-72,62,1,0,20251028,MIA,CHA,2250012482,3810,0,0,203952|1630558|1631170|1641796|1642276
Shot Chart Detail,0022500124,87,1628970,Miles Bridges,1610612748,Charlotte Hornets,1,5,16,Missed Shot,Jump Shot,3PT Field Goal,Left Corner 3,Left Side(L),24+ ft.,22,-228,-1,1,0,20251028,MIA,CHA,2250012487,4040,0,0,203952|1630558|1631170|1641796|1642276
Shot Chart Detail,0022500124,91,1628970,Miles Bridges,1610612748,Charlotte Hornets,1,4,57,Made Shot,Driving Layup Shot,2PT Field Goal,In The Paint (Non-RA),Center(C),Less Than 8 ft.,7,-67,21,1,1,20251028,MIA,CHA,2250012491,4230,0,1,203952|1630558|1631170|1641796|1642276
Shot Chart Detail,0022500124,111,1630163,LaMelo Ball,1610612748,Charlotte Hornets,1,3,23,Made Shot,Step Back Jump shot,3PT Field Goal,Above the Break 3,Center(C),24+ ft.,24,26,246,1,1,20251028,MIA,CHA,22500124111,5170,0,0,1630696|1631107|1631170|1631323|1642276
Shot Chart Detail,0022500124,114,1630163,LaMelo Ball,1610612748,Charlotte Hornets,1,2,54,Made Shot,Step Back Jump shot,3PT Field Goal,Above the Break 3,Left Side Center(LC),24+ ft.,26,-219,155,1,1,20251028,MIA,CHA,22500124114,5460,0,1,1628389|1630696|1631107|1631170|1631323
Shot Chart Detail,0022500124,124,1630544,Tre Mann,1610612748,Charlotte Hornets,1,2,31,Missed Shot,Pullup Jump shot,3PT Field Goal,Above the Break 3,Center(C),24+ ft.,27,78,268,1,0,20251028,MIA,CHA,22500124124,5690,0,0,1628389|1630696|1631107|1631170|1631323
Shot Chart Detail,0022500124,126,1630163,LaMelo Ball,1610612748,Charlotte Hornets,1,2,15,Missed Shot,Jump Shot,3PT Field Goal,Above the Break 3,Left Side Center(LC),24+ ft.,30,-208,226,1,0,20251028,MIA,CHA,22500124126,5850,0,0,1628389|1630696|1631107|1631170|1631323
Shot Chart Detail,0022500124,138,1629012,Collin Sexton,1610612748,Charlotte Hornets,1,1,29,Made Shot,Driving Finger Roll Layup Shot,2PT Field Goal,Restricted Area,Center(C),Less Than 8 ft.,1,10,3,1,1,20251028,MIA,CHA,22500124138,6310,0,0,1628389|1630696|1631107|1631170|1631323
Shot Chart Detail,0022500124,143,1642275,Tidjane Salan,1610612748,Charlotte Hornets,1,0,57,Missed Shot,Fadeaway Jump Shot,2PT Field Goal,In The Paint (Non-RA),Center(C),Less Than 8 ft.,5,-45,36,1,0,20251028,MIA,CHA,22500124143,6630,0,0,1628389|1630696|1631107|1631170|1631323
Shot Chart Detail,0022500124,147,1630544,Tre Mann,1610612748,Charlotte Hornets,1,0,31,Missed Shot,Pullup Jump shot,3PT Field Goal,Above the Break 3,Left Side Center(LC),24+ ft.,27,-112,247,1,0,20251028,MIA,CHA,22500124147,6890,0,0,1628389|1630696|1631107|1631170|1631323
Shot Chart Detail,0022500124,171,1628970,Miles Bridges,1610612748,Charlotte Hornets,2,11,35,Made Shot,Turnaround Fadeaway shot,2PT Field Goal,In The Paint (Non-RA),Center(C),8-16 ft.,9,2,96,1,1,20251028,MIA,CHA,22500124171,7450,0,1,1628389|1630696|1631107|1631170|1631323
Shot Chart Detail,0022500124,175,1642851,Kon Knueppel,1610612748,Charlotte Hornets,2,11,16,Missed Shot,Jump Shot,3PT Field Goal,Above the Break 3,Left Side Center(LC),24+ ft.,24,-189,159,1,0,20251028,MIA,CHA,22500124175,7640,0,0,1628389|1630696|1631107|1631170|1631323
Shot Chart Detail,0022500124,178,1641750,Ryan Kalkbrenner,1610612748,Charlotte Hornets,2,11,10,Made Shot,Alley Oop Dunk Shot,2PT Field Goal,Restricted Area,Center(C),Less Than 8 ft.,0,-4,-5,1,1,20251028,MIA,CHA,22500124178,7700,0,1,1628389|1630696|1631107|1631170|1631323
Shot Chart Detail,0022500124,186,1628970,Miles Bridges,1610612748,Charlotte Hornets,2,10,35,Missed Shot,Pullup Jump shot,3PT Field Goal,Above the Break 3,Right Side Center(RC),24+ ft.,26,138,222,1,0,20251028,MIA,CHA,22500124186,8050,0,0,1628389|1630696|1631107|1631170|1631323
Shot Chart Detail,0022500124,190,1641750,Ryan Kalkbrenner,1610612748,Charlotte Hornets,2,10,9,Made Shot,Cutting Dunk Shot,2PT Field Goal,Restricted Area,Center(C),Less Than 8 ft.,0,0,4,1,1,20251028,MIA,CHA,22500124190,8310,0,1,1628389|1630696|1631107|1631170|1631323
Shot Chart Detail,0022500124,202,1628970,Miles Bridges,1610612748,Charlotte Hornets,2,9,2,Missed Shot,Driving Floating Bank Jump Shot,2PT Field Goal,In The Paint (Non-RA),Right Side(R),8-16 ft.,8,74,37,1,0,20251028,MIA,CHA,22500124202,8980,0,0,1628389|1630696|1631107|1631170|1631323
Shot Chart Detail,0022500124,208,1642851,Kon Knueppel,1610612748,Charlotte Hornets,2,8,41,Made Shot,Driving Finger Roll Layup Shot,2PT Field Goal,Restricted Area,Center(C),Less Than 8 ft.,1,10,10,1,1,20251028,MIA,CHA,22500124208,9190,0,0,1628389|1630696|1631107|1631170|1631323
Shot Chart Detail,0022500124,218,1642851,Kon Knueppel,1610612748,Charlotte Hornets,2,7,48,Missed Shot,Driving Floating Jump Shot,2PT Field Goal,Restricted Area,Center(C),Less Than 8 ft.,2,-23,11,1,0,20251028,MIA,CHA,22500124218,9720,0,0,203952|1630558|1631107|1631323|1642276
Shot Chart Detail,0022500124,233,1629012,Collin Sexton,1610612748,Charlotte Hornets,2,6,52,Made Shot,Driving Hook Shot,2PT Field Goal,Restricted Area,Center(C),Less Than 8 ft.,2,-2,20,1,1,20251028,MIA,CHA,22500124233,10280,0,0,203952|1630558|1631107|1641796|1642276
Shot Chart Detail,0022500124,236,1642851,Kon Knueppel,1610612748,Charlotte Hornets,2,6,35,Missed Shot,Running Pull-Up Jump Shot,3PT Field Goal,Above the Break 3,Center(C),24+ ft.,25,21,252,1,0,20251028,MIA,CHA,22500124236,10450,0,0,203952|1630558|1631107|1641796|1642276
Shot Chart Detail,0022500124,238,1641750,Ryan Kalkbrenner,1610612748,Charlotte Hornets,2,6,29,Made Shot,Tip Layup Shot,2PT Field Goal,Restricted Area,Center(C),Less Than 8 ft.,0,0,0,1,1,20251028,MIA,CHA,22500124238,10510,0,0,203952|1630558|1631107|1641796|1642276
Shot Chart Detail,0022500124,246,1628970,Miles Bridges,1610612748,Charlotte Hornets,2,8,28,Missed Shot,Running Dunk Shot,2PT Field Goal,Restricted Area,Center(C),Less Than 8 ft.,0,2,4,1,0,20251028,MIA,CHA,22500124246,9320,0,0,1628389|1630696|1631107|1631170|1631323
Shot Chart Detail,0022500124,250,1630544,Tre Mann,1610612748,Charlotte Hornets,2,5,42,Made Shot,Jump Shot,3PT Field Goal,Above the Break 3,Right Side Center(RC),24+ ft.,25,163,195,1,1,20251028,MIA,CHA,22500124250,10980,0,1,203952|1630558|1631107|1641796|1642276
Shot Chart Detail,0022500124,253,1630544,Tre Mann,1610612748,Charlotte Hornets,2,5,9,Made Shot,Jump Shot,3PT Field Goal,Left Corner 3,Left Side(L),24+ ft.,24,-232,67,1,1,20251028,MIA,CHA,22500124253,11310,0,1,203952|1630558|1631107|1641796|1642276
Shot Chart Detail,0022500124,257,1642883,Sion James,1610612748,Charlotte Hornets,2,4,48,Made Shot,Jump Shot,3PT Field Goal,Above the Break 3,Left Side Center(LC),24+ ft.,25,-172,182,1,1,20251028,MIA,CHA,22500124257,11520,0,1,203952|1630558|1631107|1641796|1642276
Shot Chart Detail,0022500124,277,1630163,LaMelo Ball,1610612748,Charlotte Hornets,2,4,15,Missed Shot,Step Back Jump shot,3PT Field Goal,Above the Break 3,Left Side Center(LC),24+ ft.,27,-164,215,1,0,20251028,MIA,CHA,22500124277,11850,0,0,203952|1628389|1630558|1631170|1641796
Shot Chart Detail,0022500124,281,1630544,Tre Mann,1610612748,Charlotte Hornets,2,3,50,Missed Shot,Pullup Jump shot,2PT Field Goal,Mid-Range,Center(C),8-16 ft.,15,47,148,1,0,20251028,MIA,CHA,22500124281,12100,0,0,203952|1628389|1630558|1631170|1641796
Shot Chart Detail,0022500124,283,1630163,LaMelo Ball,1610612748,Charlotte Hornets,2,3,46,Missed Shot,Jump Shot,3PT Field Goal,Above the Break 3,Right Side Center(RC),24+ ft.,25,232,103,1,0,20251028,MIA,CHA,22500124283,12140,0,0,203952|1628389|1630558|1631170|1641796
Shot Chart Detail,0022500124,285,1630163,LaMelo Ball,1610612748,Charlotte Hornets,2,3,39,Missed Shot,Jump Shot,3PT Field Goal,Right Corner 3,Right Side(R),24+ ft.,23,232,-5,1,0,20251028,MIA,CHA,22500124285,12210,0,0,203952|1628389|1630558|1631170|1641796
Shot Chart Detail,0022500124,288,1642883,Sion James,1610612748,Charlotte Hornets,2,3,13,Made Shot,Jump Shot,3PT Field Goal,Left Corner 3,Left Side(L),24+ ft.,23,-232,-5,1,1,20251028,MIA,CHA,22500124288,12470,0,1,203952|1628389|1630558|1631170|1641796
Shot Chart Detail,0022500124,297,1630163,LaMelo Ball,1610612748,Charlotte Hornets,2,2,6,Missed Shot,Driving Floating Jump Shot,2PT Field Goal,In The Paint (Non-RA),Center(C),8-16 ft.,8,-13,84,1,0,20251028,MIA,CHA,22500124297,13140,0,0,203952|1628389|1630558|1631170|1641796
Shot Chart Detail,0022500124,313,1628970,Miles Bridges,1610612748,Charlotte Hornets,2,1,44,Missed Shot,Turnaround Fadeaway Bank Jump Shot,2PT Field Goal,In The Paint (Non-RA),Center(C),Less Than 8 ft.,7,43,56,1,0,20251028,MIA,CHA,22500124313,13360,0,0,203952|1628389|1630558|1631170|1641796
Shot Chart Detail,0022500124,325,1630163,LaMelo Ball,1610612748,Charlotte Hornets,2,1,4,Missed Shot,Pullup Jump shot,3PT Field Goal,Above the Break 3,Right Side Center(RC),24+ ft.,24,206,137,1,0,20251028,MIA,CHA,22500124325,13760,0,0,203952|1628389|1630558|1631170|1641796
Shot Chart Detail,0022500124,336,1629012,Collin Sexton,1610612748,Charlotte Hornets,2,0,31,Missed Shot,Turnaround Fadeaway shot,2PT Field Goal,In The Paint (Non-RA),Center(C),8-16 ft.,11,-47,103,1,0,20251028,MIA,CHA,22500124336,14090,0,0,203952|1628389|1630558|1631170|1641796
Shot Chart Detail,0022500124,352,1642851,Kon Knueppel,1610612748,Charlotte Hornets,3,11,39,Made Shot,Jump Shot,3PT Field Goal,Above the Break 3,Left Side Center(LC),24+ ft.,25,-161,200,1,1,20251028,MIA,CHA,22500124352,14610,0,1,203952|1628389|1630558|1641796|1642276
Shot Chart Detail,0022500124,356,1642851,Kon Knueppel,1610612748,Charlotte Hornets,3,11,10,Missed Shot,Jump Shot,3PT Field Goal,Left Corner 3,Left Side(L),24+ ft.,23,-230,-1,1,0,20251028,MIA,CHA,22500124356,14900,0,0,203952|1628389|1630558|1641796|1642276
Shot Chart Detail,0022500124,361,1642851,Kon Knueppel,1610612748,Charlotte Hornets,3,10,46,Made Shot,Jump Shot,3PT Field Goal,Right Corner 3,Right Side(R),24+ ft.,22,228,4,1,1,20251028,MIA,CHA,22500124361,15140,0,1,203952|1628389|1630558|1641796|1642276
Shot Chart Detail,0022500124,365,1628970,Miles Bridges,1610612748,Charlotte Hornets,3,10,9,Missed Shot,Driving Finger Roll Layup Shot,2PT Field Goal,Restricted Area,Center(C),Less Than 8 ft.,2,21,10,1,0,20251028,MIA,CHA,22500124365,15510,0,0,203952|1628389|1630558|1641796|1642276
Shot Chart Detail,0022500124,367,1641750,Ryan Kalkbrenner,1610612748,Charlotte Hornets,3,10,5,Made Shot,Tip Layup Shot,2PT Field Goal,Restricted Area,Center(C),Less Than 8 ft.,0,0,0,1,1,20251028,MIA,CHA,22500124367,15550,0,0,203952|1628389|1630558|1641796|1642276
Shot Chart Detail,0022500124,384,1642851,Kon Knueppel,1610612748,Charlotte Hornets,3,9,1,Missed Shot,Jump Shot,3PT Field Goal,Above the Break 3,Center(C),24+ ft.,25,-9,253,1,0,20251028,MIA,CHA,22500124384,16190,0,0,203952|1628389|1630558|1641796|1642276
Shot Chart Detail,0022500124,393,1629012,Collin Sexton,1610612748,Charlotte Hornets,3,8,30,Made Shot,Jump Shot,3PT Field Goal,Right Corner 3,Right Side(R),24+ ft.,22,227,4,1,1,20251028,MIA,CHA,22500124393,16500,0,1,203952|1628389|1630558|1641796|1642276
Shot Chart Detail,0022500124,401,1629012,Collin Sexton,1610612748,Charlotte Hornets,3,7,48,Missed Shot,Turnaround Bank Hook Shot,2PT Field Goal,In The Paint (Non-RA),Center(C),8-16 ft.,8,1,88,1,0,20251028,MIA,CHA,22500124401,16920,0,0,203952|1628389|1630558|1631170|1641796
Shot Chart Detail,0022500124,406,1628970,Miles Bridges,1610612748,Charlotte Hornets,3,7,23,Missed Shot,Pullup Jump shot,3PT Field Goal,Above the Break 3,Center(C),24+ ft.,25,-5,253,1,0,20251028,MIA,CHA,22500124406,17170,0,0,203952|1628389|1630558|1631170|1641796
Shot Chart Detail,0022500124,419,1629012,Collin Sexton,1610612748,Charlotte Hornets,3,6,54,Made Shot,Running Reverse Layup Shot,2PT Field Goal,Restricted Area,Center(C),Less Than 8 ft.,0,5,-6,1,1,20251028,MIA,CHA,22500124419,17460,0,1,203952|1628389|1630558|1631170|1641796
Shot Chart Detail,0022500124,427,1630163,LaMelo Ball,1610612748,Charlotte Hornets,3,6,20,Made Shot,Driving Floating Jump Shot,2PT Field Goal,Restricted Area,Center(C),Less Than 8 ft.,0,1,8,1,1,20251028,MIA,CHA,22500124427,17800,0,0,203952|1628389|1630558|1631170|1641796
Shot Chart Detail,0022500124,430,1628970,Miles Bridges,1610612748,Charlotte Hornets,3,5,50,Made Shot,Jump Shot,3PT Field Goal,Right Corner 3,Right Side(R),24+ ft.,22,229,5,1,1,20251028,MIA,CHA,22500124430,18100,0,1,203952|1628389|1630558|1631170|1641796
Shot Chart Detail,0022500124,434,1630163,LaMelo Ball,1610612748,Charlotte Hornets,3,5,9,Missed Shot,Step Back Jump shot,3PT Field Goal,Above the Break 3,Center(C),24+ ft.,26,-47,264,1,0,20251028,MIA,CHA,22500124434,18510,0,0,203952|1628389|1630558|1631170|1641796
Shot Chart Detail,0022500124,443,1630163,LaMelo Ball,1610612748,Charlotte Hornets,3,4,50,Missed Shot,Jump Shot,3PT Field Goal,Above the Break 3,Left Side Center(LC),24+ ft.,29,-218,205,1,0,20251028,MIA,CHA,22500124443,18700,0,0,203952|1628389|1630558|1631170|1631323
Shot Chart Detail,0022500124,451,1642851,Kon Knueppel,1610612748,Charlotte Hornets,3,3,59,Missed Shot,Jump Shot,3PT Field Goal,Above the Break 3,Right Side Center(RC),24+ ft.,25,190,167,1,0,20251028,MIA,CHA,22500124451,19210,0,0,203952|1628389|1630558|1631170|1631323
Shot Chart Detail,0022500124,454,1642851,Kon Knueppel,1610612748,Charlotte Hornets,3,3,25,Made Shot,Jump Shot,3PT Field Goal,Right Corner 3,Right Side(R),24+ ft.,23,232,7,1,1,20251028,MIA,CHA,22500124454,19550,0,1,203952|1628389|1630558|1631170|1631323
Shot Chart Detail,0022500124,457,1630544,Tre Mann,1610612748,Charlotte Hornets,3,2,49,Missed Shot,Jump Shot,3PT Field Goal,Above the Break 3,Right Side Center(RC),24+ ft.,26,184,184,1,0,20251028,MIA,CHA,22500124457,19910,0,0,203952|1628389|1630558|1631170|1631323
Shot Chart Detail,0022500124,474,1630163,LaMelo Ball,1610612748,Charlotte Hornets,3,2,25,Missed Shot,Step Back Jump shot,3PT Field Goal,Above the Break 3,Center(C),24+ ft.,25,55,253,1,0,20251028,MIA,CHA,22500124474,20150,0,0,1630696|1631107|1631170|1631323|1642276
Shot Chart Detail,0022500124,493,1630544,Tre Mann,1610612748,Charlotte Hornets,3,1,38,Missed Shot,Running Layup Shot,2PT Field Goal,Restricted Area,Center(C),Less Than 8 ft.,0,2,-4,1,0,20251028,MIA,CHA,22500124493,20620,0,0,1630696|1631107|1631323|1641796|1642276
Shot Chart Detail,0022500124,499,1630544,Tre Mann,1610612748,Charlotte Hornets,3,1,18,Made Shot,Driving Floating Jump Shot,2PT Field Goal,In The Paint (Non-RA),Center(C),Less Than 8 ft.,6,17,62,1,1,20251028,MIA,CHA,22500124499,20820,0,0,1630696|1631107|1631323|1641796|1642276
Shot Chart Detail,0022500124,504,1630544,Tre Mann,1610612748,Charlotte Hornets,3,0,46,Missed Shot,Driving Finger Roll Layup Shot,2PT Field Goal,Restricted Area,Center(C),Less Than 8 ft.,2,0,20,1,0,20251028,MIA,CHA,22500124504,21140,0,0,1630696|1631107|1631323|1641796|1642276
Shot Chart Detail,0022500124,513,1642275,Tidjane Salan,1610612748,Charlotte Hornets,3,0,5,Missed Shot,Jump Shot,3PT Field Goal,Left Corner 3,Left Side(L),24+ ft.,23,-234,7,1,0,20251028,MIA,CHA,22500124513,21550,0,0,1630696|1631107|1631323|1641796|1642276
Shot Chart Detail,0022500124,524,1630544,Tre Mann,1610612748,Charlotte Hornets,4,11,28,Missed Shot,Pullup Jump shot,3PT Field Goal,Left Corner 3,Left Side(L),24+ ft.,22,-228,20,1,0,20251028,MIA,CHA,22500124524,21920,0,0,1630696|1631107|1631170|1631323|1642276
Shot Chart Detail,0022500124,526,1629012,Collin Sexton,1610612748,Charlotte Hornets,4,11,21,Made Shot,Jump Shot,3PT Field Goal,Right Corner 3,Right Side(R),24+ ft.,23,233,-9,1,1,20251028,MIA,CHA,22500124526,21990,0,1,1630696|1631107|1631170|1631323|1642276
Shot Chart Detail,0022500124,530,1642275,Tidjane Salan,1610612748,Charlotte Hornets,4,10,39,Missed Shot,Jump Shot,3PT Field Goal,Above the Break 3,Right Side Center(RC),24+ ft.,24,219,113,1,0,20251028,MIA,CHA,22500124530,22410,0,0,1630696|1631107|1631170|1631323|1642276
Shot Chart Detail,0022500124,534,1631217,Moussa Diabat,1610612748,Charlotte Hornets,4,10,17,Made Shot,Driving Floating Jump Shot,2PT Field Goal,In The Paint (Non-RA),Center(C),Less Than 8 ft.,7,-9,70,1,1,20251028,MIA,CHA,22500124534,22630,0,1,1630696|1631107|1631170|1631323|1642276
Shot Chart Detail,0022500124,547,1631217,Moussa Diabat,1610612748,Charlotte Hornets,4,9,35,Made Shot,Dunk Shot,2PT Field Goal,Restricted Area,Center(C),Less Than 8 ft.,0,-2,6,1,1,20251028,MIA,CHA,22500124547,23050,0,1,1630696|1631107|1631170|1631323|1642276
Shot Chart Detail,0022500124,557,1630544,Tre Mann,1610612748,Charlotte Hornets,4,9,9,Missed Shot,Pullup Jump shot,2PT Field Goal,In The Paint (Non-RA),Center(C),8-16 ft.,11,44,104,1,0,20251028,MIA,CHA,22500124557,23310,0,0,1630696|1631107|1631170|1631323|1642276
Shot Chart Detail,0022500124,572,1630544,Tre Mann,1610612748,Charlotte Hornets,4,7,55,Missed Shot,Driving Floating Jump Shot,2PT Field Goal,In The Paint (Non-RA),Left Side(L),8-16 ft.,12,-62,105,1,0,20251028,MIA,CHA,22500124572,24050,0,0,1630696|1631107|1631170|1631323|1642276
Shot Chart Detail,0022500124,577,1628970,Miles Bridges,1610612748,Charlotte Hornets,4,7,40,Made Shot,Pullup Jump shot,3PT Field Goal,Above the Break 3,Right Side Center(RC),24+ ft.,24,169,179,1,1,20251028,MIA,CHA,22500124577,24200,0,1,1630696|1631107|1631170|1631323|1642276
Shot Chart Detail,0022500124,595,1630163,LaMelo Ball,1610612748,Charlotte Hornets,4,6,58,Missed Shot,Driving Floating Jump Shot,2PT Field Goal,In The Paint (Non-RA),Center(C),8-16 ft.,11,47,106,1,0,20251028,MIA,CHA,22500124595,24620,0,0,203952|1628389|1630558|1631107|1631170
Shot Chart Detail,0022500124,602,1628970,Miles Bridges,1610612748,Charlotte Hornets,4,6,47,Made Shot,Alley Oop Dunk Shot,2PT Field Goal,Restricted Area,Center(C),Less Than 8 ft.,0,-5,4,1,1,20251028,MIA,CHA,22500124602,24730,0,1,203952|1628389|1630558|1631107|1641796
Shot Chart Detail,0022500124,609,1630544,Tre Mann,1610612748,Charlotte Hornets,4,5,45,Missed Shot,Jump Shot,3PT Field Goal,Above the Break 3,Left Side Center(LC),24+ ft.,25,-197,159,1,0,20251028,MIA,CHA,22500124609,25350,0,0,203952|1628389|1630558|1631107|1641796
Shot Chart Detail,0022500124,620,1628970,Miles Bridges,1610612748,Charlotte Hornets,4,5,15,Missed Shot,Jump Shot,3PT Field Goal,Left Corner 3,Left Side(L),24+ ft.,23,-237,-1,1,0,20251028,MIA,CHA,22500124620,25650,0,0,203952|1628389|1630558|1631107|1641796
Shot Chart Detail,0022500124,624,1642851,Kon Knueppel,1610612748,Charlotte Hornets,4,4,56,Made Shot,Jump Shot,3PT Field Goal,Above the Break 3,Center(C),24+ ft.,25,-59,252,1,1,20251028,MIA,CHA,22500124624,25840,0,1,203952|1628389|1630558|1631107|1641796
Shot Chart Detail,0022500124,647,1642851,Kon Knueppel,1610612748,Charlotte Hornets,4,3,44,Made Shot,Driving Floating Jump Shot,2PT Field Goal,In The Paint (Non-RA),Center(C),8-16 ft.,12,-28,123,1,1,20251028,MIA,CHA,22500124647,26560,0,0,203952|1628389|1630558|1631170|1641796
Shot Chart Detail,0022500124,652,1630544,Tre Mann,1610612748,Charlotte Hornets,4,3,13,Missed Shot,Driving Floating Jump Shot,2PT Field Goal,In The Paint (Non-RA),Center(C),8-16 ft.,9,-18,91,1,0,20251028,MIA,CHA,22500124652,26870,0,0,203952|1628389|1630558|1631170|1641796
Shot Chart Detail,0022500124,656,1642851,Kon Knueppel,1610612748,Charlotte Hornets,4,2,46,Missed Shot,Jump Shot,3PT Field Goal,Above the Break 3,Left Side Center(LC),24+ ft.,26,-172,197,1,0,20251028,MIA,CHA,22500124656,27140,0,0,203952|1628389|1630558|1631170|1641796
Shot Chart Detail,0022500124,688,1631217,Moussa Diabat,1610612748,Charlotte Hornets,4,1,34,Made Shot,Driving Floating Jump Shot,2PT Field Goal,Restricted Area,Center(C),Less Than 8 ft.,3,4,39,1,1,20251028,MIA,CHA,22500124688,27860,0,1,1641796|1642066|1642276|1642352|1642443
Shot Chart Detail,0022500124,692,1631217,Moussa Diabat,1610612748,Charlotte Hornets,4,1,15,Missed Shot,Floating Jump shot,2PT Field Goal,In The Paint (Non-RA),Center(C),8-16 ft.,12,-13,122,1,0,20251028,MIA,CHA,22500124692,28050,0,0,1641796|1642066|1642276|1642352|1642443
Shot Chart Detail,0022500124,698,1642862,Liam McNeeley,1610612748,Charlotte Hornets,4,0,57,Made Shot,Fadeaway Jump Shot,3PT Field Goal,Right Corner 3,Right Side(R),24+ ft.,22,225,6,1,1,20251028,MIA,CHA,22500124698,28230,0,1,1641796|1642066|1642276|1642352|1642443
Shot Chart Detail,0022500124,702,1630544,Tre Mann,1610612748,Charlotte Hornets,4,0,38,Missed Shot,Pullup Jump shot,3PT Field Goal,Above the Break 3,Center(C),24+ ft.,25,29,254,1,0,20251028,MIA,CHA,22500124702,28420,0,0,1641796|1642066|1642276|1642352|1642443
