PLAYER_ID,PLAYER_NAME,NICKNAME,TEAM_ID,TEAM_ABBREVIATION,AGE,GP,W,L,W_PCT,MIN,FGM,FGA,FG_PCT,FG3M,FG3A,FG3_PCT,FTM,FTA,FT_PCT,OREB,DREB,REB,AST,TOV,STL,BLK,BLKA,PF,PFD,PTS,PLUS_MINUS,NBA_FANTASY_PTS,DD2,TD3,WNBA_FANTASY_PTS,GP_RANK,W_RANK,L_RANK,W_PCT_RANK,MIN_RANK,FGM_RANK,FGA_RANK,FG_PCT_RANK,FG3M_RANK,FG3A_RANK,FG3_PCT_RANK,FTM_RANK,FTA_RANK,FT_PCT_RANK,OREB_RANK,DREB_RANK,REB_RANK,AST_RANK,TOV_RANK,STL_RANK,BLK_RANK,BLKA_RANK,PF_RANK,PFD_RANK,PTS_RANK,PLUS_MINUS_RANK,NBA_FANTASY_PTS_RANK,DD2_RANK,TD3_RANK,WNBA_FANTASY_PTS_RANK,DEF_RATING_RANK,PIE,FGM_PG,FGA_PG,E_OFF_RATING,DREB_PCT_RANK,E_DEF_RATING,PACE_RANK,PACE,E_NET_RATING_RANK,EFG_PCT,sp_work_OFF_RATING,OFF_RATING_RANK,sp_work_NET_RATING,USG_PCT_RANK,AST_PCT_RANK,POSS,sp_work_PACE_RANK,sp_work_NET_RATING_RANK,DEF_RATING,sp_work_DEF_RATING_RANK,DREB_PCT,E_TOV_PCT_RANK,sp_work_PACE,sp_work_DEF_RATING,REB_PCT,USG_PCT,AST_RATIO,NET_RATING,AST_TO_RANK,E_PACE,EFG_PCT_RANK,FGM_PG_RANK,REB_PCT_RANK,E_TOV_PCT,AST_RATIO_RANK,PACE_PER40,PIE_RANK,AST_PCT,OREB_PCT,TM_TOV_PCT_RANK,TS_PCT_RANK,AST_TO,OFF_RATING,E_USG_PCT_RANK,E_USG_PCT,E_DEF_RATING_RANK,OREB_PCT_RANK,NET_RATING_RANK,E_PACE_RANK,TS_PCT,sp_work_OFF_RATING_RANK,TM_TOV_PCT,FGA_PG_RANK,E_NET_RATING,E_OFF_RATING_RANK,BACKCOURT_FG_PCT,LEFT_CORNER_3_FG_PCT,MID_FGM,RA_FG_PCT,CORNER_3_FGA,RA_FGA,ITP_FGA,MID_FGA,ABOVE_BREAK_3_FGM,ABOVE_BREAK_3_FGA,MID_FG_PCT,CORNER_3_FG_PCT,RA_FGM,RIGHT_CORNER_3_FG_PCT,BACKCOURT_FGA,RIGHT_CORNER_3_FGM,CORNER_3_FGM,BACKCOURT_FGM,ITP_FG_PCT,ITP_FGM,ABOVE_BREAK_3_FG_PCT,RIGHT_CORNER_3_FGA,LEFT_CORNER_3_FGM,LEFT_CORNER_3_FGA,FGM_35_39,FGM_10_14,FGP_20_24,FGA_15_19,FGM_20_24,FGM_40_PLUS,FGP_15_19,FGP_35_39,FGP_25_29,FGA_30_34,FGM_LT_5,FGA_LT_5,FGA_20_24,FGP_30_34,TEAM_ABBR,FGM_30_34,FGP_LT_5,FGM_15_19,FGP_40_PLUS,FGA_10_14,FGA_25_29,FGP_10_14,FGA_5_9,FGA_35_39,FGP_5_9,FGA_40_PLUS,FGM_5_9,FGM_25_29,year,date,PASSES_MADE,AST_TO_PASS_PCT,PASSES_RECEIVED,FT_AST,AST_PTS_CREATED,POTENTIAL_AST,AST_TO_PASS_PCT_ADJ,SECONDARY_AST,AST_ADJ,DRIVE_TOV_PCT,DRIVE_PF,DRIVE_FTM,DRIVES,DRIVE_PASSES_PCT,DRIVE_TOV,DRIVE_AST_PCT,DRIVE_FT_PCT,DRIVE_PF_PCT,DRIVE_FG_PCT,DRIVE_FGM,DRIVE_PASSES,DRIVE_FGA,DRIVE_FTA,DRIVE_PTS,DRIVE_AST,DRIVE_PTS_PCT,TOUCHES,PTS_PER_POST_TOUCH,FRONT_CT_TOUCHES,ELBOW_TOUCHES,POINTS,PAINT_TOUCHES,PTS_PER_PAINT_TOUCH,AVG_DRIB_PER_TOUCH,PTS_PER_ELBOW_TOUCH,AVG_SEC_PER_TOUCH,POST_TOUCHES,TIME_OF_POSS,PTS_PER_TOUCH,REB_CHANCE_PCT,OREB_CONTEST,AVG_OREB_DIST,OREB_CONTEST_PCT,OREB_CHANCES,REB_CONTEST_PCT,REB_CHANCE_DEFER,DREB_CONTEST_PCT,DREB_CHANCE_PCT,AVG_REB_DIST,AVG_DREB_DIST,REB_CONTEST,DREB_CHANCE_PCT_ADJ,DREB_CHANCE_DEFER,REB_UNCONTEST,DREB_CONTEST,OREB_CHANCE_PCT,OREB_CHANCE_DEFER,DREB_CHANCES,OREB_UNCONTEST,REB_CHANCE_PCT_ADJ,OREB_CHANCE_PCT_ADJ,DREB_UNCONTEST,REB_CHANCES,very_tight_FG2A_FREQUENCY,very_tight_EFG_PCT,very_tight_FG3A_FREQUENCY,very_tight_FG3A,very_tight_FGM,very_tight_FG2_PCT,PLAYER_LAST_TEAM_ABBREVIATION,very_tight_FGA,very_tight_FG3_PCT,very_tight_FG3M,very_tight_FG2M,G,PLAYER_LAST_TEAM_ID,very_tight_FG2A,very_tight_FGA_FREQUENCY,very_tight_FG_PCT,tight_FGA,tight_FGA_FREQUENCY,tight_FG2_PCT,tight_FG2A_FREQUENCY,tight_FG2A,tight_EFG_PCT,tight_FG3A,tight_FG3_PCT,tight_FGM,tight_FG3M,tight_FG_PCT,tight_FG3A_FREQUENCY,tight_FG2M,open_FGA_FREQUENCY,open_FG3A,open_FGA,open_FG2M,open_EFG_PCT,open_FG2A,open_FG3A_FREQUENCY,open_FG_PCT,open_FG3_PCT,open_FG2_PCT,open_FGM,open_FG3M,open_FG2A_FREQUENCY,wide_open_FG2A,wide_open_FG_PCT,wide_open_FG3A,wide_open_EFG_PCT,wide_open_FG2M,wide_open_FG3M,wide_open_FG2A_FREQUENCY,wide_open_FG3A_FREQUENCY,wide_open_FGM,wide_open_FGA_FREQUENCY,wide_open_FG3_PCT,wide_open_FGA,wide_open_FG2_PCT,PULL_UP_FG3M,PULL_UP_FGM,PULL_UP_FG3A,PULL_UP_FG3_PCT,PULL_UP_PTS,PULL_UP_FG_PCT,PULL_UP_FGA,PULL_UP_EFG_PCT,EFF_FG_PCT,CATCH_SHOOT_FG_PCT,POST_TOUCH_FG_PCT,ELBOW_TOUCH_FG_PCT,POST_TOUCH_PTS,PAINT_TOUCH_FG_PCT,ELBOW_TOUCH_PTS,PAINT_TOUCH_PTS,CATCH_SHOOT_PTS,NS_LT_06_PCT,FGM_LT_06,LT_06_PCT,FREQ,PLAYER_POSITION,FGA_LT_06,PLUSMINUS,CATCH_SHOOT_FG3A,CATCH_SHOOT_FGM,CATCH_SHOOT_FG3_PCT,CATCH_SHOOT_FGA,CATCH_SHOOT_EFG_PCT,CATCH_SHOOT_FG3M,HTM,VTM,opp_team,team,opp_id,series_key
693,Joe Smith,Joe,1610612749,MIL,28.0,1,0,1,0.0,24.0,3,5,0.6,0,0,0.0,0,0,0.0,1,10,11,0,2,0,1,1,2,0,6,-19,20.2,0,0,19.0,1,46,46,46,40,38,48,14,26,43,26,48,51,48,26,3,5,57,16,36,11,58,40,1,50,86,34,11,1,35,62,0.162,3.0,5.0,71.9,6,112.2,34,99.0,77,0.6,72.0,74,-40.2,59,57,50,34,75,112.2,62,0.357,82,99.0,112.2,0.224,0.127,0.0,-40.2,44,99.12,18,38,2,28.6,57,82.5,17,0.0,0.048,82,23,0.0,72.0,61,0.129,59,31,75,26,0.6,74,28.6,48,-40.3,73,,,2.0,0.5,0.0,2.0,1.0,2.0,0.0,0.0,1.0,0.0,1.0,0.0,,0.0,0.0,,0.0,0.0,0.0,0.0,,,,0.0,0.0,1.0,0.0,,1.0,,0.0,0.0,1.0,2.0,0.0,0.0,MIL,0.0,0.5,1.0,,1.0,0.0,0.0,1.0,,1.0,,1.0,0.0,2004,20040418,,,,,,,,,,,,,,,,,,,,,,,,,,,,,,,,,,,,,,,,,,,,,,,,,,,,,,,,,,,,,,,,,,,,,,,,,,,,,,,,,,,,,,,,,,,,,,,,,,,,,,,,,,,,,,,,,,,,,,,,,,,,,,,,,,,,,,,,,,,,,,,,,,,,,,,DET,MIL,1610612765,MIL_DET_2004
1065,Erick Strickland,Erick,1610612749,MIL,30.0,1,0,1,0.0,20.683333333333334,4,8,0.5,0,3,0.0,2,2,1.0,0,4,4,3,0,2,0,0,2,0,10,-7,25.3,0,0,21.0,1,46,46,46,45,26,36,21,26,16,26,22,28,1,48,19,30,17,56,9,31,1,40,1,34,69,27,11,1,31,36,0.274,4.0,8.0,77.1,25,96.0,32,99.79,61,0.5,79.1,67,-16.3,30,6,43,32,56,95.3,36,0.138,1,99.79,95.3,0.08,0.196,25.0,-16.3,44,100.72,25,26,35,0.0,18,83.16,5,0.333,0.0,1,27,0.0,79.1,34,0.193,38,48,56,20,0.563,67,0.0,36,-18.8,71,,0.0,2.0,1.0,0.0,1.0,2.0,2.0,0.0,3.0,1.0,0.0,1.0,0.0,,0.0,0.0,,0.5,1.0,0.0,0.0,0.0,0.0,,0.0,0.0,2.0,0.0,,1.0,,0.0,0.0,1.0,1.0,0.0,0.0,MIL,0.0,1.0,2.0,,0.0,3.0,0.0,2.0,,0.5,,1.0,0.0,2004,20040418,,,,,,,,,,,,,,,,,,,,,,,,,,,,,,,,,,,,,,,,,,,,,,,,,,,,,,,,,,,,,,,,,,,,,,,,,,,,,,,,,,,,,,,,,,,,,,,,,,,,,,,,,,,,,,,,,,,,,,,,,,,,,,,,,,,,,,,,,,,,,,,,,,,,,,,DET,MIL,1610612765,MIL_DET_2004
2046,Desmond Mason,Desmond,1610612749,MIL,26.0,1,0,1,0.0,39.16666666666666,6,15,0.4,0,0,0.0,4,4,1.0,1,2,3,0,3,0,1,2,4,0,16,-22,19.6,0,0,21.0,1,46,46,46,12,14,8,40,26,43,26,7,13,1,26,34,39,57,9,36,11,80,72,1,16,88,35,11,1,31,59,0.025,6.0,15.0,82.2,59,111.2,39,97.43,71,0.4,82.5,63,-28.9,21,57,80,39,69,111.4,59,0.039,66,97.43,111.4,0.035,0.23,0.0,-28.9,44,97.67,44,14,60,15.2,57,81.19,60,0.0,0.029,66,45,0.0,82.5,22,0.229,56,41,69,31,0.477,63,15.0,8,-29.0,62,,0.0,2.0,0.333,0.0,6.0,3.0,6.0,0.0,0.0,0.333,0.0,2.0,0.0,,0.0,0.0,,0.667,2.0,0.0,0.0,0.0,0.0,,0.0,0.0,5.0,0.0,,0.4,,0.0,0.0,2.0,7.0,0.0,0.0,MIL,0.0,0.286,2.0,,0.0,0.0,0.0,3.0,,0.667,,2.0,0.0,2004,20040418,,,,,,,,,,,,,,,,,,,,,,,,,,,,,,,,,,,,,,,,,,,,,,,,,,,,,,,,,,,,,,,,,,,,,,,,,,,,,,,,,,,,,,,,,,,,,,,,,,,,,,,,,,,,,,,,,,,,,,,,,,,,,,,,,,,,,,,,,,,,,,,,,,,,,,,DET,MIL,1610612765,MIL_DET_2004
2429,Dan Gadzuric,Dan,1610612749,MIL,26.0,1,0,1,0.0,9.433333333333334,2,4,0.5,0,0,0.0,0,1,0.0,0,1,1,2,0,1,0,0,1,0,4,-5,11.2,0,0,9.0,1,46,46,46,64,50,52,21,26,43,26,48,49,48,48,48,58,31,56,20,31,1,20,1,53,61,56,11,1,58,55,0.111,2.0,4.0,89.1,7,117.8,19,104.31,70,0.5,90.0,51,-19.5,44,3,20,19,60,109.5,55,0.333,1,104.31,109.5,0.071,0.174,33.3,-19.5,44,101.05,25,50,39,0.0,6,86.93,29,0.4,0.0,1,48,0.0,90.0,30,0.2,70,48,60,18,0.45,51,0.0,52,-28.7,53,,0.0,0.0,1.0,0.0,2.0,1.0,1.0,0.0,0.0,0.0,0.0,2.0,0.0,,0.0,0.0,,0.0,0.0,0.0,0.0,0.0,0.0,,0.0,0.0,1.0,0.0,,0.0,,0.0,,2.0,2.0,0.0,,MIL,,1.0,0.0,,0.0,0.0,0.0,1.0,,0.0,,0.0,0.0,2004,20040418,,,,,,,,,,,,,,,,,,,,,,,,,,,,,,,,,,,,,,,,,,,,,,,,,,,,,,,,,,,,,,,,,,,,,,,,,,,,,,,,,,,,,,,,,,,,,,,,,,,,,,,,,,,,,,,,,,,,,,,,,,,,,,,,,,,,,,,,,,,,,,,,,,,,,,,DET,MIL,1610612765,MIL_DET_2004
1800,Damon Jones,Damon,1610612749,MIL,27.0,1,0,1,0.0,28.28333333333333,3,8,0.375,1,5,0.2,0,0,0.0,0,3,3,7,3,1,0,0,3,0,7,-12,21.1,0,0,20.0,1,46,46,46,35,38,36,45,13,10,22,48,51,48,48,29,39,4,9,20,31,1,56,1,46,74,32,11,1,34,47,0.075,3.0,8.0,81.6,42,105.1,24,101.83,64,0.438,81.7,64,-20.0,43,2,60,24,61,101.7,47,0.083,69,101.83,101.7,0.054,0.175,38.9,-20.0,13,100.23,40,38,51,16.7,4,84.86,36,0.412,0.0,69,50,2.33,81.7,44,0.177,48,48,61,21,0.438,64,16.7,36,-23.5,63,,0.0,1.0,1.0,1.0,1.0,0.0,2.0,1.0,4.0,0.5,0.0,1.0,0.0,,0.0,0.0,,0.0,0.0,0.25,0.0,0.0,1.0,,0.0,0.0,2.0,0.0,,0.5,,0.333,1.0,1.0,1.0,1.0,0.0,MIL,0.0,1.0,1.0,,0.0,3.0,0.0,0.0,,0.0,,0.0,1.0,2004,20040418,,,,,,,,,,,,,,,,,,,,,,,,,,,,,,,,,,,,,,,,,,,,,,,,,,,,,,,,,,,,,,,,,,,,,,,,,,,,,,,,,,,,,,,,,,,,,,,,,,,,,,,,,,,,,,,,,,,,,,,,,,,,,,,,,,,,,,,,,,,,,,,,,,,,,,,DET,MIL,1610612765,MIL_DET_2004
1730,Brian Skinner,Brian,1610612749,MIL,28.0,1,0,1,0.0,18.156666666666663,3,6,0.5,0,0,0.0,0,0,0.0,2,1,3,0,3,0,1,0,2,0,6,-12,9.6,0,0,11.0,1,46,46,46,55,38,45,21,26,43,26,48,51,48,16,48,39,57,9,36,11,1,40,1,50,74,59,11,1,55,64,0.009,3.0,6.0,81.1,56,113.0,45,96.49,73,0.5,78.4,69,-35.5,26,57,37,45,74,113.9,64,0.045,83,96.49,113.9,0.083,0.214,0.0,-35.5,44,95.22,25,38,33,33.3,57,80.41,64,0.0,0.143,83,39,0.0,78.4,24,0.226,61,6,74,49,0.5,69,33.3,45,-31.9,65,,,0.0,1.0,0.0,2.0,2.0,2.0,0.0,0.0,0.0,0.0,2.0,0.0,,0.0,0.0,,0.5,1.0,0.0,0.0,,,,0.0,0.0,0.0,0.0,,0.0,,0.0,,2.0,2.0,0.0,,MIL,,1.0,0.0,,1.0,0.0,0.0,3.0,,0.333,,1.0,0.0,2004,20040418,,,,,,,,,,,,,,,,,,,,,,,,,,,,,,,,,,,,,,,,,,,,,,,,,,,,,,,,,,,,,,,,,,,,,,,,,,,,,,,,,,,,,,,,,,,,,,,,,,,,,,,,,,,,,,,,,,,,,,,,,,,,,,,,,,,,,,,,,,,,,,,,,,,,,,,DET,MIL,1610612765,MIL_DET_2004
1510,Brevin Knight,Brevin,1610612749,MIL,28.0,1,0,1,0.0,16.346666666666668,1,3,0.333,0,0,0.0,2,2,1.0,1,0,1,3,2,3,0,0,6,0,4,-13,16.7,0,0,14.0,1,46,46,46,57,57,58,51,26,43,26,22,28,1,26,65,58,17,16,4,31,1,88,1,53,77,48,11,1,51,68,0.01,1.0,3.0,85.8,65,121.2,36,98.37,75,0.333,87.5,55,-29.6,50,10,32,36,71,117.1,68,0.0,79,98.37,117.1,0.029,0.162,33.3,-29.6,18,97.61,54,57,65,22.5,6,81.97,63,0.3,0.05,77,32,1.5,87.5,51,0.16,73,30,71,32,0.515,55,22.2,58,-35.4,59,,0.0,1.0,0.0,0.0,1.0,1.0,1.0,0.0,0.0,1.0,0.0,0.0,0.0,,0.0,0.0,,0.0,0.0,0.0,0.0,0.0,0.0,,0.0,0.0,1.0,0.0,,1.0,,0.0,,0.0,1.0,0.0,,MIL,,0.0,1.0,,1.0,0.0,0.0,0.0,,0.0,,0.0,0.0,2004,20040418,,,,,,,,,,,,,,,,,,,,,,,,,,,,,,,,,,,,,,,,,,,,,,,,,,,,,,,,,,,,,,,,,,,,,,,,,,,,,,,,,,,,,,,,,,,,,,,,,,,,,,,,,,,,,,,,,,,,,,,,,,,,,,,,,,,,,,,,,,,,,,,,,,,,,,,DET,MIL,1610612765,MIL_DET_2004
1496,Keith Van Horn,Keith,1610612749,MIL,28.0,1,0,1,0.0,31.53333333333333,3,11,0.273,1,4,0.25,1,1,1.0,0,5,5,3,3,0,1,1,2,0,8,-14,18.5,0,0,19.0,1,46,46,46,27,38,25,57,13,14,21,38,49,1,48,14,22,17,9,36,11,58,40,1,42,80,37,11,1,35,52,0.036,3.0,11.0,84.3,20,108.6,27,101.23,65,0.318,85.1,60,-22.5,31,28,67,27,63,107.6,52,0.147,72,101.23,107.6,0.074,0.192,17.6,-22.5,23,101.2,59,38,38,17.2,31,84.36,54,0.167,0.0,72,60,1.0,85.1,31,0.199,53,48,63,17,0.35,60,17.6,25,-24.3,60,,0.5,0.0,0.5,3.0,4.0,0.0,3.0,0.0,1.0,0.0,0.333,2.0,0.0,,0.0,1.0,,0.0,0.0,0.0,1.0,1.0,2.0,,0.0,0.333,3.0,1.0,,0.0,,0.0,0.0,2.0,4.0,3.0,0.0,MIL,0.0,0.5,0.0,,0.0,1.0,0.0,0.0,,0.0,,0.0,0.0,2004,20040418,,,,,,,,,,,,,,,,,,,,,,,,,,,,,,,,,,,,,,,,,,,,,,,,,,,,,,,,,,,,,,,,,,,,,,,,,,,,,,,,,,,,,,,,,,,,,,,,,,,,,,,,,,,,,,,,,,,,,,,,,,,,,,,,,,,,,,,,,,,,,,,,,,,,,,,DET,MIL,1610612765,MIL_DET_2004
2409,Marcus Haislip,Marcus,1610612749,MIL,23.0,1,0,1,0.0,2.95,1,1,1.0,0,0,0.0,0,0,0.0,1,0,1,0,0,0,0,0,0,0,2,2,3.2,0,0,3.0,1,46,46,46,78,57,68,1,26,43,26,48,51,48,26,65,58,57,56,36,31,1,1,1,61,30,67,11,1,64,6,0.455,1.0,1.0,87.2,65,69.4,17,105.76,19,1.0,100.0,34,42.9,60,57,6,17,5,57.1,6,0.0,1,105.76,57.1,0.167,0.125,0.0,42.9,44,102.83,1,57,10,0.0,57,88.14,1,0.0,0.2,1,1,0.0,100.0,64,0.127,8,1,5,11,1.0,34,0.0,68,17.8,55,,,1.0,0.0,0.0,0.0,0.0,1.0,0.0,0.0,1.0,0.0,0.0,0.0,,0.0,0.0,,0.0,0.0,0.0,0.0,,,,,0.0,1.0,0.0,,1.0,,0.0,,0.0,0.0,0.0,,MIL,,0.0,1.0,,,0.0,,0.0,,0.0,,0.0,0.0,2004,20040418,,,,,,,,,,,,,,,,,,,,,,,,,,,,,,,,,,,,,,,,,,,,,,,,,,,,,,,,,,,,,,,,,,,,,,,,,,,,,,,,,,,,,,,,,,,,,,,,,,,,,,,,,,,,,,,,,,,,,,,,,,,,,,,,,,,,,,,,,,,,,,,,,,,,,,,DET,MIL,1610612765,MIL_DET_2004
2091,Daniel Santiago,Daniel,1610612749,MIL,28.0,1,0,1,0.0,0.76,0,0,0.0,0,0,0.0,0,0,0.0,0,0,0,0,0,0,0,0,1,0,0,1,0.0,0,0,0.0,1,46,46,46,84,66,76,66,26,43,26,48,51,48,48,65,72,57,56,36,31,1,20,1,68,36,75,11,1,76,4,-0.333,0.0,0.0,100.0,65,113.6,6,157.89,52,0.0,100.0,34,66.7,78,57,2,6,2,33.3,4,0.0,1,157.89,33.3,0.0,0.0,0.0,66.7,44,90.95,66,66,72,0.0,57,131.58,87,0.0,0.0,1,68,0.0,100.0,78,0.0,63,48,3,71,0.0,34,0.0,76,-13.6,31,,,0.0,0.0,,0.0,,0.0,0.0,0.0,0.0,,0.0,,,,,,,,0.0,,,,,,,0.0,,,0.0,,0.0,,0.0,0.0,,,MIL,,0.0,0.0,,,0.0,,,,,,,0.0,2004,20040418,,,,,,,,,,,,,,,,,,,,,,,,,,,,,,,,,,,,,,,,,,,,,,,,,,,,,,,,,,,,,,,,,,,,,,,,,,,,,,,,,,,,,,,,,,,,,,,,,,,,,,,,,,,,,,,,,,,,,,,,,,,,,,,,,,,,,,,,,,,,,,,,,,,,,,,DET,MIL,1610612765,MIL_DET_2004
389,Toni Kukoc,Toni,1610612749,MIL,35.0,1,0,1,0.0,19.98333333333333,2,4,0.5,2,3,0.667,2,4,0.5,0,2,2,0,1,0,1,1,2,0,8,-8,12.4,0,0,14.0,1,46,46,46,48,50,52,21,9,16,7,22,13,34,48,34,47,57,32,36,11,58,40,1,42,71,53,11,1,51,55,0.049,2.0,4.0,89.4,44,109.9,28,100.88,62,0.75,90.5,50,-19.0,49,57,42,28,59,109.5,55,0.077,65,100.88,109.5,0.045,0.163,0.0,-19.0,44,101.32,9,50,56,14.8,57,84.07,49,0.0,0.0,62,12,0.0,90.5,55,0.155,54,48,59,15,0.694,50,14.3,52,-20.6,52,,0.0,0.0,0.0,1.0,1.0,0.0,0.0,1.0,2.0,0.0,1.0,0.0,1.0,,1.0,1.0,,0.0,0.0,0.5,1.0,0.0,0.0,,0.0,0.0,0.0,0.0,,0.0,,0.667,,0.0,1.0,0.0,,MIL,,0.0,0.0,,0.0,3.0,0.0,0.0,,0.0,,0.0,2.0,2004,20040418,,,,,,,,,,,,,,,,,,,,,,,,,,,,,,,,,,,,,,,,,,,,,,,,,,,,,,,,,,,,,,,,,,,,,,,,,,,,,,,,,,,,,,,,,,,,,,,,,,,,,,,,,,,,,,,,,,,,,,,,,,,,,,,,,,,,,,,,,,,,,,,,,,,,,,,DET,MIL,1610612765,MIL_DET_2004
2072,Michael Redd,Michael,1610612749,MIL,24.0,1,0,1,0.0,28.703333333333333,4,10,0.4,0,1,0.0,3,3,1.0,1,3,4,2,7,0,0,3,2,0,11,-21,11.8,0,0,17.0,1,46,46,46,32,26,29,40,26,31,26,14,22,1,26,29,30,31,1,36,31,87,40,1,30,87,55,11,1,42,60,0.016,4.0,10.0,78.0,38,111.8,23,102.01,74,0.4,77.0,70,-34.4,8,35,61,23,72,111.5,60,0.103,85,102.01,111.5,0.074,0.273,10.0,-34.4,42,101.24,44,26,37,34.4,47,85.01,62,0.143,0.04,85,43,0.29,77.0,9,0.285,58,37,72,16,0.486,70,35.0,29,-33.9,70,,0.0,2.0,0.25,1.0,4.0,1.0,4.0,0.0,0.0,0.5,0.0,1.0,0.0,,0.0,0.0,,1.0,1.0,0.0,0.0,0.0,1.0,,1.0,0.0,3.0,0.0,,0.667,,0.0,,1.0,4.0,1.0,,MIL,,0.25,2.0,,2.0,0.0,0.5,0.0,,0.0,,0.0,0.0,2004,20040418,,,,,,,,,,,,,,,,,,,,,,,,,,,,,,,,,,,,,,,,,,,,,,,,,,,,,,,,,,,,,,,,,,,,,,,,,,,,,,,,,,,,,,,,,,,,,,,,,,,,,,,,,,,,,,,,,,,,,,,,,,,,,,,,,,,,,,,,,,,,,,,,,,,,,,,DET,MIL,1610612765,MIL_DET_2004
389,Toni Kukoc,Toni,1610612749,MIL,35.0,1,1,0,1.0,26.183333333333334,7,8,0.875,1,2,0.5,0,0,0.0,3,6,9,0,3,1,1,0,3,0,15,1,28.8,0,0,29.0,1,1,1,1,28,6,25,4,6,15,3,36,37,36,6,9,7,36,5,12,10,1,41,3,11,30,15,5,2,14,29,0.312,7.0,8.0,94.5,13,90.3,17,92.58,29,0.938,96.0,30,3.8,39,36,50,17,29,92.2,29,0.2,60,92.58,92.2,0.158,0.177,0.0,3.8,25,94.26,4,6,9,27.3,36,77.15,3,0.0,0.111,60,4,0.0,96.0,41,0.178,21,8,29,6,0.938,30,27.3,25,4.2,35,,0.0,3.0,1.0,1.0,3.0,0.0,3.0,0.0,1.0,1.0,1.0,3.0,1.0,,1.0,1.0,,0.0,0.0,0.0,1.0,0.0,0.0,,0.0,1.0,3.0,1.0,0.0,1.0,,0.0,,3.0,3.0,1.0,,MIL,,1.0,3.0,0.0,0.0,1.0,0.0,0.0,,0.0,0.0,0.0,0.0,2004,20040421,,,,,,,,,,,,,,,,,,,,,,,,,,,,,,,,,,,,,,,,,,,,,,,,,,,,,,,,,,,,,,,,,,,,,,,,,,,,,,,,,,,,,,,,,,,,,,,,,,,,,,,,,,,,,,,,,,,,,,,,,,,,,,,,,,,,,,,,,,,,,,,,,,,,,,,DET,MIL,1610612765,MIL_DET_2004
2072,Michael Redd,Michael,1610612749,MIL,24.0,1,1,0,1.0,40.85,8,17,0.471,4,7,0.571,6,6,1.0,1,3,4,0,4,0,0,1,5,1,26,-1,26.8,0,0,34.0,1,1,1,1,4,3,4,20,2,3,2,2,3,1,23,21,23,36,3,35,19,46,61,1,2,35,18,5,2,5,47,0.089,8.0,17.0,105.4,37,105.8,28,89.89,35,0.588,106.6,20,0.1,12,36,76,28,33,106.5,47,0.067,50,89.89,106.5,0.049,0.267,0.0,0.1,25,90.69,15,3,40,16.9,36,74.91,34,0.0,0.027,50,14,0.0,106.6,11,0.266,49,31,33,26,0.662,20,16.7,4,-0.5,18,,0.0,4.0,0.0,3.0,1.0,0.0,9.0,2.0,4.0,0.444,0.667,0.0,0.667,,2.0,2.0,,0.0,0.0,0.5,3.0,0.0,0.0,,0.0,0.667,7.0,2.0,0.0,0.571,,0.667,,0.0,1.0,3.0,,MIL,,0.0,4.0,0.0,2.0,3.0,0.0,0.0,,0.0,1.0,0.0,2.0,2004,20040421,,,,,,,,,,,,,,,,,,,,,,,,,,,,,,,,,,,,,,,,,,,,,,,,,,,,,,,,,,,,,,,,,,,,,,,,,,,,,,,,,,,,,,,,,,,,,,,,,,,,,,,,,,,,,,,,,,,,,,,,,,,,,,,,,,,,,,,,,,,,,,,,,,,,,,,DET,MIL,1610612765,MIL_DET_2004
1800,Damon Jones,Damon,1610612749,MIL,27.0,1,1,0,1.0,22.031666666666663,2,3,0.667,1,2,0.5,2,4,0.5,1,5,6,7,2,1,0,0,3,0,7,-3,25.7,0,0,23.0,1,1,1,1,33,26,39,5,6,15,3,21,13,27,23,11,14,4,15,12,19,1,41,3,29,39,21,5,2,22,61,0.158,2.0,3.0,111.2,11,119.8,59,86.06,40,0.833,115.4,7,-4.6,45,3,39,59,37,120.0,61,0.217,47,86.06,120.0,0.13,0.146,50.0,-4.6,4,87.76,6,26,14,14.5,4,71.71,16,0.5,0.043,47,10,3.5,115.4,45,0.142,60,27,37,53,0.735,7,14.3,39,-8.6,11,,,0.0,1.0,1.0,1.0,0.0,0.0,0.0,1.0,0.0,1.0,1.0,1.0,,1.0,1.0,,0.0,0.0,0.0,1.0,,,,0.0,1.0,0.0,1.0,,0.0,,0.0,,1.0,1.0,1.0,,MIL,,1.0,0.0,,0.0,1.0,0.0,0.0,,0.0,,0.0,0.0,2004,20040421,,,,,,,,,,,,,,,,,,,,,,,,,,,,,,,,,,,,,,,,,,,,,,,,,,,,,,,,,,,,,,,,,,,,,,,,,,,,,,,,,,,,,,,,,,,,,,,,,,,,,,,,,,,,,,,,,,,,,,,,,,,,,,,,,,,,,,,,,,,,,,,,,,,,,,,DET,MIL,1610612765,MIL_DET_2004
2046,Desmond Mason,Desmond,1610612749,MIL,26.0,1,1,0,1.0,42.835,5,16,0.313,0,1,0.0,5,6,0.833,0,4,4,5,3,0,0,2,4,0,15,20,24.3,0,0,24.0,1,1,1,1,2,14,8,42,15,19,15,6,3,15,35,14,23,7,5,35,19,62,54,3,11,6,22,5,2,20,23,0.046,5.0,16.0,111.5,33,84.3,56,86.28,17,0.313,114.5,8,28.6,20,17,76,56,16,85.9,23,0.089,43,86.28,85.9,0.047,0.226,19.2,28.6,11,88.23,43,14,41,11.3,20,71.9,41,0.192,0.0,43,40,1.67,114.5,21,0.233,17,35,16,44,0.402,8,11.5,8,27.2,9,,0.0,2.0,0.4,1.0,5.0,2.0,8.0,0.0,0.0,0.25,0.0,2.0,0.0,,0.0,0.0,,0.5,1.0,0.0,1.0,0.0,0.0,,0.0,0.0,6.0,0.0,0.0,0.333,,0.0,,2.0,5.0,2.0,,MIL,,0.4,2.0,0.0,1.0,0.0,0.0,2.0,,0.5,0.0,1.0,0.0,2004,20040421,,,,,,,,,,,,,,,,,,,,,,,,,,,,,,,,,,,,,,,,,,,,,,,,,,,,,,,,,,,,,,,,,,,,,,,,,,,,,,,,,,,,,,,,,,,,,,,,,,,,,,,,,,,,,,,,,,,,,,,,,,,,,,,,,,,,,,,,,,,,,,,,,,,,,,,DET,MIL,1610612765,MIL_DET_2004
693,Joe Smith,Joe,1610612749,MIL,28.0,1,1,0,1.0,32.211666666666666,4,11,0.364,0,0,0.0,3,4,0.75,7,6,13,0,1,2,2,2,1,0,11,7,37.6,1,0,32.0,1,1,1,1,19,20,16,32,15,27,15,16,13,21,1,9,2,36,25,5,3,62,17,3,21,13,6,1,2,10,31,0.141,4.0,11.0,103.6,17,93.0,41,87.92,23,0.364,106.8,19,11.9,36,36,59,41,23,94.9,31,0.158,31,87.92,94.9,0.178,0.189,0.0,11.9,25,90.15,34,20,8,7.3,36,73.27,24,0.0,0.2,31,37,0.0,106.8,37,0.186,27,2,23,29,0.431,19,7.1,16,10.6,21,,0.0,1.0,0.4,0.0,5.0,2.0,4.0,0.0,0.0,0.25,0.0,2.0,0.0,,0.0,0.0,,0.5,1.0,0.0,0.0,0.0,0.0,,0.0,0.0,3.0,0.0,0.0,0.333,,0.0,,2.0,5.0,0.0,,MIL,,0.4,1.0,0.0,1.0,0.0,0.0,2.0,,0.5,0.0,1.0,0.0,2004,20040421,,,,,,,,,,,,,,,,,,,,,,,,,,,,,,,,,,,,,,,,,,,,,,,,,,,,,,,,,,,,,,,,,,,,,,,,,,,,,,,,,,,,,,,,,,,,,,,,,,,,,,,,,,,,,,,,,,,,,,,,,,,,,,,,,,,,,,,,,,,,,,,,,,,,,,,DET,MIL,1610612765,MIL_DET_2004
1496,Keith Van Horn,Keith,1610612749,MIL,28.0,1,1,0,1.0,19.433333333333334,1,8,0.125,0,0,0.0,0,1,0.0,1,0,1,1,1,1,1,2,2,0,2,-1,9.7,0,0,8.0,1,1,1,1,38,39,25,48,15,27,15,36,35,36,23,46,43,26,25,12,10,62,28,3,44,35,43,5,2,44,27,-0.158,1.0,8.0,85.6,46,91.3,33,88.92,38,0.125,88.9,39,-2.8,26,31,36,33,36,91.7,27,0.0,37,88.92,91.7,0.028,0.209,10.0,-2.8,14,90.85,49,39,46,9.6,30,74.1,63,0.1,0.063,37,52,1.0,88.9,27,0.218,23,21,36,23,0.118,39,10.0,25,-5.7,44,,0.0,0.0,0.2,0.0,5.0,1.0,2.0,0.0,0.0,0.0,0.0,1.0,0.0,,0.0,0.0,,0.0,0.0,0.0,0.0,0.0,0.0,,0.0,0.0,2.0,0.0,,0.0,,0.0,,1.0,5.0,0.0,,MIL,,0.2,0.0,,0.0,0.0,0.0,1.0,,0.0,,0.0,0.0,2004,20040421,,,,,,,,,,,,,,,,,,,,,,,,,,,,,,,,,,,,,,,,,,,,,,,,,,,,,,,,,,,,,,,,,,,,,,,,,,,,,,,,,,,,,,,,,,,,,,,,,,,,,,,,,,,,,,,,,,,,,,,,,,,,,,,,,,,,,,,,,,,,,,,,,,,,,,,DET,MIL,1610612765,MIL_DET_2004
1730,Brian Skinner,Brian,1610612749,MIL,28.0,1,1,0,1.0,23.966666666666665,2,3,0.667,0,0,0.0,1,4,0.25,1,3,4,0,1,0,0,0,2,0,5,0,8.8,0,0,9.0,1,1,1,1,32,26,39,5,15,27,15,29,13,35,23,21,23,36,25,35,19,1,28,3,33,33,44,5,2,42,54,0.018,2.0,3.0,105.0,21,109.2,47,87.12,36,0.667,109.1,15,-2.5,48,36,44,47,35,111.6,54,0.143,52,87.12,111.6,0.089,0.115,0.0,-2.5,25,89.8,8,26,30,17.4,36,72.6,46,0.0,0.042,50,24,0.0,109.1,48,0.111,52,28,35,34,0.525,15,16.7,39,-4.2,19,,,0.0,1.0,0.0,1.0,1.0,1.0,0.0,0.0,0.0,0.0,1.0,0.0,,0.0,0.0,,1.0,1.0,0.0,0.0,,,,0.0,0.0,0.0,0.0,,0.0,,0.0,,1.0,1.0,0.0,,MIL,,1.0,0.0,,1.0,0.0,0.0,1.0,,1.0,,1.0,0.0,2004,20040421,,,,,,,,,,,,,,,,,,,,,,,,,,,,,,,,,,,,,,,,,,,,,,,,,,,,,,,,,,,,,,,,,,,,,,,,,,,,,,,,,,,,,,,,,,,,,,,,,,,,,,,,,,,,,,,,,,,,,,,,,,,,,,,,,,,,,,,,,,,,,,,,,,,,,,,DET,MIL,1610612765,MIL_DET_2004
1510,Brevin Knight,Brevin,1610612749,MIL,28.0,1,1,0,1.0,27.28333333333333,3,7,0.429,0,0,0.0,5,6,0.833,2,5,7,5,2,2,1,0,2,0,11,1,33.9,0,0,29.0,1,1,1,1,26,23,30,29,15,27,15,6,3,15,11,11,13,7,15,5,10,1,28,3,21,30,9,5,2,14,25,0.27,3.0,7.0,90.7,18,86.8,19,92.36,30,0.429,92.3,34,3.6,35,8,52,19,30,88.7,25,0.156,45,92.36,88.7,0.123,0.19,29.4,3.6,9,94.19,30,23,18,12.0,10,76.97,5,0.385,0.08,44,19,2.5,92.3,39,0.185,18,17,30,7,0.571,34,11.8,30,3.9,39,,0.0,3.0,0.0,0.0,0.0,1.0,6.0,0.0,0.0,0.5,0.0,0.0,0.0,,0.0,0.0,,0.0,0.0,0.0,0.0,0.0,0.0,,0.0,0.0,5.0,0.0,0.0,0.6,,0.0,,0.0,0.0,1.0,,MIL,,0.0,3.0,0.0,1.0,0.0,0.0,0.0,,0.0,0.0,0.0,0.0,2004,20040421,,,,,,,,,,,,,,,,,,,,,,,,,,,,,,,,,,,,,,,,,,,,,,,,,,,,,,,,,,,,,,,,,,,,,,,,,,,,,,,,,,,,,,,,,,,,,,,,,,,,,,,,,,,,,,,,,,,,,,,,,,,,,,,,,,,,,,,,,,,,,,,,,,,,,,,DET,MIL,1610612765,MIL_DET_2004
1065,Erick Strickland,Erick,1610612749,MIL,30.0,1,1,0,1.0,5.205,0,0,0.0,0,0,0.0,0,0,0.0,0,0,0,1,1,0,0,0,1,0,0,-4,0.5,0,0,1.0,1,1,1,1,53,52,57,52,15,27,15,36,37,36,35,46,51,26,25,35,19,1,17,3,54,45,59,5,2,57,37,-0.105,0.0,0.0,78.4,46,94.9,7,101.44,45,0.0,80.0,45,-20.0,51,3,10,7,49,100.0,37,0.0,64,101.44,100.0,0.0,0.1,50.0,-20.0,14,105.31,52,52,51,50.0,4,84.53,61,0.5,0.0,64,54,1.0,80.0,54,0.098,28,35,49,1,0.0,45,50.0,57,-16.5,51,,0.0,0.0,0.0,0.0,0.0,0.0,0.0,0.0,0.0,0.0,0.0,0.0,,,,0.0,,0.0,0.0,0.0,,0.0,0.0,,0.0,0.0,0.0,0.0,,0.0,,0.0,,0.0,0.0,0.0,,MIL,,0.0,0.0,,0.0,0.0,0.0,0.0,,0.0,,0.0,0.0,2004,20040421,,,,,,,,,,,,,,,,,,,,,,,,,,,,,,,,,,,,,,,,,,,,,,,,,,,,,,,,,,,,,,,,,,,,,,,,,,,,,,,,,,,,,,,,,,,,,,,,,,,,,,,,,,,,,,,,,,,,,,,,,,,,,,,,,,,,,,,,,,,,,,,,,,,,,,,DET,MIL,1610612765,MIL_DET_2004
1730,Brian Skinner,Brian,1610612749,MIL,28.0,1,0,1,0.0,16.05,2,5,0.4,0,0,0.0,0,0,0.0,1,4,5,0,0,0,1,2,4,0,4,1,13.0,0,0,11.0,1,41,41,41,54,42,47,33,24,42,24,47,49,47,24,22,27,52,53,44,12,67,59,1,50,35,48,7,1,48,65,0.031,2.0,5.0,120.4,6,116.4,70,86.73,36,0.4,125.0,4,11.7,45,52,28,70,28,113.3,65,0.267,1,86.73,113.3,0.167,0.167,0.0,11.7,36,87.15,41,42,8,0.0,52,72.27,56,0.0,0.067,1,46,0.0,125.0,46,0.166,72,21,28,74,0.4,4,0.0,47,3.9,6,,0.0,0.0,0.5,0.0,4.0,0.0,1.0,0.0,0.0,0.0,0.0,2.0,0.0,,0.0,0.0,,0.0,0.0,0.0,0.0,0.0,0.0,,0.0,0.0,0.0,0.0,,0.0,,0.0,,2.0,4.0,0.0,,MIL,,0.5,0.0,,0.0,0.0,0.0,1.0,,0.0,,0.0,0.0,2004,20040424,,,,,,,,,,,,,,,,,,,,,,,,,,,,,,,,,,,,,,,,,,,,,,,,,,,,,,,,,,,,,,,,,,,,,,,,,,,,,,,,,,,,,,,,,,,,,,,,,,,,,,,,,,,,,,,,,,,,,,,,,,,,,,,,,,,,,,,,,,,,,,,,,,,,,,,DET,MIL,1610612765,MIL_DET_2004
1510,Brevin Knight,Brevin,1610612749,MIL,28.0,1,0,1,0.0,24.79833333333333,1,6,0.167,0,0,0.0,1,1,1.0,0,1,1,3,2,2,0,1,3,0,3,10,12.7,0,0,11.0,1,41,41,41,41,50,42,65,24,42,24,33,45,1,45,54,62,17,19,7,29,46,42,1,54,17,50,7,1,48,16,-0.022,1.0,6.0,96.4,66,74.6,30,96.78,13,0.167,94.1,31,16.6,54,21,51,30,23,77.6,16,0.04,56,96.78,77.6,0.019,0.143,27.3,16.6,12,97.48,65,50,68,17.5,13,80.65,69,0.2,0.0,57,66,1.5,94.1,52,0.154,10,45,23,25,0.233,31,18.2,42,21.8,27,,0.0,0.0,0.333,0.0,3.0,1.0,2.0,0.0,0.0,0.0,0.0,1.0,0.0,,0.0,0.0,,0.0,0.0,0.0,0.0,0.0,0.0,,0.0,0.0,0.0,0.0,,0.0,,0.0,,1.0,3.0,0.0,,MIL,,0.333,0.0,,3.0,0.0,0.0,0.0,,0.0,,0.0,0.0,2004,20040424,,,,,,,,,,,,,,,,,,,,,,,,,,,,,,,,,,,,,,,,,,,,,,,,,,,,,,,,,,,,,,,,,,,,,,,,,,,,,,,,,,,,,,,,,,,,,,,,,,,,,,,,,,,,,,,,,,,,,,,,,,,,,,,,,,,,,,,,,,,,,,,,,,,,,,,DET,MIL,1610612765,MIL_DET_2004
693,Joe Smith,Joe,1610612749,MIL,28.0,1,0,1,0.0,40.333333333333336,6,11,0.545,0,1,0.0,4,4,1.0,3,3,6,0,0,1,5,1,4,0,16,-17,41.2,0,0,34.0,1,41,41,41,8,14,22,16,24,28,24,12,18,1,10,28,21,52,53,17,1,46,59,1,19,71,9,7,1,12,67,0.122,6.0,11.0,92.1,50,109.3,56,91.64,54,0.545,92.2,33,-22.1,50,52,77,56,62,114.3,67,0.081,1,91.64,114.3,0.071,0.153,0.0,-22.1,36,93.8,21,14,42,0.0,52,76.36,34,0.0,0.064,1,17,0.0,92.2,53,0.154,64,22,62,43,0.627,33,0.0,22,-17.2,35,,0.0,2.0,0.667,0.0,6.0,1.0,3.0,0.0,1.0,0.667,0.0,4.0,0.0,,0.0,0.0,,0.0,0.0,0.0,0.0,0.0,0.0,,1.0,0.0,2.0,0.0,,0.5,,0.0,,4.0,6.0,0.0,,MIL,,0.667,1.0,,2.0,1.0,0.5,0.0,,0.0,,0.0,0.0,2004,20040424,,,,,,,,,,,,,,,,,,,,,,,,,,,,,,,,,,,,,,,,,,,,,,,,,,,,,,,,,,,,,,,,,,,,,,,,,,,,,,,,,,,,,,,,,,,,,,,,,,,,,,,,,,,,,,,,,,,,,,,,,,,,,,,,,,,,,,,,,,,,,,,,,,,,,,,DET,MIL,1610612765,MIL_DET_2004
2046,Desmond Mason,Desmond,1610612749,MIL,26.0,1,0,1,0.0,41.66666666666666,5,15,0.333,0,0,0.0,9,12,0.75,1,8,9,3,2,2,0,0,3,0,19,-10,38.3,0,0,35.0,1,41,41,41,7,18,13,42,24,42,24,1,1,23,24,5,11,17,19,7,29,1,42,1,12,63,12,7,1,10,59,0.128,5.0,15.0,88.8,16,100.3,49,92.74,48,0.333,88.9,42,-13.6,14,31,81,49,49,102.5,59,0.211,36,92.74,102.5,0.102,0.256,11.5,-13.6,12,93.82,47,18,29,7.9,39,77.28,31,0.15,0.02,35,39,1.5,88.9,17,0.253,57,42,49,42,0.468,42,7.7,13,-11.5,42,,0.0,1.0,0.5,0.0,6.0,2.0,7.0,0.0,0.0,0.143,0.0,3.0,0.0,,0.0,0.0,,0.5,1.0,0.0,0.0,0.0,0.0,,1.0,0.0,3.0,0.0,,0.0,,0.0,,3.0,6.0,0.0,,MIL,,0.5,0.0,,5.0,0.0,0.2,1.0,,1.0,,1.0,0.0,2004,20040424,,,,,,,,,,,,,,,,,,,,,,,,,,,,,,,,,,,,,,,,,,,,,,,,,,,,,,,,,,,,,,,,,,,,,,,,,,,,,,,,,,,,,,,,,,,,,,,,,,,,,,,,,,,,,,,,,,,,,,,,,,,,,,,,,,,,,,,,,,,,,,,,,,,,,,,DET,MIL,1610612765,MIL_DET_2004
1800,Damon Jones,Damon,1610612749,MIL,27.0,1,0,1,0.0,32.36833333333333,5,11,0.455,4,8,0.5,0,0,0.0,0,6,6,7,0,1,0,1,4,0,14,-18,34.7,0,0,33.0,1,41,41,41,27,18,22,27,1,1,7,47,49,47,45,16,21,2,53,17,29,46,59,1,21,72,15,7,1,17,71,0.167,5.0,11.0,88.8,11,112.1,64,89.72,63,0.636,91.5,35,-24.6,40,4,59,64,66,116.1,71,0.222,1,89.72,116.1,0.095,0.175,38.9,-24.6,36,92.74,12,18,33,0.0,2,74.76,18,0.467,0.0,1,15,0.0,91.5,41,0.175,66,45,66,54,0.636,35,0.0,22,-23.3,42,,0.0,1.0,0.0,2.0,1.0,0.0,2.0,3.0,6.0,0.5,0.5,0.0,0.5,,1.0,1.0,,0.0,0.0,0.5,2.0,0.0,0.0,,0.0,0.5,1.0,1.0,,1.0,,0.5,,0.0,1.0,2.0,,MIL,,0.0,1.0,,1.0,6.0,0.0,0.0,,0.0,,0.0,3.0,2004,20040424,,,,,,,,,,,,,,,,,,,,,,,,,,,,,,,,,,,,,,,,,,,,,,,,,,,,,,,,,,,,,,,,,,,,,,,,,,,,,,,,,,,,,,,,,,,,,,,,,,,,,,,,,,,,,,,,,,,,,,,,,,,,,,,,,,,,,,,,,,,,,,,,,,,,,,,DET,MIL,1610612765,MIL_DET_2004
1496,Keith Van Horn,Keith,1610612749,MIL,28.0,1,0,1,0.0,15.616666666666667,2,6,0.333,1,2,0.5,3,4,0.75,1,1,2,1,2,2,0,2,4,0,8,1,15.9,0,0,16.0,1,41,41,41,55,42,42,42,11,20,7,17,18,23,24,54,50,39,19,7,29,67,59,1,33,35,40,7,1,39,24,0.043,2.0,6.0,91.1,48,83.0,25,99.89,34,0.417,87.5,46,5.7,8,32,32,25,34,81.8,24,0.083,58,99.89,81.8,0.063,0.278,9.1,5.7,28,97.19,38,42,46,18.6,42,83.24,53,0.143,0.05,57,33,0.5,87.5,9,0.281,26,29,34,26,0.515,46,18.2,42,8.1,36,,,0.0,0.333,0.0,3.0,0.0,1.0,1.0,2.0,0.0,0.0,1.0,0.0,,0.0,0.0,,0.0,0.0,0.5,0.0,,,,0.0,0.0,0.0,0.0,,0.0,,0.5,,1.0,3.0,1.0,,MIL,,0.333,0.0,,0.0,2.0,0.0,0.0,,0.0,,0.0,1.0,2004,20040424,,,,,,,,,,,,,,,,,,,,,,,,,,,,,,,,,,,,,,,,,,,,,,,,,,,,,,,,,,,,,,,,,,,,,,,,,,,,,,,,,,,,,,,,,,,,,,,,,,,,,,,,,,,,,,,,,,,,,,,,,,,,,,,,,,,,,,,,,,,,,,,,,,,,,,,DET,MIL,1610612765,MIL_DET_2004
389,Toni Kukoc,Toni,1610612749,MIL,35.0,1,0,1,0.0,24.0,1,7,0.143,0,5,0.0,0,2,0.0,0,1,1,3,0,1,0,1,1,0,2,-5,10.7,0,0,8.0,1,41,41,41,43,50,40,67,24,4,24,47,26,47,45,54,62,17,53,17,29,46,12,1,58,54,53,7,1,58,40,-0.045,1.0,7.0,75.1,65,84.0,42,94.0,43,0.143,76.6,60,-10.6,48,18,47,42,47,87.2,40,0.042,1,94.0,87.2,0.019,0.157,27.3,-10.6,36,96.76,67,50,68,0.0,13,78.33,71,0.231,0.0,1,70,0.0,76.6,51,0.155,30,45,47,27,0.127,60,0.0,40,-9.0,63,,0.0,0.0,0.5,1.0,2.0,0.0,0.0,0.0,4.0,0.0,0.0,1.0,0.0,,0.0,0.0,,0.0,0.0,0.0,0.0,0.0,1.0,,0.0,0.0,0.0,0.0,,0.0,,0.0,,1.0,2.0,1.0,,MIL,,0.5,0.0,,0.0,4.0,0.0,0.0,,0.0,,0.0,0.0,2004,20040424,,,,,,,,,,,,,,,,,,,,,,,,,,,,,,,,,,,,,,,,,,,,,,,,,,,,,,,,,,,,,,,,,,,,,,,,,,,,,,,,,,,,,,,,,,,,,,,,,,,,,,,,,,,,,,,,,,,,,,,,,,,,,,,,,,,,,,,,,,,,,,,,,,,,,,,DET,MIL,1610612765,MIL_DET_2004
2072,Michael Redd,Michael,1610612749,MIL,24.0,1,0,1,0.0,45.16666666666666,8,20,0.4,1,5,0.2,2,3,0.667,1,5,6,5,1,0,0,2,5,0,19,-12,32.7,0,0,31.0,1,41,41,41,1,5,2,33,11,4,22,24,23,29,24,18,21,5,30,44,29,67,72,1,12,66,21,7,1,19,64,0.078,8.0,20.0,94.7,35,103.7,60,90.86,45,0.425,94.2,30,-15.2,22,16,86,60,53,109.4,64,0.119,28,90.86,109.4,0.063,0.232,18.5,-15.2,1,93.1,37,5,45,3.7,26,75.72,44,0.238,0.019,28,42,5.0,94.2,21,0.241,58,43,53,51,0.446,30,3.7,2,-9.1,29,,0.0,2.0,0.5,4.0,8.0,2.0,5.0,0.0,1.0,0.4,0.25,4.0,0.333,,1.0,1.0,,0.5,1.0,0.0,3.0,0.0,1.0,,1.0,0.333,2.0,2.0,,0.5,,0.0,,4.0,8.0,6.0,,MIL,,0.5,1.0,,2.0,1.0,0.5,1.0,,0.0,,0.0,0.0,2004,20040424,,,,,,,,,,,,,,,,,,,,,,,,,,,,,,,,,,,,,,,,,,,,,,,,,,,,,,,,,,,,,,,,,,,,,,,,,,,,,,,,,,,,,,,,,,,,,,,,,,,,,,,,,,,,,,,,,,,,,,,,,,,,,,,,,,,,,,,,,,,,,,,,,,,,,,,DET,MIL,1610612765,MIL_DET_2004
1730,Brian Skinner,Brian,1610612749,MIL,28.0,1,0,1,0.0,15.116666666666667,3,4,0.75,0,0,0.0,2,6,0.333,3,3,6,0,2,0,0,0,0,0,8,-8,13.2,0,0,14.0,1,19,19,19,29,22,27,4,16,23,16,11,3,18,7,15,12,27,6,20,14,1,1,1,21,29,27,7,1,25,27,0.112,3.0,4.0,84.2,2,115.8,23,90.5,33,0.75,82.8,33,-31.5,9,27,29,23,34,114.3,27,0.25,32,90.5,114.3,0.207,0.25,0.0,-31.5,20,89.16,6,22,5,23.1,27,75.41,15,0.0,0.176,32,12,0.0,82.8,10,0.25,27,4,34,29,0.602,33,22.2,27,-31.6,32,,0.0,0.0,0.667,0.0,3.0,1.0,0.0,0.0,0.0,0.0,0.0,2.0,0.0,,0.0,0.0,,1.0,1.0,0.0,0.0,0.0,0.0,,0.0,0.0,0.0,0.0,,0.0,,0.0,,2.0,3.0,0.0,,MIL,,0.667,0.0,,0.0,0.0,0.0,1.0,,1.0,,1.0,0.0,2004,20040426,,,,,,,,,,,,,,,,,,,,,,,,,,,,,,,,,,,,,,,,,,,,,,,,,,,,,,,,,,,,,,,,,,,,,,,,,,,,,,,,,,,,,,,,,,,,,,,,,,,,,,,,,,,,,,,,,,,,,,,,,,,,,,,,,,,,,,,,,,,,,,,,,,,,,,,DET,MIL,1610612765,MIL_DET_2004
1800,Damon Jones,Damon,1610612749,MIL,27.0,1,0,1,0.0,30.133333333333333,6,6,1.0,3,3,1.0,2,2,1.0,1,3,4,10,1,2,0,0,1,0,17,1,41.8,1,0,38.0,1,19,19,19,17,8,23,1,1,8,1,11,17,1,17,15,20,1,17,4,14,1,7,1,7,16,8,1,1,5,28,0.22,6.0,6.0,116.4,16,119.0,34,84.42,24,1.25,118.5,9,-2.6,28,2,54,34,20,121.2,28,0.15,12,84.42,121.2,0.087,0.123,55.6,-2.6,1,85.95,2,8,20,5.6,1,70.35,1,0.5,0.038,12,2,10.0,118.5,28,0.123,28,16,20,35,1.235,9,5.6,23,-2.5,11,,1.0,2.0,1.0,2.0,1.0,0.0,2.0,1.0,1.0,1.0,1.0,1.0,1.0,,1.0,2.0,,0.0,0.0,1.0,1.0,1.0,1.0,,0.0,1.0,2.0,2.0,,1.0,,1.0,,1.0,1.0,2.0,,MIL,,1.0,2.0,,0.0,1.0,0.0,0.0,,0.0,,0.0,1.0,2004,20040426,,,,,,,,,,,,,,,,,,,,,,,,,,,,,,,,,,,,,,,,,,,,,,,,,,,,,,,,,,,,,,,,,,,,,,,,,,,,,,,,,,,,,,,,,,,,,,,,,,,,,,,,,,,,,,,,,,,,,,,,,,,,,,,,,,,,,,,,,,,,,,,,,,,,,,,DET,MIL,1610612765,MIL_DET_2004
2046,Desmond Mason,Desmond,1610612749,MIL,26.0,1,0,1,0.0,32.233333333333334,3,12,0.25,0,1,0.0,2,2,1.0,2,3,5,2,2,1,1,1,4,0,8,-12,21.0,0,0,19.0,1,19,19,19,16,22,13,28,16,17,16,11,17,1,13,15,16,14,6,11,6,22,28,1,21,33,20,7,1,20,34,0.004,3.0,12.0,101.0,20,124.2,31,87.11,30,0.25,105.1,14,-22.5,17,20,59,31,30,127.6,34,0.13,20,87.11,127.6,0.088,0.208,11.8,-22.5,12,90.09,28,22,19,11.8,19,72.6,30,0.087,0.059,20,29,1.0,105.1,18,0.206,33,15,30,25,0.311,14,11.8,13,-23.2,18,,0.0,1.0,0.333,0.0,6.0,0.0,5.0,0.0,1.0,0.2,0.0,2.0,0.0,,0.0,0.0,,0.0,0.0,0.0,0.0,0.0,0.0,,1.0,0.0,2.0,0.0,,0.0,,0.0,,2.0,6.0,0.0,,MIL,,0.333,0.0,,3.0,1.0,0.333,0.0,,0.0,,0.0,0.0,2004,20040426,,,,,,,,,,,,,,,,,,,,,,,,,,,,,,,,,,,,,,,,,,,,,,,,,,,,,,,,,,,,,,,,,,,,,,,,,,,,,,,,,,,,,,,,,,,,,,,,,,,,,,,,,,,,,,,,,,,,,,,,,,,,,,,,,,,,,,,,,,,,,,,,,,,,,,,DET,MIL,1610612765,MIL_DET_2004
1065,Erick Strickland,Erick,1610612749,MIL,30.0,1,0,1,0.0,13.966666666666669,1,4,0.25,0,2,0.0,2,2,1.0,0,1,1,5,2,0,0,0,0,0,4,-11,10.7,0,0,10.0,1,19,19,19,31,29,27,28,16,12,16,11,17,1,26,27,30,5,6,20,14,1,1,1,28,31,30,7,1,31,36,0.078,1.0,4.0,94.3,11,149.6,7,97.95,36,0.25,90.0,30,-50.7,15,1,30,7,36,140.7,36,0.167,29,97.95,140.7,0.056,0.212,41.7,-50.7,8,92.86,28,29,27,16.8,6,81.62,23,0.556,0.0,29,23,2.5,90.0,13,0.225,36,26,36,18,0.41,30,16.7,27,-55.3,26,,0.0,0.0,1.0,1.0,1.0,0.0,1.0,0.0,1.0,0.0,0.0,1.0,0.0,,0.0,0.0,,0.0,0.0,0.0,0.0,0.0,1.0,,0.0,0.0,1.0,0.0,,0.0,,0.0,,1.0,1.0,0.0,,MIL,,1.0,0.0,,0.0,2.0,0.0,0.0,,0.0,,0.0,0.0,2004,20040426,,,,,,,,,,,,,,,,,,,,,,,,,,,,,,,,,,,,,,,,,,,,,,,,,,,,,,,,,,,,,,,,,,,,,,,,,,,,,,,,,,,,,,,,,,,,,,,,,,,,,,,,,,,,,,,,,,,,,,,,,,,,,,,,,,,,,,,,,,,,,,,,,,,,,,,DET,MIL,1610612765,MIL_DET_2004
693,Joe Smith,Joe,1610612749,MIL,28.0,1,0,1,0.0,38.56666666666667,8,13,0.615,0,0,0.0,1,1,1.0,7,5,12,0,1,1,0,2,3,0,17,-2,33.4,1,0,31.0,1,19,19,19,8,2,10,9,16,23,16,17,22,1,1,9,4,27,17,11,14,33,20,1,7,23,13,1,1,11,32,0.098,8.0,13.0,115.3,7,122.1,35,84.01,26,0.615,119.1,8,-4.8,22,27,68,35,23,123.9,32,0.208,14,84.01,123.9,0.211,0.173,0.0,-4.8,20,86.03,11,2,4,6.9,27,70.01,18,0.0,0.212,14,10,0.0,119.1,22,0.178,31,3,23,34,0.632,8,7.1,10,-6.9,12,,0.0,2.0,0.625,0.0,8.0,1.0,4.0,0.0,0.0,0.5,0.0,5.0,0.0,,0.0,0.0,,1.0,1.0,0.0,0.0,0.0,0.0,,2.0,0.0,1.0,0.0,,0.0,,0.0,,5.0,8.0,0.0,,MIL,,0.625,0.0,,3.0,0.0,0.667,1.0,,1.0,,1.0,0.0,2004,20040426,,,,,,,,,,,,,,,,,,,,,,,,,,,,,,,,,,,,,,,,,,,,,,,,,,,,,,,,,,,,,,,,,,,,,,,,,,,,,,,,,,,,,,,,,,,,,,,,,,,,,,,,,,,,,,,,,,,,,,,,,,,,,,,,,,,,,,,,,,,,,,,,,,,,,,,DET,MIL,1610612765,MIL_DET_2004
1496,Keith Van Horn,Keith,1610612749,MIL,28.0,1,0,1,0.0,36.63333333333333,5,13,0.385,1,2,0.5,0,0,0.0,1,2,3,1,3,2,1,1,2,0,11,-19,22.1,0,0,22.0,1,19,19,19,11,13,10,23,4,12,4,23,24,23,17,24,23,21,3,4,6,22,12,1,16,36,19,7,1,17,33,0.027,5.0,13.0,96.8,26,127.9,26,88.44,32,0.423,97.1,25,-29.8,20,26,68,26,33,126.9,33,0.083,31,88.44,126.9,0.046,0.193,5.9,-29.8,19,88.21,22,13,29,17.6,26,73.7,28,0.048,0.024,31,22,0.33,97.1,21,0.197,34,22,33,30,0.423,25,17.6,10,-31.0,24,,0.0,2.0,0.4,1.0,5.0,1.0,5.0,1.0,1.0,0.4,0.0,2.0,0.0,,0.0,0.0,,0.0,0.0,1.0,1.0,0.0,0.0,,1.0,0.0,4.0,0.0,,0.25,,1.0,,2.0,6.0,1.0,,MIL,,0.333,1.0,,1.0,1.0,1.0,0.0,,0.0,,0.0,1.0,2004,20040426,,,,,,,,,,,,,,,,,,,,,,,,,,,,,,,,,,,,,,,,,,,,,,,,,,,,,,,,,,,,,,,,,,,,,,,,,,,,,,,,,,,,,,,,,,,,,,,,,,,,,,,,,,,,,,,,,,,,,,,,,,,,,,,,,,,,,,,,,,,,,,,,,,,,,,,DET,MIL,1610612765,MIL_DET_2004
389,Toni Kukoc,Toni,1610612749,MIL,35.0,1,0,1,0.0,21.45,6,8,0.75,1,2,0.5,2,2,1.0,0,0,0,1,1,0,0,0,1,0,15,-10,15.5,0,0,17.0,1,19,19,19,22,8,20,4,4,12,4,11,17,1,26,33,34,21,17,20,14,1,7,1,12,30,26,7,1,22,35,0.133,6.0,8.0,96.8,33,132.4,18,93.99,34,0.813,100.0,18,-29.3,19,19,43,18,31,129.3,35,0.0,17,93.99,129.3,0.0,0.204,9.1,-29.3,12,94.48,4,8,34,9.2,21,78.32,10,0.091,0.0,17,4,1.0,100.0,19,0.204,35,26,31,16,0.845,18,9.1,20,-35.5,23,,0.0,1.0,0.75,1.0,4.0,1.0,1.0,1.0,1.0,1.0,0.0,3.0,0.0,,0.0,0.0,,1.0,1.0,1.0,1.0,0.0,0.0,,0.0,0.0,1.0,0.0,,1.0,,1.0,,3.0,4.0,1.0,,MIL,,0.75,1.0,,0.0,1.0,0.0,1.0,,1.0,,1.0,1.0,2004,20040426,,,,,,,,,,,,,,,,,,,,,,,,,,,,,,,,,,,,,,,,,,,,,,,,,,,,,,,,,,,,,,,,,,,,,,,,,,,,,,,,,,,,,,,,,,,,,,,,,,,,,,,,,,,,,,,,,,,,,,,,,,,,,,,,,,,,,,,,,,,,,,,,,,,,,,,DET,MIL,1610612765,MIL_DET_2004
2072,Michael Redd,Michael,1610612749,MIL,24.0,1,0,1,0.0,35.05,5,19,0.263,1,4,0.25,1,3,0.333,1,4,5,2,4,0,0,5,2,0,12,-11,17.0,0,0,20.0,1,19,19,19,14,13,4,27,4,5,11,17,14,18,17,12,16,14,2,20,14,36,12,1,14,31,23,7,1,19,31,-0.025,5.0,19.0,101.1,14,120.7,29,87.65,29,0.289,103.1,15,-20.7,2,20,65,29,29,123.8,31,0.154,28,87.65,123.8,0.078,0.3,7.7,-20.7,17,89.62,27,13,22,15.2,23,73.04,32,0.087,0.026,28,32,0.5,103.1,2,0.307,30,21,29,26,0.295,15,15.4,4,-19.7,17,,0.0,1.0,0.25,2.0,8.0,3.0,4.0,1.0,2.0,0.25,0.0,2.0,0.0,,0.0,0.0,,0.333,1.0,0.5,2.0,0.0,0.0,,1.0,0.0,2.0,0.0,,0.5,,1.0,,2.0,8.0,3.0,,MIL,,0.25,1.0,,3.0,1.0,0.333,2.0,,0.0,,0.0,1.0,2004,20040426,,,,,,,,,,,,,,,,,,,,,,,,,,,,,,,,,,,,,,,,,,,,,,,,,,,,,,,,,,,,,,,,,,,,,,,,,,,,,,,,,,,,,,,,,,,,,,,,,,,,,,,,,,,,,,,,,,,,,,,,,,,,,,,,,,,,,,,,,,,,,,,,,,,,,,,DET,MIL,1610612765,MIL_DET_2004
1510,Brevin Knight,Brevin,1610612749,MIL,28.0,1,0,1,0.0,16.85,0,3,0.0,0,0,0.0,0,0,0.0,0,2,2,2,0,4,0,1,1,0,0,-13,17.4,0,0,12.0,1,19,19,19,25,33,30,33,16,23,16,23,24,23,26,24,26,14,28,1,14,22,7,1,33,35,21,7,1,27,29,0.074,0.0,3.0,81.4,11,123.7,24,89.73,35,0.0,83.9,32,-38.0,32,10,31,24,35,121.9,29,0.167,1,89.73,121.9,0.063,0.079,40.0,-38.0,20,90.42,33,33,24,0.0,7,74.78,24,0.2,0.0,1,33,0.0,83.9,32,0.079,32,26,35,24,0.0,32,0.0,30,-42.4,33,,0.0,0.0,0.0,0.0,2.0,0.0,1.0,0.0,0.0,0.0,0.0,0.0,0.0,,0.0,0.0,,0.0,0.0,0.0,0.0,0.0,0.0,,0.0,0.0,1.0,0.0,,0.0,,0.0,,0.0,2.0,0.0,,MIL,,0.0,0.0,,0.0,0.0,0.0,0.0,,0.0,,0.0,0.0,2004,20040426,,,,,,,,,,,,,,,,,,,,,,,,,,,,,,,,,,,,,,,,,,,,,,,,,,,,,,,,,,,,,,,,,,,,,,,,,,,,,,,,,,,,,,,,,,,,,,,,,,,,,,,,,,,,,,,,,,,,,,,,,,,,,,,,,,,,,,,,,,,,,,,,,,,,,,,DET,MIL,1610612765,MIL_DET_2004
389,Toni Kukoc,Toni,1610612749,MIL,35.0,1,0,1,0.0,13.015,1,7,0.143,0,0,0.0,0,0,0.0,1,1,2,0,1,1,0,0,4,0,2,-11,6.4,0,0,6.0,1,19,19,19,27,24,20,29,15,20,15,21,21,21,14,23,24,25,17,10,12,1,28,1,27,32,27,7,1,27,10,-0.265,1.0,7.0,52.4,24,94.6,23,88.51,31,0.143,50.0,30,-45.8,2,25,24,23,30,95.8,10,0.077,23,88.51,95.8,0.069,0.308,0.0,-45.8,21,87.04,29,24,19,12.5,25,73.76,35,0.0,0.063,23,29,0.0,50.0,2,0.322,11,12,30,30,0.143,30,12.5,20,-42.1,31,,,1.0,0.0,0.0,1.0,1.0,5.0,0.0,0.0,0.2,0.0,0.0,0.0,,0.0,0.0,,0.0,0.0,0.0,0.0,,,,0.0,0.0,5.0,0.0,,0.2,,0.0,,0.0,1.0,0.0,,MIL,,0.0,1.0,,1.0,0.0,0.0,0.0,,0.0,,0.0,0.0,2004,20040429,,,,,,,,,,,,,,,,,,,,,,,,,,,,,,,,,,,,,,,,,,,,,,,,,,,,,,,,,,,,,,,,,,,,,,,,,,,,,,,,,,,,,,,,,,,,,,,,,,,,,,,,,,,,,,,,,,,,,,,,,,,,,,,,,,,,,,,,,,,,,,,,,,,,,,,DET,MIL,1610612765,MIL_DET_2004
1510,Brevin Knight,Brevin,1610612749,MIL,28.0,1,0,1,0.0,15.825,1,4,0.25,0,0,0.0,1,2,0.5,0,0,0,4,1,3,0,0,0,0,3,1,17.0,0,0,13.0,1,19,19,19,23,24,26,26,15,20,15,15,12,17,24,30,31,8,17,3,12,1,1,1,25,14,22,7,1,22,4,0.122,1.0,4.0,84.2,30,76.2,33,84.93,11,0.25,79.3,28,-2.2,20,3,29,33,16,81.5,4,0.0,19,84.93,81.5,0.0,0.188,40.0,-2.2,4,85.23,27,24,31,10.1,2,70.77,12,0.4,0.0,19,27,4.0,79.3,20,0.194,3,24,16,34,0.307,28,10.0,26,8.0,29,,,1.0,0.0,0.0,1.0,0.0,3.0,0.0,0.0,0.333,0.0,0.0,0.0,,0.0,0.0,,0.0,0.0,0.0,0.0,,,,0.0,0.0,2.0,0.0,,0.5,,0.0,,0.0,1.0,1.0,,MIL,,0.0,1.0,,0.0,0.0,0.0,0.0,,0.0,,0.0,0.0,2004,20040429,,,,,,,,,,,,,,,,,,,,,,,,,,,,,,,,,,,,,,,,,,,,,,,,,,,,,,,,,,,,,,,,,,,,,,,,,,,,,,,,,,,,,,,,,,,,,,,,,,,,,,,,,,,,,,,,,,,,,,,,,,,,,,,,,,,,,,,,,,,,,,,,,,,,,,,DET,MIL,1610612765,MIL_DET_2004
1730,Brian Skinner,Brian,1610612749,MIL,28.0,1,0,1,0.0,18.381666666666668,1,3,0.333,0,0,0.0,2,2,1.0,1,3,4,0,1,1,1,1,0,0,4,-3,13.8,0,0,12.0,1,19,19,19,22,24,28,20,15,20,15,10,12,1,14,16,18,25,17,10,5,22,1,1,24,18,23,7,1,24,3,0.135,1.0,3.0,75.6,10,79.4,31,86.17,19,0.333,75.0,29,-4.4,28,25,32,31,17,79.4,3,0.143,32,86.17,79.4,0.103,0.135,0.0,-4.4,21,85.86,22,24,12,20.5,25,71.81,9,0.0,0.056,31,16,0.0,75.0,28,0.136,4,13,17,32,0.515,29,20.0,28,-3.8,30,,0.0,0.0,0.5,0.0,2.0,0.0,1.0,0.0,0.0,0.0,0.0,1.0,0.0,,0.0,0.0,,0.0,0.0,0.0,0.0,0.0,0.0,,0.0,0.0,0.0,0.0,,0.0,,0.0,,1.0,2.0,0.0,,MIL,,0.5,0.0,,0.0,0.0,0.0,1.0,,0.0,,0.0,0.0,2004,20040429,,,,,,,,,,,,,,,,,,,,,,,,,,,,,,,,,,,,,,,,,,,,,,,,,,,,,,,,,,,,,,,,,,,,,,,,,,,,,,,,,,,,,,,,,,,,,,,,,,,,,,,,,,,,,,,,,,,,,,,,,,,,,,,,,,,,,,,,,,,,,,,,,,,,,,,DET,MIL,1610612765,MIL_DET_2004
1800,Damon Jones,Damon,1610612749,MIL,27.0,1,0,1,0.0,32.175,2,6,0.333,1,3,0.333,0,0,0.0,0,1,1,6,3,0,0,0,3,0,5,-15,12.2,0,0,13.0,1,19,19,19,20,22,22,20,7,5,11,21,21,21,24,23,26,5,2,20,12,1,24,1,23,35,24,7,1,22,28,0.02,2.0,6.0,88.9,28,117.1,22,88.76,30,0.417,91.5,24,-23.5,29,5,59,22,29,115.0,28,0.03,31,88.76,115.0,0.015,0.129,40.0,-23.5,9,89.24,17,22,29,20.0,2,73.97,26,0.333,0.0,31,21,2.0,91.5,29,0.131,29,24,29,23,0.417,24,20.0,22,-28.2,25,,0.0,0.0,0.5,2.0,2.0,0.0,1.0,0.0,1.0,0.0,0.5,1.0,1.0,,1.0,1.0,,0.0,0.0,0.0,1.0,0.0,1.0,,0.0,0.25,0.0,1.0,,0.0,,0.0,,1.0,2.0,4.0,,MIL,,0.5,0.0,,0.0,0.0,0.0,0.0,,0.0,,0.0,0.0,2004,20040429,,,,,,,,,,,,,,,,,,,,,,,,,,,,,,,,,,,,,,,,,,,,,,,,,,,,,,,,,,,,,,,,,,,,,,,,,,,,,,,,,,,,,,,,,,,,,,,,,,,,,,,,,,,,,,,,,,,,,,,,,,,,,,,,,,,,,,,,,,,,,,,,,,,,,,,DET,MIL,1610612765,MIL_DET_2004
2046,Desmond Mason,Desmond,1610612749,MIL,26.0,1,0,1,0.0,41.766666666666666,6,16,0.375,0,0,0.0,2,2,1.0,0,3,3,2,2,1,0,1,1,0,14,-8,21.6,0,0,21.0,1,19,19,19,7,13,8,19,15,20,15,10,12,1,24,16,22,17,14,10,12,22,8,1,14,26,19,7,1,19,18,0.052,6.0,16.0,96.0,26,106.9,29,86.77,21,0.375,98.6,21,-6.5,12,19,74,29,18,105.2,18,0.071,17,86.77,105.2,0.037,0.218,9.5,-6.5,12,87.25,21,13,28,9.6,21,72.31,22,0.087,0.0,17,22,1.0,98.6,14,0.219,22,24,18,28,0.415,21,9.5,8,-10.9,22,,0.0,5.0,0.0,0.0,1.0,1.0,14.0,0.0,0.0,0.357,0.0,0.0,0.0,,0.0,0.0,,1.0,1.0,0.0,0.0,0.0,0.0,,0.0,0.0,11.0,0.0,,0.455,,0.0,,0.0,1.0,0.0,,MIL,,0.0,5.0,,3.0,0.0,0.0,1.0,,1.0,,1.0,0.0,2004,20040429,,,,,,,,,,,,,,,,,,,,,,,,,,,,,,,,,,,,,,,,,,,,,,,,,,,,,,,,,,,,,,,,,,,,,,,,,,,,,,,,,,,,,,,,,,,,,,,,,,,,,,,,,,,,,,,,,,,,,,,,,,,,,,,,,,,,,,,,,,,,,,,,,,,,,,,DET,MIL,1610612765,MIL_DET_2004
693,Joe Smith,Joe,1610612749,MIL,28.0,1,0,1,0.0,41.63666666666666,6,15,0.4,0,0,0.0,4,4,1.0,5,3,8,2,2,0,2,0,5,0,16,-14,32.6,0,0,30.0,1,19,19,19,8,13,11,17,15,20,15,3,6,1,1,16,8,17,14,20,3,1,34,1,12,34,11,7,1,12,27,0.061,6.0,15.0,94.5,24,113.6,35,84.16,29,0.4,98.6,22,-16.3,10,19,72,35,26,114.9,27,0.077,18,84.16,114.9,0.1,0.224,9.5,-16.3,12,86.44,19,13,13,9.6,21,70.13,20,0.087,0.122,17,18,1.0,98.6,13,0.22,28,4,26,31,0.477,22,9.5,11,-19.2,23,,0.0,3.0,0.333,0.0,9.0,0.0,6.0,0.0,0.0,0.5,0.0,3.0,0.0,,0.0,0.0,,0.0,0.0,0.0,0.0,0.0,0.0,,0.0,0.0,4.0,0.0,,0.75,,0.0,,3.0,9.0,0.0,,MIL,,0.333,3.0,,2.0,0.0,0.0,0.0,,0.0,,0.0,0.0,2004,20040429,,,,,,,,,,,,,,,,,,,,,,,,,,,,,,,,,,,,,,,,,,,,,,,,,,,,,,,,,,,,,,,,,,,,,,,,,,,,,,,,,,,,,,,,,,,,,,,,,,,,,,,,,,,,,,,,,,,,,,,,,,,,,,,,,,,,,,,,,,,,,,,,,,,,,,,DET,MIL,1610612765,MIL_DET_2004
1496,Keith Van Horn,Keith,1610612749,MIL,28.0,1,0,1,0.0,34.68333333333333,5,10,0.5,1,3,0.333,0,0,0.0,2,10,12,1,1,2,0,1,5,0,11,-10,31.9,1,0,29.0,1,19,19,19,19,15,18,9,7,5,11,21,21,21,9,1,3,20,17,5,12,22,34,1,18,29,14,1,1,15,14,0.148,5.0,10.0,84.9,2,101.6,21,92.03,26,0.55,86.4,26,-13.6,26,22,66,21,24,100.0,14,0.256,14,92.03,100.0,0.158,0.147,8.3,-13.6,12,92.09,9,15,3,8.3,23,76.69,6,0.059,0.054,14,13,1.0,86.4,26,0.148,15,14,24,21,0.55,26,8.3,18,-16.8,28,,0.0,1.0,0.75,0.0,4.0,0.0,3.0,1.0,3.0,0.333,0.0,3.0,0.0,,0.0,0.0,,0.0,0.0,0.333,0.0,0.0,0.0,,0.0,1.0,1.0,1.0,,0.0,,0.333,,3.0,4.0,1.0,,MIL,,0.75,0.0,,1.0,3.0,0.0,0.0,,0.0,,0.0,1.0,2004,20040429,,,,,,,,,,,,,,,,,,,,,,,,,,,,,,,,,,,,,,,,,,,,,,,,,,,,,,,,,,,,,,,,,,,,,,,,,,,,,,,,,,,,,,,,,,,,,,,,,,,,,,,,,,,,,,,,,,,,,,,,,,,,,,,,,,,,,,,,,,,,,,,,,,,,,,,DET,MIL,1610612765,MIL_DET_2004
2072,Michael Redd,Michael,1610612749,MIL,24.0,1,0,1,0.0,42.516666666666666,9,17,0.529,0,3,0.0,4,6,0.667,2,4,6,4,3,0,0,2,2,0,22,-10,32.2,0,0,32.0,1,19,19,19,6,6,4,8,15,5,15,3,3,14,9,11,11,8,2,20,12,33,19,1,6,29,12,7,1,10,16,0.124,9.0,17.0,89.7,19,106.1,25,87.5,25,0.529,92.2,23,-11.6,7,10,77,25,22,103.8,16,0.087,21,87.5,103.8,0.066,0.242,15.4,-11.6,10,87.79,10,6,20,11.3,17,72.91,11,0.2,0.044,21,12,1.33,92.2,8,0.251,19,17,22,26,0.56,23,11.5,4,-16.4,24,,0.0,5.0,1.0,1.0,4.0,1.0,9.0,0.0,2.0,0.556,0.0,4.0,0.0,,0.0,0.0,,0.0,0.0,0.0,1.0,0.0,0.0,,0.0,0.0,6.0,0.0,,0.667,,0.0,,4.0,4.0,3.0,,MIL,,1.0,4.0,,0.0,1.0,0.0,3.0,,0.333,,1.0,0.0,2004,20040429,,,,,,,,,,,,,,,,,,,,,,,,,,,,,,,,,,,,,,,,,,,,,,,,,,,,,,,,,,,,,,,,,,,,,,,,,,,,,,,,,,,,,,,,,,,,,,,,,,,,,,,,,,,,,,,,,,,,,,,,,,,,,,,,,,,,,,,,,,,,,,,,,,,,,,,DET,MIL,1610612765,MIL_DET_2004
