GRID_TYPE,GAME_ID,GAME_EVENT_ID,PLAYER_ID,PLAYER_NAME,TEAM_ID,TEAM_NAME,PERIOD,MINUTES_REMAINING,SECONDS_REMAINING,EVENT_TYPE,ACTION_TYPE,SHOT_TYPE,SHOT_ZONE_BASIC,SHOT_ZONE_AREA,SHOT_ZONE_RANGE,SHOT_DISTANCE,LOC_X,LOC_Y,SHOT_ATTEMPTED_FLAG,SHOT_MADE_FLAG,GAME_DATE,HTM,VTM,SHOT_ID,time,extra,PLAYERS_ON
Shot Chart Detail,0042300101,11,0,Opponent,1610612738,Miami Heat,1,11,21,Missed Shot,Step Back Jump shot,2PT Field Goal,Mid-Range,Center(C),16-24 ft.,17,-21,171,1,0,20240421,BOS,MIA,4230010111,390,0,201950|204001|1627759|1628369|1628401
Shot Chart Detail,0042300101,14,0,Opponent,1610612738,Miami Heat,1,10,51,Missed Shot,Step Back Jump shot,3PT Field Goal,Above the Break 3,Left Side Center(LC),24+ ft.,27,-110,247,1,0,20240421,BOS,MIA,4230010114,690,0,201950|204001|1627759|1628369|1628401
Shot Chart Detail,0042300101,18,0,Opponent,1610612738,Miami Heat,1,10,18,Missed Shot,Driving Dunk Shot,2PT Field Goal,In The Paint (Non-RA),Center(C),Less Than 8 ft.,4,-1,40,1,0,20240421,BOS,MIA,4230010118,1020,0,201950|204001|1627759|1628369|1628401
Shot Chart Detail,0042300101,24,0,Opponent,1610612738,Miami Heat,1,9,42,Missed Shot,Step Back Jump shot,2PT Field Goal,Mid-Range,Left Side(L),8-16 ft.,14,-127,66,1,0,20240421,BOS,MIA,4230010124,1380,0,201950|204001|1627759|1628369|1628401
Shot Chart Detail,0042300101,32,0,Opponent,1610612738,Miami Heat,1,8,44,Made Shot,Turnaround Fadeaway shot,2PT Field Goal,In The Paint (Non-RA),Center(C),8-16 ft.,12,7,121,1,1,20240421,BOS,MIA,4230010132,1960,0,201950|204001|1627759|1628369|1628401
Shot Chart Detail,0042300101,37,0,Opponent,1610612738,Miami Heat,1,8,10,Made Shot,Turnaround Fadeaway Bank Jump Shot,2PT Field Goal,In The Paint (Non-RA),Right Side(R),8-16 ft.,9,75,61,1,1,20240421,BOS,MIA,4230010137,2300,0,201950|204001|1627759|1628369|1628401
Shot Chart Detail,0042300101,47,0,Opponent,1610612738,Miami Heat,1,7,7,Made Shot,Turnaround Fadeaway shot,2PT Field Goal,Mid-Range,Left Side(L),8-16 ft.,9,-92,10,1,1,20240421,BOS,MIA,4230010147,2930,0,201950|204001|1627759|1628369|1628401
Shot Chart Detail,0042300101,63,0,Opponent,1610612738,Miami Heat,1,6,25,Missed Shot,Jump Shot,3PT Field Goal,Above the Break 3,Right Side Center(RC),24+ ft.,26,180,195,1,0,20240421,BOS,MIA,4230010163,3350,0,201143|204001|1627759|1628401|1630202
Shot Chart Detail,0042300101,69,0,Opponent,1610612738,Miami Heat,1,5,58,Missed Shot,Turnaround Fadeaway shot,2PT Field Goal,In The Paint (Non-RA),Right Side(R),8-16 ft.,10,56,92,1,0,20240421,BOS,MIA,4230010169,3620,0,201143|204001|1627759|1628401|1630202
Shot Chart Detail,0042300101,73,0,Opponent,1610612738,Miami Heat,1,5,48,Missed Shot,Pullup Jump shot,2PT Field Goal,Mid-Range,Right Side Center(RC),16-24 ft.,18,138,127,1,0,20240421,BOS,MIA,4230010173,3720,0,201143|204001|1627759|1628401|1630202
Shot Chart Detail,0042300101,77,0,Opponent,1610612738,Miami Heat,1,5,29,Made Shot,Running Layup Shot,2PT Field Goal,Restricted Area,Center(C),Less Than 8 ft.,3,22,30,1,1,20240421,BOS,MIA,4230010177,3910,0,201143|204001|1627759|1628401|1630202
Shot Chart Detail,0042300101,83,0,Opponent,1610612738,Miami Heat,1,4,50,Missed Shot,Jump Shot,2PT Field Goal,Mid-Range,Left Side(L),16-24 ft.,17,-145,101,1,0,20240421,BOS,MIA,4230010183,4300,0,201143|204001|1627759|1628401|1630202
Shot Chart Detail,0042300101,87,0,Opponent,1610612738,Miami Heat,1,4,21,Made Shot,Driving Layup Shot,2PT Field Goal,Restricted Area,Center(C),Less Than 8 ft.,3,-27,22,1,1,20240421,BOS,MIA,4230010187,4590,0,201143|204001|1627759|1628401|1630202
Shot Chart Detail,0042300101,90,0,Opponent,1610612738,Miami Heat,1,3,59,Missed Shot,Driving Floating Jump Shot,2PT Field Goal,In The Paint (Non-RA),Center(C),8-16 ft.,12,-29,122,1,0,20240421,BOS,MIA,4230010190,4810,0,201143|204001|1627759|1628401|1630202
Shot Chart Detail,0042300101,109,0,Opponent,1610612738,Miami Heat,1,3,15,Made Shot,Driving Layup Shot,2PT Field Goal,Restricted Area,Center(C),Less Than 8 ft.,2,11,25,1,1,20240421,BOS,MIA,42300101109,5250,0,201143|204001|1628369|1628401|1630202
Shot Chart Detail,0042300101,125,0,Opponent,1610612738,Miami Heat,1,1,44,Made Shot,Jump Shot,3PT Field Goal,Above the Break 3,Left Side Center(LC),24+ ft.,27,-143,231,1,1,20240421,BOS,MIA,42300101125,6160,0,201143|201950|1628369|1630202|1630573
Shot Chart Detail,0042300101,135,0,Opponent,1610612738,Miami Heat,1,0,55,Made Shot,Running Layup Shot,2PT Field Goal,Restricted Area,Center(C),Less Than 8 ft.,2,-15,24,1,1,20240421,BOS,MIA,42300101135,6650,0,201143|201950|1628369|1630202|1630573
Shot Chart Detail,0042300101,139,0,Opponent,1610612738,Miami Heat,1,0,25,Made Shot,Turnaround Fadeaway shot,2PT Field Goal,In The Paint (Non-RA),Center(C),8-16 ft.,8,-18,87,1,1,20240421,BOS,MIA,42300101139,6950,0,201143|201950|1628369|1630202|1630573
Shot Chart Detail,0042300101,143,0,Opponent,1610612738,Miami Heat,1,0,2,Missed Shot,Jump Shot,3PT Field Goal,Above the Break 3,Left Side Center(LC),24+ ft.,25,-213,146,1,0,20240421,BOS,MIA,42300101143,7180,0,201143|201950|1628369|1630202|1630573
Shot Chart Detail,0042300101,148,0,Opponent,1610612738,Miami Heat,2,11,38,Made Shot,Driving Floating Bank Jump Shot,2PT Field Goal,In The Paint (Non-RA),Center(C),Less Than 8 ft.,4,32,31,1,1,20240421,BOS,MIA,42300101148,7420,0,201143|201950|1628369|1630202|1630573
Shot Chart Detail,0042300101,151,0,Opponent,1610612738,Miami Heat,2,11,2,Missed Shot,Driving Finger Roll Layup Shot,2PT Field Goal,In The Paint (Non-RA),Center(C),Less Than 8 ft.,5,45,26,1,0,20240421,BOS,MIA,42300101151,7780,0,201143|201950|1628369|1630202|1630573
Shot Chart Detail,0042300101,153,0,Opponent,1610612738,Miami Heat,2,11,1,Made Shot,Tip Layup Shot,2PT Field Goal,Restricted Area,Center(C),Less Than 8 ft.,0,0,0,1,1,20240421,BOS,MIA,42300101153,7790,0,201143|201950|1628369|1630202|1630573
Shot Chart Detail,0042300101,176,0,Opponent,1610612738,Miami Heat,2,9,30,Made Shot,Cutting Layup Shot,2PT Field Goal,Restricted Area,Center(C),Less Than 8 ft.,3,6,33,1,1,20240421,BOS,MIA,42300101176,8700,0,201143|201950|1628369|1630202|1630573
Shot Chart Detail,0042300101,181,0,Opponent,1610612738,Miami Heat,2,8,57,Made Shot,Pullup Jump shot,3PT Field Goal,Above the Break 3,Right Side Center(RC),24+ ft.,27,190,198,1,1,20240421,BOS,MIA,42300101181,9030,0,201143|201950|1628369|1630202|1630573
Shot Chart Detail,0042300101,185,0,Opponent,1610612738,Miami Heat,2,8,22,Missed Shot,Pullup Jump shot,3PT Field Goal,Above the Break 3,Left Side Center(LC),24+ ft.,27,-134,237,1,0,20240421,BOS,MIA,42300101185,9380,0,201143|201950|1628369|1630202|1630573
Shot Chart Detail,0042300101,189,0,Opponent,1610612738,Miami Heat,2,7,49,Missed Shot,Hook Shot,2PT Field Goal,In The Paint (Non-RA),Center(C),8-16 ft.,11,53,105,1,0,20240421,BOS,MIA,42300101189,9710,0,201143|201950|1628369|1630202|1630573
Shot Chart Detail,0042300101,192,0,Opponent,1610612738,Miami Heat,2,7,12,Missed Shot,Jump Shot,3PT Field Goal,Above the Break 3,Right Side Center(RC),24+ ft.,28,125,252,1,0,20240421,BOS,MIA,42300101192,10080,0,201143|201950|1628369|1630202|1630573
Shot Chart Detail,0042300101,214,0,Opponent,1610612738,Miami Heat,2,6,23,Missed Shot,Jump Shot,3PT Field Goal,Above the Break 3,Right Side Center(RC),24+ ft.,27,153,229,1,0,20240421,BOS,MIA,42300101214,10570,0,201950|204001|1627759|1628369|1628401
Shot Chart Detail,0042300101,218,0,Opponent,1610612738,Miami Heat,2,5,56,Missed Shot,Jump Shot,3PT Field Goal,Right Corner 3,Right Side(R),24+ ft.,23,233,24,1,0,20240421,BOS,MIA,42300101218,10840,0,201950|204001|1627759|1628369|1628401
Shot Chart Detail,0042300101,222,0,Opponent,1610612738,Miami Heat,2,5,28,Made Shot,Pullup Jump shot,2PT Field Goal,Mid-Range,Right Side Center(RC),16-24 ft.,18,85,167,1,1,20240421,BOS,MIA,42300101222,11120,0,201950|204001|1627759|1628369|1628401
Shot Chart Detail,0042300101,228,0,Opponent,1610612738,Miami Heat,2,4,57,Made Shot,Jump Shot,2PT Field Goal,In The Paint (Non-RA),Center(C),8-16 ft.,13,40,124,1,1,20240421,BOS,MIA,42300101228,11430,0,201950|204001|1627759|1628369|1628401
Shot Chart Detail,0042300101,232,0,Opponent,1610612738,Miami Heat,2,4,36,Missed Shot,Running Jump Shot,3PT Field Goal,Above the Break 3,Center(C),24+ ft.,27,5,271,1,0,20240421,BOS,MIA,42300101232,11640,0,201950|204001|1627759|1628369|1628401
Shot Chart Detail,0042300101,237,0,Opponent,1610612738,Miami Heat,2,3,49,Missed Shot,Jump Shot,2PT Field Goal,Mid-Range,Left Side(L),16-24 ft.,16,-151,67,1,0,20240421,BOS,MIA,42300101237,12110,0,201950|204001|1627759|1628369|1628401
Shot Chart Detail,0042300101,241,0,Opponent,1610612738,Miami Heat,2,3,31,Missed Shot,Driving Layup Shot,2PT Field Goal,In The Paint (Non-RA),Center(C),Less Than 8 ft.,5,47,20,1,0,20240421,BOS,MIA,42300101241,12290,0,201950|204001|1627759|1628369|1628401
Shot Chart Detail,0042300101,247,0,Opponent,1610612738,Miami Heat,2,3,23,Missed Shot,Jump Shot,3PT Field Goal,Above the Break 3,Left Side Center(LC),24+ ft.,27,-195,197,1,0,20240421,BOS,MIA,42300101247,12370,0,204001|1627759|1628369|1628401|1630202
Shot Chart Detail,0042300101,259,0,Opponent,1610612738,Miami Heat,2,2,30,Missed Shot,Jump Shot,3PT Field Goal,Above the Break 3,Right Side Center(RC),24+ ft.,27,150,231,1,0,20240421,BOS,MIA,42300101259,12900,0,204001|1627759|1628369|1628401|1630202
Shot Chart Detail,0042300101,263,0,Opponent,1610612738,Miami Heat,2,2,1,Missed Shot,Running Layup Shot,2PT Field Goal,In The Paint (Non-RA),Center(C),Less Than 8 ft.,4,22,34,1,0,20240421,BOS,MIA,42300101263,13190,0,204001|1627759|1628369|1628401|1630202
Shot Chart Detail,0042300101,267,0,Opponent,1610612738,Miami Heat,2,1,46,Missed Shot,Running Jump Shot,3PT Field Goal,Above the Break 3,Left Side Center(LC),24+ ft.,26,-140,225,1,0,20240421,BOS,MIA,42300101267,13340,0,204001|1627759|1628369|1628401|1630202
Shot Chart Detail,0042300101,271,0,Opponent,1610612738,Miami Heat,2,1,7,Made Shot,Jump Shot,3PT Field Goal,Above the Break 3,Right Side Center(RC),24+ ft.,25,232,113,1,1,20240421,BOS,MIA,42300101271,13730,0,204001|1627759|1628369|1628401|1630202
Shot Chart Detail,0042300101,275,0,Opponent,1610612738,Miami Heat,2,0,30,Made Shot,Step Back Jump shot,2PT Field Goal,Mid-Range,Left Side(L),16-24 ft.,21,-184,109,1,1,20240421,BOS,MIA,42300101275,14100,0,204001|1627759|1628369|1628401|1630202
Shot Chart Detail,0042300101,287,0,Opponent,1610612738,Miami Heat,2,0,2,Made Shot,Driving Layup Shot,2PT Field Goal,Restricted Area,Center(C),Less Than 8 ft.,2,4,22,1,1,20240421,BOS,MIA,42300101287,14380,0,201143|201950|1627759|1628369|1628401
Shot Chart Detail,0042300101,297,0,Opponent,1610612738,Miami Heat,3,11,43,Made Shot,Driving Layup Shot,2PT Field Goal,Restricted Area,Center(C),Less Than 8 ft.,3,26,15,1,1,20240421,BOS,MIA,42300101297,14570,0,201950|204001|1627759|1628369|1628401
Shot Chart Detail,0042300101,303,0,Opponent,1610612738,Miami Heat,3,10,58,Missed Shot,Jump Shot,3PT Field Goal,Above the Break 3,Left Side Center(LC),24+ ft.,26,-167,211,1,0,20240421,BOS,MIA,42300101303,15020,0,201950|204001|1627759|1628369|1628401
Shot Chart Detail,0042300101,306,0,Opponent,1610612738,Miami Heat,3,10,26,Missed Shot,Jump Shot,3PT Field Goal,Above the Break 3,Left Side Center(LC),24+ ft.,28,-208,199,1,0,20240421,BOS,MIA,42300101306,15340,0,201950|204001|1627759|1628369|1628401
Shot Chart Detail,0042300101,310,0,Opponent,1610612738,Miami Heat,3,10,11,Missed Shot,Jump Shot,3PT Field Goal,Above the Break 3,Center(C),24+ ft.,25,-38,254,1,0,20240421,BOS,MIA,42300101310,15490,0,201950|204001|1627759|1628369|1628401
Shot Chart Detail,0042300101,319,0,Opponent,1610612738,Miami Heat,3,9,30,Made Shot,Turnaround Fadeaway shot,2PT Field Goal,In The Paint (Non-RA),Center(C),8-16 ft.,11,-31,106,1,1,20240421,BOS,MIA,42300101319,15900,0,201950|204001|1627759|1628369|1628401
Shot Chart Detail,0042300101,325,0,Opponent,1610612738,Miami Heat,3,8,50,Missed Shot,Running Pull-Up Jump Shot,3PT Field Goal,Above the Break 3,Left Side Center(LC),24+ ft.,26,-199,178,1,0,20240421,BOS,MIA,42300101325,16300,0,201950|204001|1627759|1628369|1628401
Shot Chart Detail,0042300101,327,0,Opponent,1610612738,Miami Heat,3,8,45,Made Shot,Jump Shot,3PT Field Goal,Above the Break 3,Left Side Center(LC),24+ ft.,26,-216,160,1,1,20240421,BOS,MIA,42300101327,16350,0,201950|204001|1627759|1628369|1628401
Shot Chart Detail,0042300101,330,0,Opponent,1610612738,Miami Heat,3,8,20,Made Shot,Driving Layup Shot,2PT Field Goal,Restricted Area,Center(C),Less Than 8 ft.,1,-7,13,1,1,20240421,BOS,MIA,42300101330,16600,0,201950|204001|1627759|1628369|1628401
Shot Chart Detail,0042300101,337,0,Opponent,1610612738,Miami Heat,3,7,18,Missed Shot,Turnaround Fadeaway shot,2PT Field Goal,In The Paint (Non-RA),Center(C),8-16 ft.,10,-16,107,1,0,20240421,BOS,MIA,42300101337,17220,0,201950|204001|1627759|1628369|1628401
Shot Chart Detail,0042300101,342,0,Opponent,1610612738,Miami Heat,3,6,43,Missed Shot,Jump Shot,3PT Field Goal,Above the Break 3,Right Side Center(RC),24+ ft.,25,208,143,1,0,20240421,BOS,MIA,42300101342,17570,0,201950|204001|1627759|1628369|1628401
Shot Chart Detail,0042300101,344,0,Opponent,1610612738,Miami Heat,3,6,40,Missed Shot,Step Back Jump shot,3PT Field Goal,Above the Break 3,Right Side Center(RC),24+ ft.,24,219,109,1,0,20240421,BOS,MIA,42300101344,17600,0,201950|204001|1627759|1628369|1628401
Shot Chart Detail,0042300101,348,0,Opponent,1610612738,Miami Heat,3,5,59,Missed Shot,Jump Shot,3PT Field Goal,Right Corner 3,Right Side(R),24+ ft.,23,233,-5,1,0,20240421,BOS,MIA,42300101348,18010,0,201950|204001|1627759|1628369|1628401
Shot Chart Detail,0042300101,358,0,Opponent,1610612738,Miami Heat,3,5,0,Made Shot,Jump Shot,3PT Field Goal,Above the Break 3,Left Side Center(LC),24+ ft.,25,-219,134,1,1,20240421,BOS,MIA,42300101358,18600,0,201143|201950|204001|1627759|1628369
Shot Chart Detail,0042300101,367,0,Opponent,1610612738,Miami Heat,3,3,54,Missed Shot,Jump Shot,3PT Field Goal,Above the Break 3,Left Side Center(LC),24+ ft.,26,-191,189,1,0,20240421,BOS,MIA,42300101367,19260,0,201143|201950|204001|1627759|1628369
Shot Chart Detail,0042300101,378,0,Opponent,1610612738,Miami Heat,3,3,9,Missed Shot,Driving Layup Shot,2PT Field Goal,Restricted Area,Center(C),Less Than 8 ft.,2,23,18,1,0,20240421,BOS,MIA,42300101378,19710,0,201143|201950|204001|1627759|1630202
Shot Chart Detail,0042300101,385,0,Opponent,1610612738,Miami Heat,3,2,35,Missed Shot,Jump Shot,3PT Field Goal,Left Corner 3,Left Side(L),24+ ft.,23,-238,10,1,0,20240421,BOS,MIA,42300101385,20050,0,201143|204001|1627759|1628401|1630202
Shot Chart Detail,0042300101,399,0,Opponent,1610612738,Miami Heat,3,1,36,Missed Shot,Pullup Jump shot,3PT Field Goal,Above the Break 3,Left Side Center(LC),24+ ft.,27,-138,241,1,0,20240421,BOS,MIA,42300101399,20640,0,201143|204001|1627759|1628401|1630202
Shot Chart Detail,0042300101,404,0,Opponent,1610612738,Miami Heat,3,1,10,Missed Shot,Jump Shot,3PT Field Goal,Above the Break 3,Right Side Center(RC),24+ ft.,25,97,233,1,0,20240421,BOS,MIA,42300101404,20900,0,201143|204001|1627759|1628401|1630202
Shot Chart Detail,0042300101,408,0,Opponent,1610612738,Miami Heat,3,0,48,Missed Shot,Driving Layup Shot,2PT Field Goal,In The Paint (Non-RA),Center(C),Less Than 8 ft.,5,-49,34,1,0,20240421,BOS,MIA,42300101408,21120,0,201143|204001|1627759|1628401|1630202
Shot Chart Detail,0042300101,420,0,Opponent,1610612738,Miami Heat,3,0,10,Made Shot,Floating Jump shot,2PT Field Goal,In The Paint (Non-RA),Center(C),8-16 ft.,12,2,125,1,1,20240421,BOS,MIA,42300101420,21500,0,201143|1627759|1628401|1630202|1630573
Shot Chart Detail,0042300101,423,0,Opponent,1610612738,Miami Heat,3,0,0,Missed Shot,Pullup Jump shot,3PT Field Goal,Backcourt,Back Court(BC),Back Court Shot,51,-40,509,1,0,20240421,BOS,MIA,42300101423,21600,0,201143|1628369|1628401|1630202|1630573
Shot Chart Detail,0042300101,435,0,Opponent,1610612738,Miami Heat,4,10,56,Made Shot,Running Jump Shot,3PT Field Goal,Right Corner 3,Right Side(R),24+ ft.,22,222,-5,1,1,20240421,BOS,MIA,42300101435,22240,0,201143|1628369|1628401|1630202|1630573
Shot Chart Detail,0042300101,441,0,Opponent,1610612738,Miami Heat,4,10,6,Made Shot,Jump Shot,3PT Field Goal,Above the Break 3,Center(C),24+ ft.,28,-54,280,1,1,20240421,BOS,MIA,42300101441,22740,0,201143|1628369|1628401|1630202|1630573
Shot Chart Detail,0042300101,445,0,Opponent,1610612738,Miami Heat,4,9,45,Made Shot,Running Jump Shot,3PT Field Goal,Right Corner 3,Right Side(R),24+ ft.,24,244,-9,1,1,20240421,BOS,MIA,42300101445,22950,0,201143|1628369|1628401|1630202|1630573
Shot Chart Detail,0042300101,451,0,Opponent,1610612738,Miami Heat,4,8,51,Made Shot,Cutting Layup Shot,2PT Field Goal,Restricted Area,Center(C),Less Than 8 ft.,1,-2,15,1,1,20240421,BOS,MIA,42300101451,23490,0,201143|1628369|1628401|1630202|1630573
Shot Chart Detail,0042300101,457,0,Opponent,1610612738,Miami Heat,4,8,5,Missed Shot,Jump Shot,3PT Field Goal,Left Corner 3,Left Side(L),24+ ft.,23,-233,49,1,0,20240421,BOS,MIA,42300101457,23950,0,201143|1628369|1628401|1630202|1630573
Shot Chart Detail,0042300101,467,0,Opponent,1610612738,Miami Heat,4,7,23,Made Shot,Jump Shot,3PT Field Goal,Above the Break 3,Right Side Center(RC),24+ ft.,24,189,162,1,1,20240421,BOS,MIA,42300101467,24370,0,201143|201950|1628369|1630202|1630573
Shot Chart Detail,0042300101,478,0,Opponent,1610612738,Miami Heat,4,6,40,Made Shot,Turnaround Fadeaway shot,2PT Field Goal,In The Paint (Non-RA),Center(C),Less Than 8 ft.,7,64,31,1,1,20240421,BOS,MIA,42300101478,24800,0,201143|201950|204001|1627759|1628369
Shot Chart Detail,0042300101,482,0,Opponent,1610612738,Miami Heat,4,6,14,Made Shot,Cutting Layup Shot,2PT Field Goal,Restricted Area,Center(C),Less Than 8 ft.,2,-26,6,1,1,20240421,BOS,MIA,42300101482,25060,0,201143|201950|204001|1627759|1628369
Shot Chart Detail,0042300101,485,0,Opponent,1610612738,Miami Heat,4,5,35,Made Shot,Cutting Layup Shot,2PT Field Goal,Restricted Area,Center(C),Less Than 8 ft.,2,-10,18,1,1,20240421,BOS,MIA,42300101485,25450,0,201143|201950|204001|1627759|1628369
Shot Chart Detail,0042300101,491,0,Opponent,1610612738,Miami Heat,4,4,57,Made Shot,Jump Shot,3PT Field Goal,Left Corner 3,Left Side(L),24+ ft.,23,-233,28,1,1,20240421,BOS,MIA,42300101491,25830,0,201143|201950|204001|1627759|1628369
Shot Chart Detail,0042300101,496,0,Opponent,1610612738,Miami Heat,4,4,26,Made Shot,Pullup Jump shot,3PT Field Goal,Above the Break 3,Left Side Center(LC),24+ ft.,26,-89,254,1,1,20240421,BOS,MIA,42300101496,26140,0,201143|201950|204001|1627759|1628369
Shot Chart Detail,0042300101,499,0,Opponent,1610612738,Miami Heat,4,3,58,Made Shot,Running Pull-Up Jump Shot,3PT Field Goal,Above the Break 3,Right Side Center(RC),24+ ft.,26,154,210,1,1,20240421,BOS,MIA,42300101499,26420,0,201143|201950|204001|1627759|1628369
Shot Chart Detail,0042300101,506,0,Opponent,1610612738,Miami Heat,4,3,21,Made Shot,Driving Hook Shot,2PT Field Goal,In The Paint (Non-RA),Center(C),Less Than 8 ft.,5,-21,48,1,1,20240421,BOS,MIA,42300101506,26790,0,201950|204001|1627759|1628369|1628401
Shot Chart Detail,0042300101,514,0,Opponent,1610612738,Miami Heat,4,2,52,Made Shot,Jump Shot,2PT Field Goal,Mid-Range,Left Side(L),16-24 ft.,21,-212,6,1,1,20240421,BOS,MIA,42300101514,27080,0,201950|204001|1627759|1628369|1628401
Shot Chart Detail,0042300101,519,0,Opponent,1610612738,Miami Heat,4,2,9,Missed Shot,Fadeaway Jump Shot,2PT Field Goal,Mid-Range,Right Side(R),8-16 ft.,10,97,48,1,0,20240421,BOS,MIA,42300101519,27510,0,201950|204001|1627759|1628369|1628401
Shot Chart Detail,0042300101,525,0,Opponent,1610612738,Miami Heat,4,1,40,Made Shot,Turnaround Fadeaway shot,2PT Field Goal,In The Paint (Non-RA),Center(C),Less Than 8 ft.,7,10,74,1,1,20240421,BOS,MIA,42300101525,27800,0,201950|204001|1627759|1628369|1628401
Shot Chart Detail,0042300101,532,0,Opponent,1610612738,Miami Heat,4,1,14,Missed Shot,Pullup Jump shot,2PT Field Goal,In The Paint (Non-RA),Right Side(R),8-16 ft.,11,72,94,1,0,20240421,BOS,MIA,42300101532,28060,0,201950|204001|1627759|1628369|1628401
Shot Chart Detail,0042300101,534,0,Opponent,1610612738,Miami Heat,4,1,0,Missed Shot,Step Back Jump shot,2PT Field Goal,In The Paint (Non-RA),Center(C),8-16 ft.,10,-4,100,1,0,20240421,BOS,MIA,42300101534,28200,0,201950|204001|1627759|1628369|1628401
Shot Chart Detail,0042300101,548,0,Opponent,1610612738,Miami Heat,4,0,15,Missed Shot,Pullup Jump shot,3PT Field Goal,Above the Break 3,Left Side Center(LC),24+ ft.,25,-203,151,1,0,20240421,BOS,MIA,42300101548,28650,0,201950|204001|1627759|1628369|1628401
Shot Chart Detail,0042300102,9,0,Opponent,1610612738,Miami Heat,1,11,26,Missed Shot,Pullup Jump shot,2PT Field Goal,Mid-Range,Center(C),16-24 ft.,17,15,171,1,0,20240424,BOS,MIA,423001029,340,0,201950|204001|1627759|1628369|1628401
Shot Chart Detail,0042300102,12,0,Opponent,1610612738,Miami Heat,1,10,50,Made Shot,Jump Shot,3PT Field Goal,Above the Break 3,Right Side Center(RC),24+ ft.,25,196,157,1,1,20240424,BOS,MIA,4230010212,700,0,201950|204001|1627759|1628369|1628401
Shot Chart Detail,0042300102,24,0,Opponent,1610612738,Miami Heat,1,9,30,Made Shot,Jump Shot,3PT Field Goal,Left Corner 3,Left Side(L),24+ ft.,23,-235,32,1,1,20240424,BOS,MIA,4230010224,1500,0,201950|204001|1627759|1628369|1628401
Shot Chart Detail,0042300102,28,0,Opponent,1610612738,Miami Heat,1,8,54,Missed Shot,Driving Layup Shot,2PT Field Goal,In The Paint (Non-RA),Center(C),Less Than 8 ft.,5,43,41,1,0,20240424,BOS,MIA,4230010228,1860,0,201950|204001|1627759|1628369|1628401
Shot Chart Detail,0042300102,33,0,Opponent,1610612738,Miami Heat,1,8,22,Made Shot,Turnaround Fadeaway shot,2PT Field Goal,In The Paint (Non-RA),Right Side(R),8-16 ft.,12,70,109,1,1,20240424,BOS,MIA,4230010233,2180,0,201950|204001|1627759|1628369|1628401
Shot Chart Detail,0042300102,36,0,Opponent,1610612738,Miami Heat,1,7,58,Missed Shot,Running Jump Shot,3PT Field Goal,Above the Break 3,Right Side Center(RC),24+ ft.,25,172,187,1,0,20240424,BOS,MIA,4230010236,2420,0,201950|204001|1627759|1628369|1628401
Shot Chart Detail,0042300102,44,0,Opponent,1610612738,Miami Heat,1,7,18,Missed Shot,Jump Shot,3PT Field Goal,Above the Break 3,Center(C),24+ ft.,26,69,261,1,0,20240424,BOS,MIA,4230010244,2820,0,201950|204001|1627759|1628369|1628401
Shot Chart Detail,0042300102,50,0,Opponent,1610612738,Miami Heat,1,6,39,Missed Shot,Jump Shot,3PT Field Goal,Left Corner 3,Left Side(L),24+ ft.,25,-238,85,1,0,20240424,BOS,MIA,4230010250,3210,0,201950|204001|1627759|1628369|1628401
Shot Chart Detail,0042300102,66,0,Opponent,1610612738,Miami Heat,1,5,42,Made Shot,Jump Shot,3PT Field Goal,Above the Break 3,Left Side Center(LC),24+ ft.,27,-87,258,1,1,20240424,BOS,MIA,4230010266,3780,0,201143|204001|1627759|1628401|1630202
Shot Chart Detail,0042300102,72,0,Opponent,1610612738,Miami Heat,1,5,17,Made Shot,Step Back Jump shot,3PT Field Goal,Above the Break 3,Left Side Center(LC),24+ ft.,26,-181,190,1,1,20240424,BOS,MIA,4230010272,4030,0,201143|204001|1627759|1628401|1630202
Shot Chart Detail,0042300102,76,0,Opponent,1610612738,Miami Heat,1,4,39,Missed Shot,Pullup Jump shot,3PT Field Goal,Above the Break 3,Center(C),24+ ft.,25,-48,255,1,0,20240424,BOS,MIA,4230010276,4410,0,201143|204001|1627759|1628401|1630202
Shot Chart Detail,0042300102,85,0,Opponent,1610612738,Miami Heat,1,4,2,Made Shot,Jump Shot,3PT Field Goal,Above the Break 3,Right Side Center(RC),24+ ft.,26,85,253,1,1,20240424,BOS,MIA,4230010285,4780,0,201143|204001|1627759|1628401|1630202
Shot Chart Detail,0042300102,93,0,Opponent,1610612738,Miami Heat,1,3,33,Made Shot,Jump Shot,3PT Field Goal,Above the Break 3,Left Side Center(LC),24+ ft.,26,-217,157,1,1,20240424,BOS,MIA,4230010293,5070,0,201143|204001|1627759|1628401|1630202
Shot Chart Detail,0042300102,97,0,Opponent,1610612738,Miami Heat,1,3,4,Missed Shot,Running Layup Shot,2PT Field Goal,Restricted Area,Center(C),Less Than 8 ft.,3,16,31,1,0,20240424,BOS,MIA,4230010297,5360,0,201143|204001|1627759|1628401|1630202
Shot Chart Detail,0042300102,102,0,Opponent,1610612738,Miami Heat,1,2,39,Missed Shot,Jump Shot,3PT Field Goal,Above the Break 3,Left Side Center(LC),24+ ft.,26,-153,213,1,0,20240424,BOS,MIA,42300102102,5610,0,201143|204001|1627759|1628401|1630202
Shot Chart Detail,0042300102,106,0,Opponent,1610612738,Miami Heat,1,2,25,Made Shot,Running Pull-Up Jump Shot,3PT Field Goal,Above the Break 3,Right Side Center(RC),24+ ft.,27,103,258,1,1,20240424,BOS,MIA,42300102106,5750,0,201143|204001|1627759|1628401|1630202
Shot Chart Detail,0042300102,127,0,Opponent,1610612738,Miami Heat,1,1,40,Missed Shot,Jump Shot,3PT Field Goal,Above the Break 3,Right Side Center(RC),24+ ft.,25,153,210,1,0,20240424,BOS,MIA,42300102127,6200,0,201143|201950|1627759|1628369|1630202
Shot Chart Detail,0042300102,132,0,Opponent,1610612738,Miami Heat,1,1,2,Made Shot,Jump Shot,3PT Field Goal,Above the Break 3,Left Side Center(LC),24+ ft.,26,-162,213,1,1,20240424,BOS,MIA,42300102132,6580,0,201143|201950|1627759|1628369|1630202
Shot Chart Detail,0042300102,141,0,Opponent,1610612738,Miami Heat,1,0,37,Missed Shot,Pullup Jump shot,3PT Field Goal,Above the Break 3,Right Side Center(RC),24+ ft.,25,168,188,1,0,20240424,BOS,MIA,42300102141,6830,0,201143|201950|1628369|1630202|1630573
Shot Chart Detail,0042300102,164,0,Opponent,1610612738,Miami Heat,2,11,41,Missed Shot,Jump Shot,3PT Field Goal,Left Corner 3,Left Side(L),24+ ft.,24,-240,68,1,0,20240424,BOS,MIA,42300102164,7390,0,201143|201950|1628369|1630202|1630573
Shot Chart Detail,0042300102,176,0,Opponent,1610612738,Miami Heat,2,10,31,Missed Shot,Driving Floating Jump Shot,2PT Field Goal,In The Paint (Non-RA),Center(C),8-16 ft.,9,10,93,1,0,20240424,BOS,MIA,42300102176,8090,0,201143|201950|1628369|1630202|1630573
Shot Chart Detail,0042300102,182,0,Opponent,1610612738,Miami Heat,2,9,52,Made Shot,Cutting Layup Shot,2PT Field Goal,Restricted Area,Center(C),Less Than 8 ft.,2,-1,21,1,1,20240424,BOS,MIA,42300102182,8480,0,201143|201950|1628369|1630202|1630573
Shot Chart Detail,0042300102,186,0,Opponent,1610612738,Miami Heat,2,9,13,Missed Shot,Pullup Jump shot,3PT Field Goal,Above the Break 3,Right Side Center(RC),24+ ft.,26,110,240,1,0,20240424,BOS,MIA,42300102186,8870,0,201143|201950|1628369|1630202|1630573
Shot Chart Detail,0042300102,204,0,Opponent,1610612738,Miami Heat,2,8,22,Missed Shot,Driving Layup Shot,2PT Field Goal,In The Paint (Non-RA),Center(C),Less Than 8 ft.,5,37,38,1,0,20240424,BOS,MIA,42300102204,9380,0,201143|1627759|1628369|1628401|1630573
Shot Chart Detail,0042300102,208,0,Opponent,1610612738,Miami Heat,2,7,58,Made Shot,Jump Shot,3PT Field Goal,Above the Break 3,Center(C),24+ ft.,26,7,263,1,1,20240424,BOS,MIA,42300102208,9620,0,201143|1627759|1628369|1628401|1630573
Shot Chart Detail,0042300102,239,0,Opponent,1610612738,Miami Heat,2,5,52,Missed Shot,Driving Floating Jump Shot,2PT Field Goal,In The Paint (Non-RA),Center(C),Less Than 8 ft.,7,-32,68,1,0,20240424,BOS,MIA,42300102239,10880,0,204001|1627759|1628369|1628401|1630573
Shot Chart Detail,0042300102,243,0,Opponent,1610612738,Miami Heat,2,5,35,Made Shot,Jump Shot,3PT Field Goal,Above the Break 3,Left Side Center(LC),24+ ft.,26,-174,195,1,1,20240424,BOS,MIA,42300102243,11050,0,204001|1627759|1628369|1628401|1630573
Shot Chart Detail,0042300102,250,0,Opponent,1610612738,Miami Heat,2,4,42,Made Shot,Turnaround Fadeaway shot,2PT Field Goal,In The Paint (Non-RA),Center(C),8-16 ft.,10,38,93,1,1,20240424,BOS,MIA,42300102250,11580,0,204001|1627759|1628369|1628401|1630573
Shot Chart Detail,0042300102,253,0,Opponent,1610612738,Miami Heat,2,4,18,Made Shot,Jump Shot,3PT Field Goal,Above the Break 3,Right Side Center(RC),24+ ft.,24,216,125,1,1,20240424,BOS,MIA,42300102253,11820,0,204001|1627759|1628369|1628401|1630573
Shot Chart Detail,0042300102,260,0,Opponent,1610612738,Miami Heat,2,4,0,Made Shot,Running Jump Shot,2PT Field Goal,In The Paint (Non-RA),Center(C),Less Than 8 ft.,6,-27,57,1,1,20240424,BOS,MIA,42300102260,12000,0,201950|204001|1627759|1628369|1628401
Shot Chart Detail,0042300102,265,0,Opponent,1610612738,Miami Heat,2,3,26,Made Shot,Driving Layup Shot,2PT Field Goal,In The Paint (Non-RA),Center(C),Less Than 8 ft.,4,-23,34,1,1,20240424,BOS,MIA,42300102265,12340,0,201950|204001|1627759|1628369|1628401
Shot Chart Detail,0042300102,267,0,Opponent,1610612738,Miami Heat,2,3,3,Made Shot,Jump Shot,3PT Field Goal,Above the Break 3,Left Side Center(LC),24+ ft.,27,-163,219,1,1,20240424,BOS,MIA,42300102267,12570,0,201950|204001|1627759|1628369|1628401
Shot Chart Detail,0042300102,287,0,Opponent,1610612738,Miami Heat,2,1,37,Missed Shot,Jump Shot,3PT Field Goal,Left Corner 3,Left Side(L),24+ ft.,23,-235,27,1,0,20240424,BOS,MIA,42300102287,13430,0,201143|201950|1627759|1628369|1628401
Shot Chart Detail,0042300102,289,0,Opponent,1610612738,Miami Heat,2,1,32,Missed Shot,Turnaround Hook Shot,2PT Field Goal,In The Paint (Non-RA),Right Side(R),8-16 ft.,8,47,72,1,0,20240424,BOS,MIA,42300102289,13480,0,201143|201950|1627759|1628369|1628401
Shot Chart Detail,0042300102,293,0,Opponent,1610612738,Miami Heat,2,1,11,Missed Shot,Jump Shot,3PT Field Goal,Above the Break 3,Center(C),24+ ft.,28,-80,272,1,0,20240424,BOS,MIA,42300102293,13690,0,201143|201950|1627759|1628369|1628401
Shot Chart Detail,0042300102,296,0,Opponent,1610612738,Miami Heat,2,0,39,Made Shot,Pullup Jump shot,3PT Field Goal,Above the Break 3,Left Side Center(LC),24+ ft.,28,-145,245,1,1,20240424,BOS,MIA,42300102296,14010,0,201143|201950|1627759|1628369|1628401
Shot Chart Detail,0042300102,318,0,Opponent,1610612738,Miami Heat,3,11,9,Made Shot,Jump Shot,3PT Field Goal,Left Corner 3,Left Side(L),24+ ft.,24,-232,81,1,1,20240424,BOS,MIA,42300102318,14910,0,201950|204001|1627759|1628369|1628401
Shot Chart Detail,0042300102,331,0,Opponent,1610612738,Miami Heat,3,10,10,Missed Shot,Driving Layup Shot,2PT Field Goal,In The Paint (Non-RA),Center(C),Less Than 8 ft.,5,-33,49,1,0,20240424,BOS,MIA,42300102331,15500,0,201950|204001|1627759|1628369|1628401
Shot Chart Detail,0042300102,335,0,Opponent,1610612738,Miami Heat,3,10,3,Missed Shot,Jump Shot,3PT Field Goal,Above the Break 3,Right Side Center(RC),24+ ft.,25,131,217,1,0,20240424,BOS,MIA,42300102335,15570,0,201950|204001|1627759|1628369|1628401
Shot Chart Detail,0042300102,339,0,Opponent,1610612738,Miami Heat,3,9,29,Made Shot,Cutting Dunk Shot,2PT Field Goal,Restricted Area,Center(C),Less Than 8 ft.,0,4,5,1,1,20240424,BOS,MIA,42300102339,15910,0,201950|204001|1627759|1628369|1628401
Shot Chart Detail,0042300102,344,0,Opponent,1610612738,Miami Heat,3,8,46,Made Shot,Pullup Jump shot,3PT Field Goal,Above the Break 3,Left Side Center(LC),24+ ft.,25,-140,216,1,1,20240424,BOS,MIA,42300102344,16340,0,201950|204001|1627759|1628369|1628401
Shot Chart Detail,0042300102,347,0,Opponent,1610612738,Miami Heat,3,8,9,Made Shot,Jump Shot,3PT Field Goal,Right Corner 3,Right Side(R),24+ ft.,23,225,73,1,1,20240424,BOS,MIA,42300102347,16710,0,201950|204001|1627759|1628369|1628401
Shot Chart Detail,0042300102,351,0,Opponent,1610612738,Miami Heat,3,7,38,Missed Shot,Running Pull-Up Jump Shot,3PT Field Goal,Above the Break 3,Right Side Center(RC),24+ ft.,27,113,247,1,0,20240424,BOS,MIA,42300102351,17020,0,201950|204001|1627759|1628369|1628401
Shot Chart Detail,0042300102,357,0,Opponent,1610612738,Miami Heat,3,7,2,Made Shot,Alley Oop Dunk Shot,2PT Field Goal,Restricted Area,Center(C),Less Than 8 ft.,1,-1,10,1,1,20240424,BOS,MIA,42300102357,17380,0,201950|204001|1627759|1628369|1628401
Shot Chart Detail,0042300102,361,0,Opponent,1610612738,Miami Heat,3,6,24,Missed Shot,Driving Floating Jump Shot,2PT Field Goal,In The Paint (Non-RA),Center(C),8-16 ft.,10,9,104,1,0,20240424,BOS,MIA,42300102361,17760,0,201950|204001|1627759|1628369|1628401
Shot Chart Detail,0042300102,365,0,Opponent,1610612738,Miami Heat,3,5,54,Made Shot,Step Back Jump shot,3PT Field Goal,Left Corner 3,Left Side(L),24+ ft.,23,-228,46,1,1,20240424,BOS,MIA,42300102365,18060,0,201950|204001|1627759|1628369|1628401
Shot Chart Detail,0042300102,387,0,Opponent,1610612738,Miami Heat,3,4,36,Made Shot,Jump Shot,3PT Field Goal,Above the Break 3,Center(C),24+ ft.,24,72,236,1,1,20240424,BOS,MIA,42300102387,18840,0,201143|204001|1627759|1628401|1630202
Shot Chart Detail,0042300102,391,0,Opponent,1610612738,Miami Heat,3,4,10,Made Shot,Running Layup Shot,2PT Field Goal,Restricted Area,Center(C),Less Than 8 ft.,1,-13,10,1,1,20240424,BOS,MIA,42300102391,19100,0,201143|204001|1627759|1628401|1630202
Shot Chart Detail,0042300102,400,0,Opponent,1610612738,Miami Heat,3,3,36,Made Shot,Driving Layup Shot,2PT Field Goal,Restricted Area,Center(C),Less Than 8 ft.,2,-17,22,1,1,20240424,BOS,MIA,42300102400,19440,0,201143|204001|1627759|1628401|1630202
Shot Chart Detail,0042300102,411,0,Opponent,1610612738,Miami Heat,3,2,58,Missed Shot,Jump Shot,3PT Field Goal,Above the Break 3,Left Side Center(LC),24+ ft.,27,-97,253,1,0,20240424,BOS,MIA,42300102411,19820,0,201143|201950|1628369|1630202|1630573
Shot Chart Detail,0042300102,415,0,Opponent,1610612738,Miami Heat,3,2,28,Missed Shot,Driving Layup Shot,2PT Field Goal,In The Paint (Non-RA),Center(C),Less Than 8 ft.,5,-12,49,1,0,20240424,BOS,MIA,42300102415,20120,0,201143|201950|1628369|1630202|1630573
Shot Chart Detail,0042300102,427,0,Opponent,1610612738,Miami Heat,3,1,56,Missed Shot,Driving Layup Shot,2PT Field Goal,In The Paint (Non-RA),Center(C),Less Than 8 ft.,4,38,21,1,0,20240424,BOS,MIA,42300102427,20440,0,201143|201950|1628369|1630202|1630573
Shot Chart Detail,0042300102,434,0,Opponent,1610612738,Miami Heat,3,1,17,Missed Shot,Turnaround Fadeaway shot,2PT Field Goal,In The Paint (Non-RA),Center(C),8-16 ft.,14,-51,136,1,0,20240424,BOS,MIA,42300102434,20830,0,201143|201950|1628369|1630202|1630573
Shot Chart Detail,0042300102,438,0,Opponent,1610612738,Miami Heat,3,0,55,Made Shot,Pullup Jump shot,3PT Field Goal,Above the Break 3,Center(C),24+ ft.,25,67,244,1,1,20240424,BOS,MIA,42300102438,21050,0,201143|201950|1628369|1630202|1630573
Shot Chart Detail,0042300102,458,0,Opponent,1610612738,Miami Heat,4,11,15,Missed Shot,Pullup Jump shot,3PT Field Goal,Above the Break 3,Center(C),24+ ft.,27,37,275,1,0,20240424,BOS,MIA,42300102458,22050,0,201143|201950|1628369|1630202|1630573
Shot Chart Detail,0042300102,467,0,Opponent,1610612738,Miami Heat,4,11,14,Missed Shot,Tip Layup Shot,2PT Field Goal,Restricted Area,Center(C),Less Than 8 ft.,1,4,10,1,0,20240424,BOS,MIA,42300102467,22060,0,201143|201950|1628369|1630202|1630573
Shot Chart Detail,0042300102,461,0,Opponent,1610612738,Miami Heat,4,10,42,Missed Shot,Fadeaway Jump Shot,2PT Field Goal,Mid-Range,Left Side(L),8-16 ft.,15,-85,126,1,0,20240424,BOS,MIA,42300102461,22380,0,201143|201950|1628369|1630202|1630573
Shot Chart Detail,0042300102,471,0,Opponent,1610612738,Miami Heat,4,10,10,Made Shot,Jump Shot,3PT Field Goal,Right Corner 3,Right Side(R),24+ ft.,23,230,37,1,1,20240424,BOS,MIA,42300102471,22700,0,201143|201950|1628369|1630202|1630573
Shot Chart Detail,0042300102,474,0,Opponent,1610612738,Miami Heat,4,9,32,Missed Shot,Pullup Jump shot,3PT Field Goal,Above the Break 3,Right Side Center(RC),24+ ft.,26,107,242,1,0,20240424,BOS,MIA,42300102474,23080,0,201143|201950|1628369|1630202|1630573
Shot Chart Detail,0042300102,478,0,Opponent,1610612738,Miami Heat,4,9,5,Missed Shot,Step Back Jump shot,3PT Field Goal,Above the Break 3,Right Side Center(RC),24+ ft.,26,83,248,1,0,20240424,BOS,MIA,42300102478,23350,0,201143|201950|1628369|1630202|1630573
Shot Chart Detail,0042300102,486,0,Opponent,1610612738,Miami Heat,4,8,25,Made Shot,Pullup Jump shot,2PT Field Goal,In The Paint (Non-RA),Center(C),8-16 ft.,10,-21,106,1,1,20240424,BOS,MIA,42300102486,23750,0,201143|201950|1627759|1628369|1630202
Shot Chart Detail,0042300102,494,0,Opponent,1610612738,Miami Heat,4,7,41,Made Shot,Turnaround Fadeaway shot,2PT Field Goal,In The Paint (Non-RA),Left Side(L),8-16 ft.,14,-80,118,1,1,20240424,BOS,MIA,42300102494,24190,0,201143|201950|1627759|1628369|1628401
Shot Chart Detail,0042300102,497,0,Opponent,1610612738,Miami Heat,4,7,9,Missed Shot,Jump Shot,3PT Field Goal,Above the Break 3,Right Side Center(RC),24+ ft.,25,190,173,1,0,20240424,BOS,MIA,42300102497,24510,0,201143|201950|1627759|1628369|1628401
Shot Chart Detail,0042300102,501,0,Opponent,1610612738,Miami Heat,4,6,35,Made Shot,Jump Shot,2PT Field Goal,Mid-Range,Right Side Center(RC),16-24 ft.,16,81,149,1,1,20240424,BOS,MIA,42300102501,24850,0,201143|201950|1627759|1628369|1628401
Shot Chart Detail,0042300102,511,0,Opponent,1610612738,Miami Heat,4,6,6,Made Shot,Jump Shot,3PT Field Goal,Above the Break 3,Left Side Center(LC),24+ ft.,27,-162,226,1,1,20240424,BOS,MIA,42300102511,25140,0,201950|204001|1627759|1628369|1628401
Shot Chart Detail,0042300102,514,0,Opponent,1610612738,Miami Heat,4,5,37,Made Shot,Jump Shot,3PT Field Goal,Above the Break 3,Right Side Center(RC),24+ ft.,25,197,160,1,1,20240424,BOS,MIA,42300102514,25430,0,201950|204001|1627759|1628369|1628401
Shot Chart Detail,0042300102,523,0,Opponent,1610612738,Miami Heat,4,4,48,Missed Shot,Step Back Jump shot,2PT Field Goal,Mid-Range,Left Side Center(LC),16-24 ft.,22,-112,195,1,0,20240424,BOS,MIA,42300102523,25920,0,201950|204001|1627759|1628369|1628401
Shot Chart Detail,0042300102,530,0,Opponent,1610612738,Miami Heat,4,4,12,Made Shot,Hook Shot,2PT Field Goal,In The Paint (Non-RA),Center(C),8-16 ft.,12,10,121,1,1,20240424,BOS,MIA,42300102530,26280,0,201950|204001|1627759|1628369|1628401
Shot Chart Detail,0042300102,534,0,Opponent,1610612738,Miami Heat,4,3,29,Missed Shot,Pullup Jump shot,2PT Field Goal,In The Paint (Non-RA),Center(C),8-16 ft.,13,42,125,1,0,20240424,BOS,MIA,42300102534,26710,0,201950|204001|1627759|1628369|1628401
Shot Chart Detail,0042300102,536,0,Opponent,1610612738,Miami Heat,4,3,28,Missed Shot,Tip Layup Shot,2PT Field Goal,Restricted Area,Center(C),Less Than 8 ft.,0,0,0,1,0,20240424,BOS,MIA,42300102536,26720,0,201950|204001|1627759|1628369|1628401
Shot Chart Detail,0042300102,544,0,Opponent,1610612738,Miami Heat,4,3,0,Made Shot,Jump Shot,3PT Field Goal,Above the Break 3,Left Side Center(LC),24+ ft.,26,-156,211,1,1,20240424,BOS,MIA,42300102544,27000,0,201950|204001|1627759|1628369|1628401
Shot Chart Detail,0042300102,548,0,Opponent,1610612738,Miami Heat,4,2,24,Made Shot,Driving Layup Shot,2PT Field Goal,In The Paint (Non-RA),Center(C),Less Than 8 ft.,5,56,12,1,1,20240424,BOS,MIA,42300102548,27360,0,201950|204001|1627759|1628369|1628401
Shot Chart Detail,0042300102,556,0,Opponent,1610612738,Miami Heat,4,1,37,Missed Shot,Pullup Jump shot,3PT Field Goal,Above the Break 3,Center(C),24+ ft.,27,-80,267,1,0,20240424,BOS,MIA,42300102556,27830,0,201950|204001|1627759|1628369|1628401
Shot Chart Detail,0042300102,558,0,Opponent,1610612738,Miami Heat,4,1,23,Missed Shot,Driving Layup Shot,2PT Field Goal,In The Paint (Non-RA),Center(C),Less Than 8 ft.,6,53,30,1,0,20240424,BOS,MIA,42300102558,27970,0,201950|204001|1627759|1628369|1628401
Shot Chart Detail,0042300102,569,0,Opponent,1610612738,Miami Heat,4,0,57,Missed Shot,Jump Shot,3PT Field Goal,Above the Break 3,Right Side Center(RC),24+ ft.,25,227,109,1,0,20240424,BOS,MIA,42300102569,28230,0,201950|204001|1627759|1628369|1628401
