PLAYER_NAME,PLAYER_ID,shot_description,shot_type,shot_count,shot_makes,shot_group
Aaron Williams,1425,Alley Oop Dunk Shot,2PT Field Goal,1,1,DUNKS
Aaron Williams,1425,Driving Finger Roll Shot,2PT Field Goal,1,0,LAYUPS
Aaron Williams,1425,Driving Layup Shot,2PT Field Goal,3,1,LAYUPS
Aaron Williams,1425,Dunk Shot,2PT Field Goal,5,3,DUNKS
Aaron Williams,1425,Finger Roll Shot,2PT Field Goal,2,1,LAYUPS
Aaron Williams,1425,Hook Shot,2PT Field Goal,9,7,POST_MOVES
Aaron Williams,1425,Jump Shot,2PT Field Goal,30,7,JUMP_SHOTS
Aaron Williams,1425,Layup Shot,2PT Field Goal,21,13,LAYUPS
Aaron Williams,1425,Reverse Layup Shot,2PT Field Goal,1,0,LAYUPS
Aaron Williams,1425,Running Hook Shot,2PT Field Goal,1,1,POST_MOVES
Aaron Williams,1425,Slam Dunk Shot,2PT Field Goal,6,6,DUNKS
Aaron Williams,1425,Tip Shot,2PT Field Goal,5,1,SPECIALTY_SHOTS
Aaron Williams,1425,Turnaround Jump Shot,2PT Field Goal,1,1,JUMP_SHOTS
Adonal Foyle,1502,Driving Layup Shot,2PT Field Goal,2,2,LAYUPS
Adonal Foyle,1502,Follow Up Dunk Shot,2PT Field Goal,1,1,DUNKS
Adonal Foyle,1502,Hook Shot,2PT Field Goal,12,4,POST_MOVES
Adonal Foyle,1502,Jump Hook Shot,2PT Field Goal,9,6,POST_MOVES
Adonal Foyle,1502,Jump Shot,2PT Field Goal,19,5,JUMP_SHOTS
Adonal Foyle,1502,Layup Shot,2PT Field Goal,11,8,LAYUPS
Adonal Foyle,1502,Reverse Dunk Shot,2PT Field Goal,1,1,DUNKS
Adonal Foyle,1502,Reverse Layup Shot,2PT Field Goal,4,4,LAYUPS
Adonal Foyle,1502,Running Hook Shot,2PT Field Goal,3,2,POST_MOVES
Adonal Foyle,1502,Slam Dunk Shot,2PT Field Goal,1,1,DUNKS
Adonal Foyle,1502,Tip Shot,2PT Field Goal,4,0,SPECIALTY_SHOTS
Adonal Foyle,1502,Turnaround Hook Shot,2PT Field Goal,1,0,POST_MOVES
Adonal Foyle,1502,Turnaround Jump Shot,2PT Field Goal,2,1,JUMP_SHOTS
Adrian Griffin,1559,Driving Layup Shot,2PT Field Goal,24,22,LAYUPS
Adrian Griffin,1559,Dunk Shot,2PT Field Goal,2,2,DUNKS
Adrian Griffin,1559,Fadeaway Jump Shot,2PT Field Goal,3,2,JUMP_SHOTS
Adrian Griffin,1559,Jump Shot,2PT Field Goal,89,40,JUMP_SHOTS
Adrian Griffin,1559,Jump Shot,3PT Field Goal,27,6,JUMP_SHOTS
Adrian Griffin,1559,Layup Shot,2PT Field Goal,35,19,LAYUPS
Adrian Griffin,1559,Reverse Layup Shot,2PT Field Goal,8,7,LAYUPS
Adrian Griffin,1559,Running Jump Shot,2PT Field Goal,3,2,JUMP_SHOTS
Adrian Griffin,1559,Slam Dunk Shot,2PT Field Goal,1,1,DUNKS
Adrian Griffin,1559,Tip Shot,2PT Field Goal,3,3,SPECIALTY_SHOTS
Adrian Griffin,1559,Turnaround Jump Shot,2PT Field Goal,2,1,JUMP_SHOTS
Al Harrington,1733,Fadeaway Jump Shot,2PT Field Goal,7,5,JUMP_SHOTS
Al Harrington,1733,Follow Up Dunk Shot,2PT Field Goal,1,1,DUNKS
Al Harrington,1733,Hook Shot,2PT Field Goal,1,1,POST_MOVES
Al Harrington,1733,Jump Shot,2PT Field Goal,28,9,JUMP_SHOTS
Al Harrington,1733,Layup Shot,2PT Field Goal,8,2,LAYUPS
Al Harrington,1733,Running Jump Shot,2PT Field Goal,1,0,JUMP_SHOTS
Al Harrington,1733,Slam Dunk Shot,2PT Field Goal,2,2,DUNKS
Al Harrington,1733,Tip Shot,2PT Field Goal,4,3,SPECIALTY_SHOTS
Al Harrington,1733,Turnaround Jump Shot,2PT Field Goal,6,4,JUMP_SHOTS
Allan Houston,275,Driving Layup Shot,2PT Field Goal,1,0,LAYUPS
Allan Houston,275,Fadeaway Jump Shot,2PT Field Goal,2,2,JUMP_SHOTS
Allan Houston,275,Jump Shot,2PT Field Goal,94,36,JUMP_SHOTS
Allan Houston,275,Jump Shot,3PT Field Goal,49,22,JUMP_SHOTS
Allan Houston,275,Layup Shot,2PT Field Goal,7,1,LAYUPS
Allan Houston,275,Running Jump Shot,2PT Field Goal,3,2,JUMP_SHOTS
Allan Houston,275,Turnaround Jump Shot,2PT Field Goal,3,3,JUMP_SHOTS
Alonzo Mourning,297,Jump Shot,2PT Field Goal,2,1,JUMP_SHOTS
Alton Ford,2228,Alley Oop Layup shot,2PT Field Goal,1,0,LAYUPS
Alton Ford,2228,Dunk Shot,2PT Field Goal,1,1,DUNKS
Alton Ford,2228,Layup Shot,2PT Field Goal,1,1,LAYUPS
Amal McCaskill,1043,Jump Shot,2PT Field Goal,6,3,JUMP_SHOTS
Amal McCaskill,1043,Layup Shot,2PT Field Goal,2,1,LAYUPS
Amal McCaskill,1043,Reverse Layup Shot,2PT Field Goal,1,1,LAYUPS
Andre Miller,1889,Driving Layup Shot,2PT Field Goal,3,1,LAYUPS
Andre Miller,1889,Fadeaway Jump Shot,2PT Field Goal,1,1,JUMP_SHOTS
Andre Miller,1889,Jump Shot,2PT Field Goal,33,7,JUMP_SHOTS
Andre Miller,1889,Jump Shot,3PT Field Goal,4,2,JUMP_SHOTS
Andre Miller,1889,Layup Shot,2PT Field Goal,5,4,LAYUPS
Andre Miller,1889,Turnaround Jump Shot,2PT Field Goal,1,0,JUMP_SHOTS
Andrei Kirilenko,1905,Alley Oop Dunk Shot,2PT Field Goal,2,2,DUNKS
Andrei Kirilenko,1905,Driving Dunk Shot,2PT Field Goal,1,1,DUNKS
Andrei Kirilenko,1905,Driving Layup Shot,2PT Field Goal,2,2,LAYUPS
Andrei Kirilenko,1905,Dunk Shot,2PT Field Goal,9,7,DUNKS
Andrei Kirilenko,1905,Fadeaway Jump Shot,2PT Field Goal,1,0,JUMP_SHOTS
Andrei Kirilenko,1905,Jump Shot,2PT Field Goal,15,2,JUMP_SHOTS
Andrei Kirilenko,1905,Jump Shot,3PT Field Goal,5,1,JUMP_SHOTS
Andrei Kirilenko,1905,Layup Shot,2PT Field Goal,21,7,LAYUPS
Andrei Kirilenko,1905,Reverse Layup Shot,2PT Field Goal,2,1,LAYUPS
Andrei Kirilenko,1905,Running Dunk Shot,2PT Field Goal,1,1,DUNKS
Andrei Kirilenko,1905,Running Hook Shot,2PT Field Goal,1,0,POST_MOVES
Andrei Kirilenko,1905,Slam Dunk Shot,2PT Field Goal,3,3,DUNKS
Andrei Kirilenko,1905,Tip Shot,2PT Field Goal,2,1,SPECIALTY_SHOTS
Anfernee Hardaway,358,Driving Layup Shot,2PT Field Goal,1,1,LAYUPS
Anfernee Hardaway,358,Jump Shot,2PT Field Goal,4,2,JUMP_SHOTS
Ansu Sesay,1738,Driving Layup Shot,2PT Field Goal,1,1,LAYUPS
Ansu Sesay,1738,Jump Shot,2PT Field Goal,7,5,JUMP_SHOTS
Ansu Sesay,1738,Layup Shot,2PT Field Goal,1,1,LAYUPS
Ansu Sesay,1738,Turnaround Jump Shot,2PT Field Goal,1,1,JUMP_SHOTS
Antawn Jamison,1712,Finger Roll Shot,2PT Field Goal,1,0,LAYUPS
Antawn Jamison,1712,Jump Shot,2PT Field Goal,7,2,JUMP_SHOTS
Antawn Jamison,1712,Layup Shot,2PT Field Goal,1,1,LAYUPS
Antawn Jamison,1712,Tip Shot,2PT Field Goal,1,0,SPECIALTY_SHOTS
Anthony Carter,1853,Driving Layup Shot,2PT Field Goal,1,1,LAYUPS
Anthony Carter,1853,Jump Shot,2PT Field Goal,12,6,JUMP_SHOTS
Anthony Carter,1853,Jump Shot,3PT Field Goal,1,1,JUMP_SHOTS
Anthony Carter,1853,Layup Shot,2PT Field Goal,2,1,LAYUPS
Anthony Carter,1853,Running Jump Shot,2PT Field Goal,1,1,JUMP_SHOTS
Anthony Johnson,1533,Layup Shot,2PT Field Goal,1,1,LAYUPS
Anthony Mason,193,Driving Layup Shot,2PT Field Goal,8,5,LAYUPS
Anthony Mason,193,Dunk Shot,2PT Field Goal,2,2,DUNKS
Anthony Mason,193,Fadeaway Jump Shot,2PT Field Goal,6,4,JUMP_SHOTS
Anthony Mason,193,Finger Roll Shot,2PT Field Goal,1,1,LAYUPS
Anthony Mason,193,Hook Shot,2PT Field Goal,16,10,POST_MOVES
Anthony Mason,193,Jump Hook Shot,2PT Field Goal,3,3,POST_MOVES
Anthony Mason,193,Jump Shot,2PT Field Goal,98,39,JUMP_SHOTS
Anthony Mason,193,Jump Shot,3PT Field Goal,1,1,JUMP_SHOTS
Anthony Mason,193,Layup Shot,2PT Field Goal,72,40,LAYUPS
Anthony Mason,193,Reverse Layup Shot,2PT Field Goal,4,3,LAYUPS
Anthony Mason,193,Running Hook Shot,2PT Field Goal,2,2,POST_MOVES
Anthony Mason,193,Running Jump Shot,2PT Field Goal,1,1,JUMP_SHOTS
Anthony Mason,193,Running Layup Shot,2PT Field Goal,1,1,LAYUPS
Anthony Mason,193,Tip Shot,2PT Field Goal,5,1,SPECIALTY_SHOTS
Anthony Mason,193,Turnaround Hook Shot,2PT Field Goal,2,1,POST_MOVES
Anthony Mason,193,Turnaround Jump Shot,2PT Field Goal,4,2,JUMP_SHOTS
Antonio Daniels,1498,Driving Finger Roll Shot,2PT Field Goal,1,1,LAYUPS
Antonio Daniels,1498,Driving Layup Shot,2PT Field Goal,2,1,LAYUPS
Antonio Daniels,1498,Dunk Shot,2PT Field Goal,1,1,DUNKS
Antonio Daniels,1498,Jump Shot,2PT Field Goal,12,6,JUMP_SHOTS
Antonio Daniels,1498,Jump Shot,3PT Field Goal,8,0,JUMP_SHOTS
Antonio Daniels,1498,Layup Shot,2PT Field Goal,5,3,LAYUPS
Antonio Daniels,1498,Reverse Layup Shot,2PT Field Goal,1,1,LAYUPS
Antonio Daniels,1498,Running Jump Shot,2PT Field Goal,5,4,JUMP_SHOTS
Antonio Daniels,1498,Slam Dunk Shot,2PT Field Goal,1,1,DUNKS
Antonio Harvey,176,Jump Shot,2PT Field Goal,1,0,JUMP_SHOTS
Art Long,1609,Driving Dunk Shot,2PT Field Goal,1,1,DUNKS
Art Long,1609,Driving Layup Shot,2PT Field Goal,1,1,LAYUPS
Art Long,1609,Hook Shot,2PT Field Goal,8,2,POST_MOVES
Art Long,1609,Jump Shot,2PT Field Goal,15,3,JUMP_SHOTS
Art Long,1609,Layup Shot,2PT Field Goal,6,2,LAYUPS
Art Long,1609,Running Jump Shot,2PT Field Goal,1,1,JUMP_SHOTS
Art Long,1609,Running Layup Shot,2PT Field Goal,1,1,LAYUPS
Art Long,1609,Slam Dunk Shot,2PT Field Goal,1,1,DUNKS
Art Long,1609,Tip Shot,2PT Field Goal,5,2,SPECIALTY_SHOTS
Austin Croshere,1506,Driving Dunk Shot,2PT Field Goal,1,1,DUNKS
Austin Croshere,1506,Driving Layup Shot,2PT Field Goal,7,6,LAYUPS
Austin Croshere,1506,Dunk Shot,2PT Field Goal,2,1,DUNKS
Austin Croshere,1506,Fadeaway Jump Shot,2PT Field Goal,1,1,JUMP_SHOTS
Austin Croshere,1506,Follow Up Dunk Shot,2PT Field Goal,1,1,DUNKS
Austin Croshere,1506,Hook Shot,2PT Field Goal,2,0,POST_MOVES
Austin Croshere,1506,Jump Shot,2PT Field Goal,58,18,JUMP_SHOTS
Austin Croshere,1506,Jump Shot,3PT Field Goal,49,15,JUMP_SHOTS
Austin Croshere,1506,Layup Shot,2PT Field Goal,24,9,LAYUPS
Austin Croshere,1506,Reverse Layup Shot,2PT Field Goal,1,1,LAYUPS
Austin Croshere,1506,Slam Dunk Shot,2PT Field Goal,3,3,DUNKS
Austin Croshere,1506,Tip Shot,2PT Field Goal,2,2,SPECIALTY_SHOTS
Austin Croshere,1506,Turnaround Jump Shot,2PT Field Goal,1,1,JUMP_SHOTS
Baron Davis,1884,Driving Dunk Shot,2PT Field Goal,1,1,DUNKS
Baron Davis,1884,Driving Layup Shot,2PT Field Goal,3,2,LAYUPS
Baron Davis,1884,Dunk Shot,2PT Field Goal,2,1,DUNKS
Baron Davis,1884,Jump Shot,2PT Field Goal,13,8,JUMP_SHOTS
Baron Davis,1884,Jump Shot,3PT Field Goal,22,10,JUMP_SHOTS
Baron Davis,1884,Layup Shot,2PT Field Goal,9,3,LAYUPS
Baron Davis,1884,Reverse Layup Shot,2PT Field Goal,1,1,LAYUPS
Ben Wallace,1112,Alley Oop Dunk Shot,2PT Field Goal,6,6,DUNKS
Ben Wallace,1112,Driving Dunk Shot,2PT Field Goal,1,1,DUNKS
Ben Wallace,1112,Driving Layup Shot,2PT Field Goal,5,4,LAYUPS
Ben Wallace,1112,Dunk Shot,2PT Field Goal,24,21,DUNKS
Ben Wallace,1112,Fadeaway Jump Shot,2PT Field Goal,1,1,JUMP_SHOTS
Ben Wallace,1112,Follow Up Dunk Shot,2PT Field Goal,2,2,DUNKS
Ben Wallace,1112,Hook Shot,2PT Field Goal,16,8,POST_MOVES
Ben Wallace,1112,Jump Shot,2PT Field Goal,33,8,JUMP_SHOTS
Ben Wallace,1112,Jump Shot,3PT Field Goal,1,0,JUMP_SHOTS
Ben Wallace,1112,Layup Shot,2PT Field Goal,48,19,LAYUPS
Ben Wallace,1112,Reverse Layup Shot,2PT Field Goal,2,1,LAYUPS
Ben Wallace,1112,Running Layup Shot,2PT Field Goal,1,1,LAYUPS
Ben Wallace,1112,Slam Dunk Shot,2PT Field Goal,8,8,DUNKS
Ben Wallace,1112,Tip Shot,2PT Field Goal,17,9,SPECIALTY_SHOTS
Ben Wallace,1112,Turnaround Jump Shot,2PT Field Goal,1,1,JUMP_SHOTS
Bo Outlaw,448,Reverse Layup Shot,2PT Field Goal,1,1,LAYUPS
Bobby Jackson,1517,Alley Oop Layup shot,2PT Field Goal,1,0,LAYUPS
Bobby Jackson,1517,Jump Shot,3PT Field Goal,2,0,JUMP_SHOTS
Bobby Jackson,1517,Tip Shot,2PT Field Goal,1,1,SPECIALTY_SHOTS
Bobby Simmons,2250,Dunk Shot,2PT Field Goal,1,1,DUNKS
Bobby Simmons,2250,Jump Shot,2PT Field Goal,1,0,JUMP_SHOTS
Bobby Simmons,2250,Layup Shot,2PT Field Goal,1,1,LAYUPS
Bonzi Wells,1719,Alley Oop Dunk Shot,2PT Field Goal,4,4,DUNKS
Bonzi Wells,1719,Alley Oop Layup shot,2PT Field Goal,4,1,LAYUPS
Bonzi Wells,1719,Driving Dunk Shot,2PT Field Goal,14,14,DUNKS
Bonzi Wells,1719,Driving Layup Shot,2PT Field Goal,44,29,LAYUPS
Bonzi Wells,1719,Dunk Shot,2PT Field Goal,9,8,DUNKS
Bonzi Wells,1719,Fadeaway Jump Shot,2PT Field Goal,8,6,JUMP_SHOTS
Bonzi Wells,1719,Finger Roll Shot,2PT Field Goal,1,1,LAYUPS
Bonzi Wells,1719,Jump Hook Shot,2PT Field Goal,1,1,POST_MOVES
Bonzi Wells,1719,Jump Shot,2PT Field Goal,246,88,JUMP_SHOTS
Bonzi Wells,1719,Jump Shot,3PT Field Goal,89,36,JUMP_SHOTS
Bonzi Wells,1719,Layup Shot,2PT Field Goal,89,52,LAYUPS
Bonzi Wells,1719,Reverse Layup Shot,2PT Field Goal,16,6,LAYUPS
Bonzi Wells,1719,Running Hook Shot,2PT Field Goal,1,0,POST_MOVES
Bonzi Wells,1719,Running Jump Shot,2PT Field Goal,8,7,JUMP_SHOTS
Bonzi Wells,1719,Slam Dunk Shot,2PT Field Goal,8,8,DUNKS
Bonzi Wells,1719,Tip Shot,2PT Field Goal,8,1,SPECIALTY_SHOTS
Bonzi Wells,1719,Turnaround Jump Shot,2PT Field Goal,23,7,JUMP_SHOTS
Brad Miller,1802,Driving Layup Shot,2PT Field Goal,4,3,LAYUPS
Brad Miller,1802,Dunk Shot,2PT Field Goal,3,3,DUNKS
Brad Miller,1802,Follow Up Dunk Shot,2PT Field Goal,1,1,DUNKS
Brad Miller,1802,Hook Shot,2PT Field Goal,2,1,POST_MOVES
Brad Miller,1802,Jump Shot,2PT Field Goal,60,26,JUMP_SHOTS
Brad Miller,1802,Jump Shot,3PT Field Goal,1,0,JUMP_SHOTS
Brad Miller,1802,Layup Shot,2PT Field Goal,42,28,LAYUPS
Brad Miller,1802,Reverse Layup Shot,2PT Field Goal,1,1,LAYUPS
Brad Miller,1802,Running Layup Shot,2PT Field Goal,1,1,LAYUPS
Brad Miller,1802,Slam Dunk Shot,2PT Field Goal,1,1,DUNKS
Brad Miller,1802,Tip Shot,2PT Field Goal,1,1,SPECIALTY_SHOTS
Brad Miller,1802,Turnaround Jump Shot,2PT Field Goal,2,1,JUMP_SHOTS
Brendan Haywood,2217,Jump Shot,2PT Field Goal,2,0,JUMP_SHOTS
Brendan Haywood,2217,Layup Shot,2PT Field Goal,1,0,LAYUPS
Brendan Haywood,2217,Tip Shot,2PT Field Goal,2,2,SPECIALTY_SHOTS
Brevin Knight,1510,Driving Layup Shot,2PT Field Goal,10,6,LAYUPS
Brevin Knight,1510,Fadeaway Jump Shot,2PT Field Goal,1,1,JUMP_SHOTS
Brevin Knight,1510,Jump Shot,2PT Field Goal,101,45,JUMP_SHOTS
Brevin Knight,1510,Jump Shot,3PT Field Goal,7,2,JUMP_SHOTS
Brevin Knight,1510,Layup Shot,2PT Field Goal,16,4,LAYUPS
Brevin Knight,1510,Running Jump Shot,2PT Field Goal,2,2,JUMP_SHOTS
Brevin Knight,1510,Running Layup Shot,2PT Field Goal,1,0,LAYUPS
Brian Grant,258,Layup Shot,2PT Field Goal,2,1,LAYUPS
Brian Shaw,216,Jump Shot,2PT Field Goal,2,0,JUMP_SHOTS
Brian Shaw,216,Jump Shot,3PT Field Goal,2,0,JUMP_SHOTS
Brian Skinner,1730,Hook Shot,2PT Field Goal,2,0,POST_MOVES
Brian Skinner,1730,Jump Shot,2PT Field Goal,5,1,JUMP_SHOTS
Brian Skinner,1730,Layup Shot,2PT Field Goal,4,2,LAYUPS
Brian Skinner,1730,Slam Dunk Shot,2PT Field Goal,2,1,DUNKS
Brian Skinner,1730,Tip Shot,2PT Field Goal,1,1,SPECIALTY_SHOTS
Bruce Bowen,1477,Driving Layup Shot,2PT Field Goal,5,4,LAYUPS
Bruce Bowen,1477,Hook Shot,2PT Field Goal,1,0,POST_MOVES
Bruce Bowen,1477,Jump Shot,2PT Field Goal,26,8,JUMP_SHOTS
Bruce Bowen,1477,Jump Shot,3PT Field Goal,26,6,JUMP_SHOTS
Bruce Bowen,1477,Layup Shot,2PT Field Goal,13,8,LAYUPS
Bruce Bowen,1477,Running Jump Shot,2PT Field Goal,6,3,JUMP_SHOTS
Bruce Bowen,1477,Tip Shot,2PT Field Goal,1,0,SPECIALTY_SHOTS
Bruno Sundov,1743,Jump Shot,2PT Field Goal,2,0,JUMP_SHOTS
Bruno Sundov,1743,Layup Shot,2PT Field Goal,1,0,LAYUPS
Bruno Sundov,1743,Reverse Layup Shot,2PT Field Goal,1,0,LAYUPS
Bryant Stith,179,Driving Layup Shot,2PT Field Goal,1,1,LAYUPS
Bryant Stith,179,Jump Shot,2PT Field Goal,7,3,JUMP_SHOTS
Bryant Stith,179,Jump Shot,3PT Field Goal,7,2,JUMP_SHOTS
Bryant Stith,179,Layup Shot,2PT Field Goal,2,0,LAYUPS
Bryant Stith,179,Running Jump Shot,2PT Field Goal,1,1,JUMP_SHOTS
Bryce Drew,1724,Jump Shot,2PT Field Goal,13,4,JUMP_SHOTS
Bryce Drew,1724,Jump Shot,3PT Field Goal,8,1,JUMP_SHOTS
Bryce Drew,1724,Layup Shot,2PT Field Goal,2,1,LAYUPS
Cal Bowdler,1898,Jump Shot,2PT Field Goal,1,0,JUMP_SHOTS
Cal Bowdler,1898,Jump Shot,3PT Field Goal,1,0,JUMP_SHOTS
Calbert Cheaney,384,Driving Layup Shot,2PT Field Goal,2,1,LAYUPS
Calbert Cheaney,384,Dunk Shot,2PT Field Goal,3,2,DUNKS
Calbert Cheaney,384,Fadeaway Jump Shot,2PT Field Goal,1,1,JUMP_SHOTS
Calbert Cheaney,384,Jump Shot,2PT Field Goal,13,2,JUMP_SHOTS
Calbert Cheaney,384,Layup Shot,2PT Field Goal,8,6,LAYUPS
Calbert Cheaney,384,Running Jump Shot,2PT Field Goal,3,3,JUMP_SHOTS
Calvin Booth,1916,Layup Shot,2PT Field Goal,1,0,LAYUPS
Carlos Arroyo,2306,Driving Layup Shot,2PT Field Goal,1,0,LAYUPS
Carlos Arroyo,2306,Jump Shot,2PT Field Goal,2,1,JUMP_SHOTS
Carlos Arroyo,2306,Layup Shot,2PT Field Goal,2,1,LAYUPS
Charles Smith,1520,Jump Shot,2PT Field Goal,1,1,JUMP_SHOTS
Charles Smith,1520,Jump Shot,3PT Field Goal,1,0,JUMP_SHOTS
Charlie Bell,2294,Jump Shot,2PT Field Goal,1,1,JUMP_SHOTS
Charlie Bell,2294,Jump Shot,3PT Field Goal,1,0,JUMP_SHOTS
Chauncey Billups,1497,Driving Layup Shot,2PT Field Goal,13,12,LAYUPS
Chauncey Billups,1497,Dunk Shot,2PT Field Goal,1,1,DUNKS
Chauncey Billups,1497,Jump Shot,2PT Field Goal,50,15,JUMP_SHOTS
Chauncey Billups,1497,Jump Shot,3PT Field Goal,53,24,JUMP_SHOTS
Chauncey Billups,1497,Layup Shot,2PT Field Goal,10,2,LAYUPS
Chauncey Billups,1497,Running Jump Shot,2PT Field Goal,10,8,JUMP_SHOTS
Chauncey Billups,1497,Running Layup Shot,2PT Field Goal,1,1,LAYUPS
Chauncey Billups,1497,Turnaround Jump Shot,3PT Field Goal,1,1,JUMP_SHOTS
Chris Andersen,2365,Jump Shot,2PT Field Goal,1,0,JUMP_SHOTS
Chris Mills,168,Fadeaway Jump Shot,2PT Field Goal,1,1,JUMP_SHOTS
Chris Mills,168,Hook Shot,2PT Field Goal,1,1,POST_MOVES
Chris Mills,168,Jump Shot,2PT Field Goal,13,6,JUMP_SHOTS
Chris Mills,168,Jump Shot,3PT Field Goal,10,3,JUMP_SHOTS
Chris Mills,168,Layup Shot,2PT Field Goal,3,2,LAYUPS
Chris Mills,168,Running Layup Shot,2PT Field Goal,1,1,LAYUPS
Chris Mills,168,Tip Shot,2PT Field Goal,1,0,SPECIALTY_SHOTS
Chris Mills,168,Turnaround Jump Shot,2PT Field Goal,1,1,JUMP_SHOTS
Chucky Atkins,1088,Driving Finger Roll Shot,2PT Field Goal,3,2,LAYUPS
Chucky Atkins,1088,Driving Layup Shot,2PT Field Goal,70,62,LAYUPS
Chucky Atkins,1088,Fadeaway Jump Shot,2PT Field Goal,1,0,JUMP_SHOTS
Chucky Atkins,1088,Finger Roll Shot,2PT Field Goal,1,0,LAYUPS
Chucky Atkins,1088,Jump Shot,2PT Field Goal,214,97,JUMP_SHOTS
Chucky Atkins,1088,Jump Shot,3PT Field Goal,326,136,JUMP_SHOTS
Chucky Atkins,1088,Layup Shot,2PT Field Goal,110,39,LAYUPS
Chucky Atkins,1088,Reverse Layup Shot,2PT Field Goal,3,2,LAYUPS
Chucky Atkins,1088,Running Hook Shot,2PT Field Goal,1,1,POST_MOVES
Chucky Atkins,1088,Running Jump Shot,2PT Field Goal,27,15,JUMP_SHOTS
Chucky Atkins,1088,Running Layup Shot,2PT Field Goal,2,1,LAYUPS
Clar. Weatherspoon,221,Alley Oop Dunk Shot,2PT Field Goal,1,1,DUNKS
Clar. Weatherspoon,221,Driving Layup Shot,2PT Field Goal,2,2,LAYUPS
Clar. Weatherspoon,221,Dunk Shot,2PT Field Goal,6,4,DUNKS
Clar. Weatherspoon,221,Jump Hook Shot,2PT Field Goal,1,0,POST_MOVES
Clar. Weatherspoon,221,Jump Shot,2PT Field Goal,54,18,JUMP_SHOTS
Clar. Weatherspoon,221,Layup Shot,2PT Field Goal,20,8,LAYUPS
Clar. Weatherspoon,221,Reverse Layup Shot,2PT Field Goal,1,1,LAYUPS
Clar. Weatherspoon,221,Slam Dunk Shot,2PT Field Goal,2,1,DUNKS
Clar. Weatherspoon,221,Tip Shot,2PT Field Goal,4,2,SPECIALTY_SHOTS
Clar. Weatherspoon,221,Turnaround Jump Shot,2PT Field Goal,2,2,JUMP_SHOTS
Corey Maggette,1894,Fadeaway Jump Shot,2PT Field Goal,1,0,JUMP_SHOTS
Corey Maggette,1894,Jump Shot,2PT Field Goal,4,2,JUMP_SHOTS
Corey Maggette,1894,Jump Shot,3PT Field Goal,1,0,JUMP_SHOTS
Corey Maggette,1894,Layup Shot,2PT Field Goal,3,2,LAYUPS
Corey Maggette,1894,Tip Shot,2PT Field Goal,1,1,SPECIALTY_SHOTS
Courtney Alexander,2042,Dunk Shot,2PT Field Goal,1,1,DUNKS
Courtney Alexander,2042,Fadeaway Jump Shot,2PT Field Goal,1,1,JUMP_SHOTS
Courtney Alexander,2042,Jump Shot,2PT Field Goal,10,5,JUMP_SHOTS
Courtney Alexander,2042,Layup Shot,2PT Field Goal,2,1,LAYUPS
Courtney Alexander,2042,Slam Dunk Shot,2PT Field Goal,1,1,DUNKS
Cuttino Mobley,1749,Driving Layup Shot,2PT Field Goal,10,9,LAYUPS
Cuttino Mobley,1749,Fadeaway Jump Shot,2PT Field Goal,4,1,JUMP_SHOTS
Cuttino Mobley,1749,Hook Shot,2PT Field Goal,1,0,POST_MOVES
Cuttino Mobley,1749,Jump Shot,2PT Field Goal,34,15,JUMP_SHOTS
Cuttino Mobley,1749,Jump Shot,3PT Field Goal,21,7,JUMP_SHOTS
Cuttino Mobley,1749,Layup Shot,2PT Field Goal,2,1,LAYUPS
Cuttino Mobley,1749,Reverse Layup Shot,2PT Field Goal,1,1,LAYUPS
Cuttino Mobley,1749,Running Jump Shot,2PT Field Goal,2,0,JUMP_SHOTS
Cuttino Mobley,1749,Running Jump Shot,3PT Field Goal,2,0,JUMP_SHOTS
Cuttino Mobley,1749,Turnaround Jump Shot,2PT Field Goal,4,2,JUMP_SHOTS
Damon Jones,1800,Driving Layup Shot,2PT Field Goal,3,3,LAYUPS
Damon Jones,1800,Jump Shot,2PT Field Goal,5,0,JUMP_SHOTS
Damon Jones,1800,Jump Shot,3PT Field Goal,19,9,JUMP_SHOTS
Damon Jones,1800,Layup Shot,2PT Field Goal,1,1,LAYUPS
Dan Majerle,105,Driving Layup Shot,2PT Field Goal,2,1,LAYUPS
Dan Majerle,105,Dunk Shot,2PT Field Goal,1,0,DUNKS
Dan Majerle,105,Finger Roll Shot,2PT Field Goal,1,1,LAYUPS
Dan Majerle,105,Jump Shot,2PT Field Goal,29,8,JUMP_SHOTS
Dan Majerle,105,Jump Shot,3PT Field Goal,214,70,JUMP_SHOTS
Dan Majerle,105,Layup Shot,2PT Field Goal,13,7,LAYUPS
Dan Majerle,105,Reverse Layup Shot,2PT Field Goal,1,0,LAYUPS
Dan Majerle,105,Running Jump Shot,2PT Field Goal,4,3,JUMP_SHOTS
Dana Barros,344,Driving Layup Shot,2PT Field Goal,1,1,LAYUPS
Dana Barros,344,Jump Shot,2PT Field Goal,1,0,JUMP_SHOTS
Danny Fortson,1504,Driving Layup Shot,2PT Field Goal,2,1,LAYUPS
Danny Fortson,1504,Hook Shot,2PT Field Goal,1,1,POST_MOVES
Danny Fortson,1504,Jump Shot,2PT Field Goal,40,9,JUMP_SHOTS
Danny Fortson,1504,Jump Shot,3PT Field Goal,1,0,JUMP_SHOTS
Danny Fortson,1504,Layup Shot,2PT Field Goal,10,6,LAYUPS
Danny Fortson,1504,Reverse Layup Shot,2PT Field Goal,1,0,LAYUPS
Danny Fortson,1504,Running Hook Shot,2PT Field Goal,1,1,POST_MOVES
Danny Fortson,1504,Running Jump Shot,2PT Field Goal,1,1,JUMP_SHOTS
Danny Fortson,1504,Tip Shot,2PT Field Goal,3,1,SPECIALTY_SHOTS
Danny Manning,330,Driving Dunk Shot,2PT Field Goal,1,1,DUNKS
Danny Manning,330,Jump Shot,2PT Field Goal,4,1,JUMP_SHOTS
Danny Manning,330,Jump Shot,3PT Field Goal,1,0,JUMP_SHOTS
Danny Manning,330,Layup Shot,2PT Field Goal,1,1,LAYUPS
Danny Manning,330,Running Jump Shot,2PT Field Goal,1,0,JUMP_SHOTS
Danny Manning,330,Tip Shot,2PT Field Goal,1,1,SPECIALTY_SHOTS
Danny Manning,330,Turnaround Jump Shot,2PT Field Goal,2,1,JUMP_SHOTS
Darius Miles,2032,Jump Shot,2PT Field Goal,1,1,JUMP_SHOTS
Darvin Ham,1032,Alley Oop Dunk Shot,2PT Field Goal,4,4,DUNKS
Darvin Ham,1032,Driving Dunk Shot,2PT Field Goal,3,3,DUNKS
Darvin Ham,1032,Driving Finger Roll Shot,2PT Field Goal,1,0,LAYUPS
Darvin Ham,1032,Driving Layup Shot,2PT Field Goal,8,6,LAYUPS
Darvin Ham,1032,Dunk Shot,2PT Field Goal,23,18,DUNKS
Darvin Ham,1032,Follow Up Dunk Shot,2PT Field Goal,1,1,DUNKS
Darvin Ham,1032,Hook Shot,2PT Field Goal,9,4,POST_MOVES
Darvin Ham,1032,Jump Hook Shot,2PT Field Goal,4,2,POST_MOVES
Darvin Ham,1032,Jump Shot,2PT Field Goal,33,9,JUMP_SHOTS
Darvin Ham,1032,Jump Shot,3PT Field Goal,7,1,JUMP_SHOTS
Darvin Ham,1032,Layup Shot,2PT Field Goal,49,20,LAYUPS
Darvin Ham,1032,Reverse Dunk Shot,2PT Field Goal,6,6,DUNKS
Darvin Ham,1032,Reverse Layup Shot,2PT Field Goal,3,3,LAYUPS
Darvin Ham,1032,Running Jump Shot,2PT Field Goal,1,1,JUMP_SHOTS
Darvin Ham,1032,Running Layup Shot,2PT Field Goal,3,3,LAYUPS
Darvin Ham,1032,Slam Dunk Shot,2PT Field Goal,17,16,DUNKS
Darvin Ham,1032,Tip Shot,2PT Field Goal,4,0,SPECIALTY_SHOTS
David Wesley,133,Driving Layup Shot,2PT Field Goal,16,13,LAYUPS
David Wesley,133,Fadeaway Jump Shot,2PT Field Goal,2,2,JUMP_SHOTS
David Wesley,133,Jump Shot,2PT Field Goal,326,128,JUMP_SHOTS
David Wesley,133,Jump Shot,3PT Field Goal,149,48,JUMP_SHOTS
David Wesley,133,Layup Shot,2PT Field Goal,75,42,LAYUPS
David Wesley,133,Running Jump Shot,2PT Field Goal,7,7,JUMP_SHOTS
David Wesley,133,Tip Shot,2PT Field Goal,1,1,SPECIALTY_SHOTS
David Wesley,133,Turnaround Jump Shot,2PT Field Goal,1,0,JUMP_SHOTS
DeShawn Stevenson,2052,Dunk Shot,2PT Field Goal,1,0,DUNKS
DeShawn Stevenson,2052,Fadeaway Jump Shot,2PT Field Goal,1,0,JUMP_SHOTS
DeShawn Stevenson,2052,Finger Roll Shot,2PT Field Goal,1,1,LAYUPS
DeShawn Stevenson,2052,Jump Shot,2PT Field Goal,15,6,JUMP_SHOTS
DeShawn Stevenson,2052,Jump Shot,3PT Field Goal,2,0,JUMP_SHOTS
DeShawn Stevenson,2052,Layup Shot,2PT Field Goal,6,3,LAYUPS
Dean Garrett,1051,Jump Shot,2PT Field Goal,8,2,JUMP_SHOTS
Dean Garrett,1051,Layup Shot,2PT Field Goal,1,0,LAYUPS
Dean Garrett,1051,Tip Shot,2PT Field Goal,1,0,SPECIALTY_SHOTS
Derek Anderson,1507,Alley Oop Dunk Shot,2PT Field Goal,1,1,DUNKS
Derek Anderson,1507,Driving Dunk Shot,2PT Field Goal,9,8,DUNKS
Derek Anderson,1507,Driving Layup Shot,2PT Field Goal,31,15,LAYUPS
Derek Anderson,1507,Dunk Shot,2PT Field Goal,11,9,DUNKS
Derek Anderson,1507,Fadeaway Jump Shot,2PT Field Goal,7,3,JUMP_SHOTS
Derek Anderson,1507,Finger Roll Shot,2PT Field Goal,1,0,LAYUPS
Derek Anderson,1507,Jump Shot,2PT Field Goal,206,70,JUMP_SHOTS
Derek Anderson,1507,Jump Shot,3PT Field Goal,204,74,JUMP_SHOTS
Derek Anderson,1507,Layup Shot,2PT Field Goal,56,27,LAYUPS
Derek Anderson,1507,Reverse Layup Shot,2PT Field Goal,5,1,LAYUPS
Derek Anderson,1507,Running Jump Shot,2PT Field Goal,10,3,JUMP_SHOTS
Derek Anderson,1507,Running Layup Shot,2PT Field Goal,1,1,LAYUPS
Derek Anderson,1507,Slam Dunk Shot,2PT Field Goal,5,5,DUNKS
Derek Anderson,1507,Tip Shot,2PT Field Goal,3,1,SPECIALTY_SHOTS
Derek Anderson,1507,Turnaround Jump Shot,2PT Field Goal,6,2,JUMP_SHOTS
Desmond Mason,2046,Hook Shot,2PT Field Goal,1,0,POST_MOVES
Desmond Mason,2046,Jump Shot,2PT Field Goal,4,0,JUMP_SHOTS
Desmond Mason,2046,Layup Shot,2PT Field Goal,1,1,LAYUPS
Desmond Mason,2046,Tip Shot,2PT Field Goal,2,2,SPECIALTY_SHOTS
Devean George,1904,Driving Dunk Shot,2PT Field Goal,2,1,DUNKS
Devean George,1904,Driving Layup Shot,2PT Field Goal,5,4,LAYUPS
Devean George,1904,Dunk Shot,2PT Field Goal,4,2,DUNKS
Devean George,1904,Jump Hook Shot,2PT Field Goal,1,1,POST_MOVES
Devean George,1904,Jump Shot,2PT Field Goal,53,17,JUMP_SHOTS
Devean George,1904,Jump Shot,3PT Field Goal,50,20,JUMP_SHOTS
Devean George,1904,Layup Shot,2PT Field Goal,8,2,LAYUPS
Devean George,1904,Reverse Dunk Shot,2PT Field Goal,1,1,DUNKS
Devean George,1904,Running Jump Shot,2PT Field Goal,2,1,JUMP_SHOTS
Devean George,1904,Slam Dunk Shot,2PT Field Goal,4,4,DUNKS
Devean George,1904,Tip Shot,2PT Field Goal,2,0,SPECIALTY_SHOTS
Devean George,1904,Turnaround Jump Shot,2PT Field Goal,1,1,JUMP_SHOTS
Dion Glover,1901,Jump Shot,2PT Field Goal,3,0,JUMP_SHOTS
Dion Glover,1901,Jump Shot,3PT Field Goal,2,1,JUMP_SHOTS
Dion Glover,1901,Layup Shot,2PT Field Goal,2,0,LAYUPS
Dirk Nowitzki,1717,Driving Layup Shot,2PT Field Goal,38,27,LAYUPS
Dirk Nowitzki,1717,Dunk Shot,2PT Field Goal,1,1,DUNKS
Dirk Nowitzki,1717,Fadeaway Jump Shot,2PT Field Goal,5,4,JUMP_SHOTS
Dirk Nowitzki,1717,Finger Roll Shot,2PT Field Goal,1,1,LAYUPS
Dirk Nowitzki,1717,Hook Shot,2PT Field Goal,1,0,POST_MOVES
Dirk Nowitzki,1717,Jump Shot,2PT Field Goal,172,70,JUMP_SHOTS
Dirk Nowitzki,1717,Jump Shot,3PT Field Goal,107,40,JUMP_SHOTS
Dirk Nowitzki,1717,Layup Shot,2PT Field Goal,42,21,LAYUPS
Dirk Nowitzki,1717,Reverse Layup Shot,2PT Field Goal,3,2,LAYUPS
Dirk Nowitzki,1717,Running Jump Shot,2PT Field Goal,4,2,JUMP_SHOTS
Dirk Nowitzki,1717,Slam Dunk Shot,2PT Field Goal,8,8,DUNKS
Dirk Nowitzki,1717,Tip Shot,2PT Field Goal,5,4,SPECIALTY_SHOTS
Dirk Nowitzki,1717,Turnaround Jump Shot,2PT Field Goal,9,5,JUMP_SHOTS
Donnell Harvey,2051,Alley Oop Dunk Shot,2PT Field Goal,1,1,DUNKS
Donnell Harvey,2051,Driving Dunk Shot,2PT Field Goal,1,1,DUNKS
Donnell Harvey,2051,Driving Layup Shot,2PT Field Goal,2,1,LAYUPS
Donnell Harvey,2051,Dunk Shot,2PT Field Goal,3,2,DUNKS
Donnell Harvey,2051,Follow Up Dunk Shot,2PT Field Goal,1,1,DUNKS
Donnell Harvey,2051,Hook Shot,2PT Field Goal,2,2,POST_MOVES
Donnell Harvey,2051,Jump Shot,2PT Field Goal,10,3,JUMP_SHOTS
Donnell Harvey,2051,Layup Shot,2PT Field Goal,10,2,LAYUPS
Donnell Harvey,2051,Running Jump Shot,2PT Field Goal,1,1,JUMP_SHOTS
Donnell Harvey,2051,Running Layup Shot,2PT Field Goal,1,1,LAYUPS
Donnell Harvey,2051,Slam Dunk Shot,2PT Field Goal,5,5,DUNKS
Donnell Harvey,2051,Tip Shot,2PT Field Goal,1,1,SPECIALTY_SHOTS
Donnell Harvey,2051,Turnaround Jump Shot,2PT Field Goal,1,0,JUMP_SHOTS
Earl Boykins,1863,Driving Layup Shot,2PT Field Goal,2,2,LAYUPS
Earl Boykins,1863,Fadeaway Jump Shot,2PT Field Goal,2,2,JUMP_SHOTS
Earl Boykins,1863,Jump Shot,2PT Field Goal,26,9,JUMP_SHOTS
Earl Boykins,1863,Jump Shot,3PT Field Goal,13,4,JUMP_SHOTS
Earl Boykins,1863,Layup Shot,2PT Field Goal,3,0,LAYUPS
Earl Boykins,1863,Reverse Layup Shot,2PT Field Goal,1,1,LAYUPS
Earl Boykins,1863,Running Jump Shot,2PT Field Goal,6,5,JUMP_SHOTS
Eddie Gill,2109,Driving Layup Shot,2PT Field Goal,1,1,LAYUPS
Eddie Gill,2109,Jump Shot,2PT Field Goal,8,3,JUMP_SHOTS
Eddie Gill,2109,Jump Shot,3PT Field Goal,3,2,JUMP_SHOTS
Eddie House,2067,Jump Shot,2PT Field Goal,32,13,JUMP_SHOTS
Eddie House,2067,Jump Shot,3PT Field Goal,21,6,JUMP_SHOTS
Eddie House,2067,Layup Shot,2PT Field Goal,2,1,LAYUPS
Eddie House,2067,Running Jump Shot,2PT Field Goal,4,1,JUMP_SHOTS
Eddie Jones,224,Driving Dunk Shot,2PT Field Goal,1,1,DUNKS
Eddie Jones,224,Driving Layup Shot,2PT Field Goal,10,7,LAYUPS
Eddie Jones,224,Dunk Shot,2PT Field Goal,1,1,DUNKS
Eddie Jones,224,Fadeaway Jump Shot,2PT Field Goal,8,6,JUMP_SHOTS
Eddie Jones,224,Jump Shot,2PT Field Goal,63,19,JUMP_SHOTS
Eddie Jones,224,Jump Shot,3PT Field Goal,49,14,JUMP_SHOTS
Eddie Jones,224,Layup Shot,2PT Field Goal,14,10,LAYUPS
Eddie Jones,224,Reverse Layup Shot,2PT Field Goal,7,6,LAYUPS
Eddie Jones,224,Running Jump Shot,2PT Field Goal,6,4,JUMP_SHOTS
Eddie Jones,224,Running Layup Shot,2PT Field Goal,1,1,LAYUPS
Eddie Jones,224,Slam Dunk Shot,2PT Field Goal,1,1,DUNKS
Eddie Jones,224,Tip Shot,2PT Field Goal,1,0,SPECIALTY_SHOTS
Eddie Jones,224,Turnaround Jump Shot,2PT Field Goal,1,0,JUMP_SHOTS
Eddie Robinson,1944,Driving Layup Shot,2PT Field Goal,1,1,LAYUPS
Eddie Robinson,1944,Jump Shot,2PT Field Goal,7,1,JUMP_SHOTS
Eduardo Najera,2059,Jump Shot,2PT Field Goal,1,0,JUMP_SHOTS
Eduardo Najera,2059,Layup Shot,2PT Field Goal,1,1,LAYUPS
Eduardo Najera,2059,Running Jump Shot,2PT Field Goal,1,0,JUMP_SHOTS
Eduardo Najera,2059,Slam Dunk Shot,2PT Field Goal,2,2,DUNKS
Eduardo Najera,2059,Tip Shot,2PT Field Goal,1,0,SPECIALTY_SHOTS
Elton Brand,1882,Driving Dunk Shot,2PT Field Goal,1,1,DUNKS
Elton Brand,1882,Driving Layup Shot,2PT Field Goal,2,1,LAYUPS
Elton Brand,1882,Dunk Shot,2PT Field Goal,4,4,DUNKS
Elton Brand,1882,Hook Shot,2PT Field Goal,3,2,POST_MOVES
Elton Brand,1882,Jump Shot,2PT Field Goal,20,6,JUMP_SHOTS
Elton Brand,1882,Layup Shot,2PT Field Goal,9,4,LAYUPS
Elton Brand,1882,Reverse Layup Shot,2PT Field Goal,1,0,LAYUPS
Elton Brand,1882,Running Jump Shot,2PT Field Goal,1,1,JUMP_SHOTS
Elton Brand,1882,Slam Dunk Shot,2PT Field Goal,2,2,DUNKS
Elton Brand,1882,Tip Shot,2PT Field Goal,2,1,SPECIALTY_SHOTS
Elton Brand,1882,Turnaround Hook Shot,2PT Field Goal,1,1,POST_MOVES
Elton Brand,1882,Turnaround Jump Shot,2PT Field Goal,1,1,JUMP_SHOTS
Emanual Davis,1023,Driving Layup Shot,2PT Field Goal,3,3,LAYUPS
Emanual Davis,1023,Jump Shot,2PT Field Goal,42,12,JUMP_SHOTS
Emanual Davis,1023,Jump Shot,3PT Field Goal,42,13,JUMP_SHOTS
Emanual Davis,1023,Layup Shot,2PT Field Goal,14,4,LAYUPS
Emanual Davis,1023,Running Jump Shot,2PT Field Goal,1,1,JUMP_SHOTS
Emanual Davis,1023,Running Layup Shot,2PT Field Goal,1,1,LAYUPS
Emanual Davis,1023,Slam Dunk Shot,2PT Field Goal,1,0,DUNKS
Emanual Davis,1023,Tip Shot,2PT Field Goal,1,0,SPECIALTY_SHOTS
Eric Piatkowski,15,Driving Layup Shot,2PT Field Goal,9,5,LAYUPS
Eric Piatkowski,15,Dunk Shot,2PT Field Goal,1,1,DUNKS
Eric Piatkowski,15,Jump Shot,2PT Field Goal,36,9,JUMP_SHOTS
Eric Piatkowski,15,Jump Shot,3PT Field Goal,87,37,JUMP_SHOTS
Eric Piatkowski,15,Layup Shot,2PT Field Goal,13,6,LAYUPS
Eric Piatkowski,15,Running Jump Shot,2PT Field Goal,8,4,JUMP_SHOTS
Eric Piatkowski,15,Running Layup Shot,2PT Field Goal,1,0,LAYUPS
Eric Williams,677,Jump Shot,2PT Field Goal,4,1,JUMP_SHOTS
Eric Williams,677,Layup Shot,2PT Field Goal,2,1,LAYUPS
Erick Barkley,2057,Jump Shot,2PT Field Goal,3,1,JUMP_SHOTS
Erick Barkley,2057,Jump Shot,3PT Field Goal,4,1,JUMP_SHOTS
Erick Barkley,2057,Layup Shot,2PT Field Goal,1,0,LAYUPS
Erick Barkley,2057,Running Jump Shot,2PT Field Goal,1,0,JUMP_SHOTS
Erick Strickland,1065,Driving Dunk Shot,2PT Field Goal,1,0,DUNKS
Erick Strickland,1065,Driving Layup Shot,2PT Field Goal,30,25,LAYUPS
Erick Strickland,1065,Jump Shot,2PT Field Goal,102,33,JUMP_SHOTS
Erick Strickland,1065,Jump Shot,3PT Field Goal,197,76,JUMP_SHOTS
Erick Strickland,1065,Layup Shot,2PT Field Goal,43,12,LAYUPS
Erick Strickland,1065,Reverse Layup Shot,2PT Field Goal,2,2,LAYUPS
Erick Strickland,1065,Running Jump Shot,2PT Field Goal,3,2,JUMP_SHOTS
Erick Strickland,1065,Running Layup Shot,2PT Field Goal,1,0,LAYUPS
Ernest Brown,2081,Hook Shot,2PT Field Goal,2,1,POST_MOVES
Evan Eschmeyer,1915,Dunk Shot,2PT Field Goal,1,1,DUNKS
Evan Eschmeyer,1915,Hook Shot,2PT Field Goal,1,0,POST_MOVES
Evan Eschmeyer,1915,Layup Shot,2PT Field Goal,6,2,LAYUPS
Evan Eschmeyer,1915,Reverse Layup Shot,2PT Field Goal,1,0,LAYUPS
Evan Eschmeyer,1915,Slam Dunk Shot,2PT Field Goal,1,1,DUNKS
Felipe Lopez,1732,Driving Layup Shot,2PT Field Goal,1,1,LAYUPS
Felipe Lopez,1732,Jump Shot,3PT Field Goal,1,1,JUMP_SHOTS
Felipe Lopez,1732,Layup Shot,2PT Field Goal,2,1,LAYUPS
Grant Hill,255,Driving Layup Shot,2PT Field Goal,1,1,LAYUPS
Grant Hill,255,Jump Shot,2PT Field Goal,1,0,JUMP_SHOTS
Grant Hill,255,Layup Shot,2PT Field Goal,1,1,LAYUPS
Greg Buckner,1761,Driving Hook Shot,2PT Field Goal,1,1,POST_MOVES
Greg Buckner,1761,Driving Layup Shot,2PT Field Goal,4,4,LAYUPS
Greg Buckner,1761,Jump Shot,2PT Field Goal,8,3,JUMP_SHOTS
Greg Buckner,1761,Jump Shot,3PT Field Goal,3,3,JUMP_SHOTS
Ike Austin,1134,Driving Layup Shot,2PT Field Goal,2,1,LAYUPS
Ike Austin,1134,Jump Shot,2PT Field Goal,36,19,JUMP_SHOTS
Ike Austin,1134,Jump Shot,3PT Field Goal,3,0,JUMP_SHOTS
Ike Austin,1134,Layup Shot,2PT Field Goal,3,0,LAYUPS
Jacque Vaughn,1521,Driving Layup Shot,2PT Field Goal,10,10,LAYUPS
Jacque Vaughn,1521,Jump Shot,2PT Field Goal,71,29,JUMP_SHOTS
Jacque Vaughn,1521,Jump Shot,3PT Field Goal,22,8,JUMP_SHOTS
Jacque Vaughn,1521,Layup Shot,2PT Field Goal,29,13,LAYUPS
Jacque Vaughn,1521,Reverse Layup Shot,2PT Field Goal,1,1,LAYUPS
Jacque Vaughn,1521,Running Hook Shot,2PT Field Goal,1,1,POST_MOVES
Jacque Vaughn,1521,Running Jump Shot,2PT Field Goal,3,1,JUMP_SHOTS
Jacque Vaughn,1521,Running Layup Shot,2PT Field Goal,1,1,LAYUPS
Jacque Vaughn,1521,Tip Shot,2PT Field Goal,1,1,SPECIALTY_SHOTS
Jacque Vaughn,1521,Turnaround Jump Shot,2PT Field Goal,2,2,JUMP_SHOTS
Jahidi White,1751,Driving Dunk Shot,2PT Field Goal,2,2,DUNKS
Jahidi White,1751,Dunk Shot,2PT Field Goal,13,12,DUNKS
Jahidi White,1751,Follow Up Dunk Shot,2PT Field Goal,2,2,DUNKS
Jahidi White,1751,Hook Shot,2PT Field Goal,5,3,POST_MOVES
Jahidi White,1751,Jump Hook Shot,2PT Field Goal,1,1,POST_MOVES
Jahidi White,1751,Jump Shot,2PT Field Goal,9,1,JUMP_SHOTS
Jahidi White,1751,Layup Shot,2PT Field Goal,33,13,LAYUPS
Jahidi White,1751,Reverse Dunk Shot,2PT Field Goal,1,1,DUNKS
Jahidi White,1751,Reverse Layup Shot,2PT Field Goal,3,3,LAYUPS
Jahidi White,1751,Slam Dunk Shot,2PT Field Goal,19,19,DUNKS
Jahidi White,1751,Tip Shot,2PT Field Goal,3,1,SPECIALTY_SHOTS
Jahidi White,1751,Turnaround Jump Shot,2PT Field Goal,1,0,JUMP_SHOTS
Jake Tsakalidis,2054,Dunk Shot,2PT Field Goal,3,3,DUNKS
Jake Tsakalidis,2054,Hook Shot,2PT Field Goal,1,1,POST_MOVES
Jake Tsakalidis,2054,Jump Hook Shot,2PT Field Goal,2,1,POST_MOVES
Jake Tsakalidis,2054,Jump Shot,2PT Field Goal,3,1,JUMP_SHOTS
Jake Tsakalidis,2054,Layup Shot,2PT Field Goal,2,2,LAYUPS
Jake Tsakalidis,2054,Tip Shot,2PT Field Goal,1,1,SPECIALTY_SHOTS
Jake Voskuhl,2063,Dunk Shot,2PT Field Goal,1,1,DUNKS
Jake Voskuhl,2063,Jump Shot,2PT Field Goal,3,0,JUMP_SHOTS
Jake Voskuhl,2063,Layup Shot,2PT Field Goal,3,1,LAYUPS
Jake Voskuhl,2063,Tip Shot,2PT Field Goal,2,2,SPECIALTY_SHOTS
Jalen Rose,147,Alley Oop Layup shot,2PT Field Goal,1,1,LAYUPS
Jalen Rose,147,Driving Dunk Shot,2PT Field Goal,3,3,DUNKS
Jalen Rose,147,Driving Finger Roll Shot,2PT Field Goal,2,1,LAYUPS
Jalen Rose,147,Driving Layup Shot,2PT Field Goal,20,16,LAYUPS
Jalen Rose,147,Dunk Shot,2PT Field Goal,5,3,DUNKS
Jalen Rose,147,Fadeaway Jump Shot,2PT Field Goal,8,6,JUMP_SHOTS
Jalen Rose,147,Finger Roll Shot,2PT Field Goal,3,3,LAYUPS
Jalen Rose,147,Hook Shot,2PT Field Goal,3,2,POST_MOVES
Jalen Rose,147,Jump Hook Shot,2PT Field Goal,3,3,POST_MOVES
Jalen Rose,147,Jump Shot,2PT Field Goal,414,166,JUMP_SHOTS
Jalen Rose,147,Jump Shot,3PT Field Goal,117,38,JUMP_SHOTS
Jalen Rose,147,Layup Shot,2PT Field Goal,48,25,LAYUPS
Jalen Rose,147,Reverse Layup Shot,2PT Field Goal,3,2,LAYUPS
Jalen Rose,147,Running Jump Shot,2PT Field Goal,12,8,JUMP_SHOTS
Jalen Rose,147,Running Layup Shot,2PT Field Goal,1,1,LAYUPS
Jalen Rose,147,Slam Dunk Shot,2PT Field Goal,3,3,DUNKS
Jalen Rose,147,Tip Shot,2PT Field Goal,3,1,SPECIALTY_SHOTS
Jalen Rose,147,Turnaround Jump Shot,2PT Field Goal,16,14,JUMP_SHOTS
Jamal Crawford,2037,Jump Shot,2PT Field Goal,5,3,JUMP_SHOTS
Jamal Crawford,2037,Jump Shot,3PT Field Goal,2,0,JUMP_SHOTS
Jamal Crawford,2037,Layup Shot,2PT Field Goal,1,0,LAYUPS
Jamal Crawford,2037,Running Jump Shot,2PT Field Goal,1,1,JUMP_SHOTS
James Posey,1899,Alley Oop Dunk Shot,2PT Field Goal,1,1,DUNKS
James Posey,1899,Driving Dunk Shot,2PT Field Goal,2,2,DUNKS
James Posey,1899,Driving Layup Shot,2PT Field Goal,1,0,LAYUPS
James Posey,1899,Dunk Shot,2PT Field Goal,5,2,DUNKS
James Posey,1899,Fadeaway Jump Shot,2PT Field Goal,1,0,JUMP_SHOTS
James Posey,1899,Jump Shot,2PT Field Goal,25,8,JUMP_SHOTS
James Posey,1899,Jump Shot,3PT Field Goal,31,11,JUMP_SHOTS
James Posey,1899,Layup Shot,2PT Field Goal,10,6,LAYUPS
James Posey,1899,Reverse Layup Shot,2PT Field Goal,4,2,LAYUPS
James Posey,1899,Running Jump Shot,2PT Field Goal,1,0,JUMP_SHOTS
James Posey,1899,Slam Dunk Shot,2PT Field Goal,2,2,DUNKS
James Posey,1899,Turnaround Jump Shot,2PT Field Goal,3,3,JUMP_SHOTS
Jaren Jackson,1114,Jump Shot,2PT Field Goal,14,7,JUMP_SHOTS
Jaren Jackson,1114,Jump Shot,3PT Field Goal,17,7,JUMP_SHOTS
Jaren Jackson,1114,Layup Shot,2PT Field Goal,1,1,LAYUPS
Jaren Jackson,1114,Turnaround Jump Shot,2PT Field Goal,1,0,JUMP_SHOTS
Jarron Collins,2260,Dunk Shot,2PT Field Goal,1,1,DUNKS
Jarron Collins,2260,Layup Shot,2PT Field Goal,3,2,LAYUPS
Jason Collier,2044,Jump Hook Shot,2PT Field Goal,1,0,POST_MOVES
Jason Collier,2044,Jump Shot,2PT Field Goal,8,5,JUMP_SHOTS
Jason Collier,2044,Layup Shot,2PT Field Goal,3,1,LAYUPS
Jason Terry,1891,Driving Finger Roll Shot,2PT Field Goal,1,1,LAYUPS
Jason Terry,1891,Driving Layup Shot,2PT Field Goal,8,7,LAYUPS
Jason Terry,1891,Dunk Shot,2PT Field Goal,1,0,DUNKS
Jason Terry,1891,Fadeaway Jump Shot,2PT Field Goal,1,1,JUMP_SHOTS
Jason Terry,1891,Jump Shot,2PT Field Goal,30,11,JUMP_SHOTS
Jason Terry,1891,Jump Shot,3PT Field Goal,34,12,JUMP_SHOTS
Jason Terry,1891,Layup Shot,2PT Field Goal,14,5,LAYUPS
Jason Terry,1891,Running Dunk Shot,2PT Field Goal,1,1,DUNKS
Jason Terry,1891,Running Layup Shot,2PT Field Goal,1,1,LAYUPS
Jason Williams,1715,Driving Layup Shot,2PT Field Goal,13,10,LAYUPS
Jason Williams,1715,Fadeaway Jump Shot,2PT Field Goal,1,0,JUMP_SHOTS
Jason Williams,1715,Jump Shot,2PT Field Goal,106,41,JUMP_SHOTS
Jason Williams,1715,Jump Shot,3PT Field Goal,119,34,JUMP_SHOTS
Jason Williams,1715,Layup Shot,2PT Field Goal,18,6,LAYUPS
Jason Williams,1715,Running Jump Shot,2PT Field Goal,10,5,JUMP_SHOTS
Jason Williams,1715,Running Layup Shot,2PT Field Goal,1,1,LAYUPS
Jason Williams,1715,Tip Shot,2PT Field Goal,1,0,SPECIALTY_SHOTS
Jason Williams,1715,Turnaround Jump Shot,2PT Field Goal,1,1,JUMP_SHOTS
Jelani McCoy,1741,Jump Shot,2PT Field Goal,1,0,JUMP_SHOTS
Jelani McCoy,1741,Layup Shot,2PT Field Goal,2,1,LAYUPS
Jelani McCoy,1741,Turnaround Jump Shot,2PT Field Goal,1,1,JUMP_SHOTS
Jerome James,1744,Dunk Shot,2PT Field Goal,2,1,DUNKS
Jerome James,1744,Hook Shot,2PT Field Goal,1,0,POST_MOVES
Jerome James,1744,Jump Shot,2PT Field Goal,3,0,JUMP_SHOTS
Jerome James,1744,Layup Shot,2PT Field Goal,1,0,LAYUPS
Jerome James,1744,Slam Dunk Shot,2PT Field Goal,2,2,DUNKS
Joe Crispin,2343,Jump Shot,3PT Field Goal,2,0,JUMP_SHOTS
Joe Johnson,2207,Fadeaway Jump Shot,2PT Field Goal,1,1,JUMP_SHOTS
Joe Johnson,2207,Jump Shot,2PT Field Goal,1,0,JUMP_SHOTS
Joe Johnson,2207,Jump Shot,3PT Field Goal,1,0,JUMP_SHOTS
Joe Johnson,2207,Layup Shot,2PT Field Goal,1,1,LAYUPS
Joe Johnson,2207,Running Jump Shot,2PT Field Goal,1,1,JUMP_SHOTS
Joe Johnson,2207,Slam Dunk Shot,2PT Field Goal,1,1,DUNKS
Joe Johnson,2207,Turnaround Jump Shot,2PT Field Goal,1,1,JUMP_SHOTS
Joel Przybilla,2038,Layup Shot,2PT Field Goal,1,1,LAYUPS
John Crotty,180,Driving Layup Shot,2PT Field Goal,4,2,LAYUPS
John Crotty,180,Jump Shot,2PT Field Goal,21,13,JUMP_SHOTS
John Crotty,180,Jump Shot,3PT Field Goal,17,10,JUMP_SHOTS
John Crotty,180,Layup Shot,2PT Field Goal,12,4,LAYUPS
John Crotty,180,Reverse Layup Shot,2PT Field Goal,1,1,LAYUPS
Johnny Newman,271,Jump Shot,2PT Field Goal,1,0,JUMP_SHOTS
Jonathan Bender,1886,Driving Layup Shot,2PT Field Goal,1,1,LAYUPS
Jonathan Bender,1886,Dunk Shot,2PT Field Goal,1,1,DUNKS
Jonathan Bender,1886,Jump Shot,2PT Field Goal,6,0,JUMP_SHOTS
Jonathan Bender,1886,Jump Shot,3PT Field Goal,3,1,JUMP_SHOTS
Jonathan Bender,1886,Layup Shot,2PT Field Goal,3,3,LAYUPS
Jonathan Bender,1886,Slam Dunk Shot,2PT Field Goal,1,1,DUNKS
Jonathan Bender,1886,Turnaround Jump Shot,2PT Field Goal,1,1,JUMP_SHOTS
Jud Buechler,146,Alley Oop Layup shot,2PT Field Goal,1,1,LAYUPS
Jud Buechler,146,Driving Layup Shot,2PT Field Goal,2,0,LAYUPS
Jud Buechler,146,Jump Shot,2PT Field Goal,26,7,JUMP_SHOTS
Jud Buechler,146,Jump Shot,3PT Field Goal,35,14,JUMP_SHOTS
Jud Buechler,146,Layup Shot,2PT Field Goal,5,4,LAYUPS
Jud Buechler,146,Tip Shot,2PT Field Goal,1,0,SPECIALTY_SHOTS
Jumaine Jones,1908,Jump Shot,3PT Field Goal,1,1,JUMP_SHOTS
Jumaine Jones,1908,Running Jump Shot,2PT Field Goal,1,0,JUMP_SHOTS
Juwan Howard,436,Dunk Shot,2PT Field Goal,1,1,DUNKS
Juwan Howard,436,Jump Shot,2PT Field Goal,1,1,JUMP_SHOTS
Karl Malone,252,Fadeaway Jump Shot,2PT Field Goal,1,1,JUMP_SHOTS
Karl Malone,252,Jump Shot,2PT Field Goal,16,6,JUMP_SHOTS
Karl Malone,252,Layup Shot,2PT Field Goal,7,6,LAYUPS
Keith Van Horn,1496,Alley Oop Dunk Shot,2PT Field Goal,1,0,DUNKS
Keith Van Horn,1496,Alley Oop Layup shot,2PT Field Goal,1,1,LAYUPS
Keith Van Horn,1496,Driving Dunk Shot,2PT Field Goal,1,1,DUNKS
Keith Van Horn,1496,Driving Finger Roll Shot,2PT Field Goal,1,0,LAYUPS
Keith Van Horn,1496,Driving Layup Shot,2PT Field Goal,4,1,LAYUPS
Keith Van Horn,1496,Dunk Shot,2PT Field Goal,2,1,DUNKS
Keith Van Horn,1496,Fadeaway Jump Shot,2PT Field Goal,1,0,JUMP_SHOTS
Keith Van Horn,1496,Hook Shot,2PT Field Goal,5,2,POST_MOVES
Keith Van Horn,1496,Jump Shot,2PT Field Goal,46,15,JUMP_SHOTS
Keith Van Horn,1496,Jump Shot,3PT Field Goal,39,10,JUMP_SHOTS
Keith Van Horn,1496,Layup Shot,2PT Field Goal,14,7,LAYUPS
Keith Van Horn,1496,Reverse Layup Shot,2PT Field Goal,2,2,LAYUPS
Keith Van Horn,1496,Running Hook Shot,2PT Field Goal,2,1,POST_MOVES
Keith Van Horn,1496,Running Jump Shot,2PT Field Goal,3,1,JUMP_SHOTS
Keith Van Horn,1496,Slam Dunk Shot,2PT Field Goal,3,3,DUNKS
Keith Van Horn,1496,Tip Shot,2PT Field Goal,2,0,SPECIALTY_SHOTS
Keith Van Horn,1496,Turnaround Jump Shot,2PT Field Goal,3,1,JUMP_SHOTS
Kelvin Cato,1509,Alley Oop Dunk Shot,2PT Field Goal,6,6,DUNKS
Kelvin Cato,1509,Driving Layup Shot,2PT Field Goal,1,0,LAYUPS
Kelvin Cato,1509,Dunk Shot,2PT Field Goal,8,4,DUNKS
Kelvin Cato,1509,Hook Shot,2PT Field Goal,2,0,POST_MOVES
Kelvin Cato,1509,Jump Shot,2PT Field Goal,10,3,JUMP_SHOTS
Kelvin Cato,1509,Layup Shot,2PT Field Goal,5,2,LAYUPS
Kelvin Cato,1509,Reverse Dunk Shot,2PT Field Goal,1,1,DUNKS
Kelvin Cato,1509,Slam Dunk Shot,2PT Field Goal,6,5,DUNKS
Kelvin Cato,1509,Tip Shot,2PT Field Goal,1,1,SPECIALTY_SHOTS
Kelvin Cato,1509,Turnaround Jump Shot,2PT Field Goal,1,0,JUMP_SHOTS
Kenny Anderson,72,Jump Shot,2PT Field Goal,2,2,JUMP_SHOTS
Kenny Satterfield,2261,Jump Shot,2PT Field Goal,3,1,JUMP_SHOTS
Kenny Satterfield,2261,Layup Shot,2PT Field Goal,1,1,LAYUPS
Kenny Thomas,1903,Driving Layup Shot,2PT Field Goal,1,0,LAYUPS
Kenny Thomas,1903,Hook Shot,2PT Field Goal,1,1,POST_MOVES
Kenny Thomas,1903,Jump Shot,2PT Field Goal,5,2,JUMP_SHOTS
Kenny Thomas,1903,Layup Shot,2PT Field Goal,2,1,LAYUPS
Kenyon Martin,2030,Driving Layup Shot,2PT Field Goal,2,0,LAYUPS
Kenyon Martin,2030,Dunk Shot,2PT Field Goal,3,3,DUNKS
Kenyon Martin,2030,Fadeaway Jump Shot,2PT Field Goal,1,0,JUMP_SHOTS
Kenyon Martin,2030,Hook Shot,2PT Field Goal,4,1,POST_MOVES
Kenyon Martin,2030,Jump Shot,2PT Field Goal,10,2,JUMP_SHOTS
Kenyon Martin,2030,Jump Shot,3PT Field Goal,2,1,JUMP_SHOTS
Kenyon Martin,2030,Layup Shot,2PT Field Goal,1,0,LAYUPS
Kenyon Martin,2030,Tip Shot,2PT Field Goal,1,0,SPECIALTY_SHOTS
Kenyon Martin,2030,Turnaround Jump Shot,2PT Field Goal,1,0,JUMP_SHOTS
Kevin Ollie,1563,Driving Layup Shot,2PT Field Goal,10,6,LAYUPS
Kevin Ollie,1563,Finger Roll Shot,2PT Field Goal,1,1,LAYUPS
Kevin Ollie,1563,Jump Shot,2PT Field Goal,45,15,JUMP_SHOTS
Kevin Ollie,1563,Jump Shot,3PT Field Goal,1,1,JUMP_SHOTS
Kevin Ollie,1563,Layup Shot,2PT Field Goal,21,11,LAYUPS
Kevin Ollie,1563,Running Jump Shot,2PT Field Goal,2,2,JUMP_SHOTS
Kevin Ollie,1563,Turnaround Jump Shot,2PT Field Goal,1,0,JUMP_SHOTS
Kwame Brown,2198,Dunk Shot,2PT Field Goal,1,1,DUNKS
Kwame Brown,2198,Jump Shot,2PT Field Goal,1,0,JUMP_SHOTS
Kwame Brown,2198,Layup Shot,2PT Field Goal,1,0,LAYUPS
Kwame Brown,2198,Running Jump Shot,2PT Field Goal,1,1,JUMP_SHOTS
LaPhonso Ellis,111,Alley Oop Layup shot,2PT Field Goal,1,1,LAYUPS
LaPhonso Ellis,111,Driving Dunk Shot,2PT Field Goal,1,1,DUNKS
LaPhonso Ellis,111,Driving Layup Shot,2PT Field Goal,4,2,LAYUPS
LaPhonso Ellis,111,Dunk Shot,2PT Field Goal,2,1,DUNKS
LaPhonso Ellis,111,Finger Roll Shot,2PT Field Goal,1,1,LAYUPS
LaPhonso Ellis,111,Hook Shot,2PT Field Goal,8,4,POST_MOVES
LaPhonso Ellis,111,Jump Hook Shot,2PT Field Goal,2,2,POST_MOVES
LaPhonso Ellis,111,Jump Shot,2PT Field Goal,98,31,JUMP_SHOTS
LaPhonso Ellis,111,Jump Shot,3PT Field Goal,62,18,JUMP_SHOTS
LaPhonso Ellis,111,Layup Shot,2PT Field Goal,19,11,LAYUPS
LaPhonso Ellis,111,Reverse Layup Shot,2PT Field Goal,1,1,LAYUPS
LaPhonso Ellis,111,Slam Dunk Shot,2PT Field Goal,1,1,DUNKS
LaPhonso Ellis,111,Tip Shot,2PT Field Goal,4,1,SPECIALTY_SHOTS
LaPhonso Ellis,111,Turnaround Jump Shot,2PT Field Goal,1,1,JUMP_SHOTS
Lamar Odom,1885,Jump Hook Shot,2PT Field Goal,1,1,POST_MOVES
Lamar Odom,1885,Jump Shot,2PT Field Goal,2,0,JUMP_SHOTS
Lamar Odom,1885,Layup Shot,2PT Field Goal,3,2,LAYUPS
Larry Robinson,1683,Jump Shot,2PT Field Goal,2,0,JUMP_SHOTS
Larry Robinson,1683,Jump Shot,3PT Field Goal,2,1,JUMP_SHOTS
Lawrence Funderburke,1444,Alley Oop Dunk Shot,2PT Field Goal,1,1,DUNKS
Lawrence Funderburke,1444,Driving Layup Shot,2PT Field Goal,1,1,LAYUPS
Lawrence Funderburke,1444,Dunk Shot,2PT Field Goal,1,1,DUNKS
Lawrence Funderburke,1444,Hook Shot,2PT Field Goal,1,0,POST_MOVES
Lawrence Funderburke,1444,Jump Shot,2PT Field Goal,7,1,JUMP_SHOTS
Lawrence Funderburke,1444,Layup Shot,2PT Field Goal,3,2,LAYUPS
Lawrence Funderburke,1444,Running Jump Shot,2PT Field Goal,1,0,JUMP_SHOTS
Lawrence Funderburke,1444,Tip Shot,2PT Field Goal,1,0,SPECIALTY_SHOTS
Lee Nailon,1924,Layup Shot,2PT Field Goal,1,0,LAYUPS
Lindsey Hunter,283,Dunk Shot,2PT Field Goal,1,1,DUNKS
Lindsey Hunter,283,Jump Shot,2PT Field Goal,37,10,JUMP_SHOTS
Lindsey Hunter,283,Jump Shot,3PT Field Goal,43,17,JUMP_SHOTS
Lindsey Hunter,283,Layup Shot,2PT Field Goal,4,1,LAYUPS
Lindsey Hunter,283,Running Jump Shot,2PT Field Goal,3,3,JUMP_SHOTS
Lindsey Hunter,283,Slam Dunk Shot,2PT Field Goal,1,1,DUNKS
Malik Allen,2124,Hook Shot,2PT Field Goal,1,1,POST_MOVES
Malik Allen,2124,Jump Shot,2PT Field Goal,6,4,JUMP_SHOTS
Malik Allen,2124,Running Jump Shot,2PT Field Goal,1,0,JUMP_SHOTS
Malik Allen,2124,Tip Shot,2PT Field Goal,1,1,SPECIALTY_SHOTS
Malik Allen,2124,Turnaround Jump Shot,2PT Field Goal,2,0,JUMP_SHOTS
Marc Jackson,1531,Hook Shot,2PT Field Goal,2,1,POST_MOVES
Marc Jackson,1531,Jump Shot,2PT Field Goal,8,5,JUMP_SHOTS
Marc Jackson,1531,Layup Shot,2PT Field Goal,3,1,LAYUPS
Marcus Fizer,2033,Driving Layup Shot,2PT Field Goal,3,1,LAYUPS
Marcus Fizer,2033,Dunk Shot,2PT Field Goal,1,1,DUNKS
Marcus Fizer,2033,Hook Shot,2PT Field Goal,1,0,POST_MOVES
Marcus Fizer,2033,Jump Shot,2PT Field Goal,14,3,JUMP_SHOTS
Marcus Fizer,2033,Jump Shot,3PT Field Goal,3,1,JUMP_SHOTS
Marcus Fizer,2033,Layup Shot,2PT Field Goal,6,4,LAYUPS
Marcus Fizer,2033,Slam Dunk Shot,2PT Field Goal,1,1,DUNKS
Marcus Fizer,2033,Turnaround Jump Shot,2PT Field Goal,1,1,JUMP_SHOTS
Mark Blount,1548,Driving Layup Shot,2PT Field Goal,1,1,LAYUPS
Mark Blount,1548,Dunk Shot,2PT Field Goal,1,1,DUNKS
Mark Blount,1548,Fadeaway Jump Shot,2PT Field Goal,2,1,JUMP_SHOTS
Mark Blount,1548,Hook Shot,2PT Field Goal,3,1,POST_MOVES
Mark Blount,1548,Jump Shot,2PT Field Goal,16,5,JUMP_SHOTS
Mark Blount,1548,Layup Shot,2PT Field Goal,9,3,LAYUPS
Mark Blount,1548,Slam Dunk Shot,2PT Field Goal,4,4,DUNKS
Mark Blount,1548,Turnaround Jump Shot,2PT Field Goal,1,0,JUMP_SHOTS
Mark Madsen,2058,Driving Layup Shot,2PT Field Goal,1,1,LAYUPS
Mark Madsen,2058,Hook Shot,2PT Field Goal,4,1,POST_MOVES
Mark Madsen,2058,Jump Shot,2PT Field Goal,4,1,JUMP_SHOTS
Mark Madsen,2058,Layup Shot,2PT Field Goal,13,5,LAYUPS
Mark Madsen,2058,Reverse Layup Shot,2PT Field Goal,1,0,LAYUPS
Mark Madsen,2058,Running Layup Shot,2PT Field Goal,1,0,LAYUPS
Mark Madsen,2058,Slam Dunk Shot,2PT Field Goal,1,1,DUNKS
Mark Madsen,2058,Tip Shot,2PT Field Goal,1,1,SPECIALTY_SHOTS
Mark Strickland,1110,Driving Dunk Shot,2PT Field Goal,1,1,DUNKS
Mark Strickland,1110,Dunk Shot,2PT Field Goal,6,6,DUNKS
Mark Strickland,1110,Finger Roll Shot,2PT Field Goal,2,0,LAYUPS
Mark Strickland,1110,Hook Shot,2PT Field Goal,2,1,POST_MOVES
Mark Strickland,1110,Jump Shot,2PT Field Goal,55,20,JUMP_SHOTS
Mark Strickland,1110,Jump Shot,3PT Field Goal,3,1,JUMP_SHOTS
Mark Strickland,1110,Layup Shot,2PT Field Goal,15,9,LAYUPS
Mark Strickland,1110,Reverse Layup Shot,2PT Field Goal,2,2,LAYUPS
Mark Strickland,1110,Running Dunk Shot,2PT Field Goal,1,1,DUNKS
Mark Strickland,1110,Slam Dunk Shot,2PT Field Goal,5,5,DUNKS
Mark Strickland,1110,Tip Shot,2PT Field Goal,1,0,SPECIALTY_SHOTS
Mark Strickland,1110,Turnaround Jump Shot,2PT Field Goal,7,2,JUMP_SHOTS
Mengke Bateer,2370,Driving Layup Shot,2PT Field Goal,1,0,LAYUPS
Mengke Bateer,2370,Jump Shot,2PT Field Goal,7,2,JUMP_SHOTS
Mengke Bateer,2370,Jump Shot,3PT Field Goal,1,0,JUMP_SHOTS
Mengke Bateer,2370,Layup Shot,2PT Field Goal,1,0,LAYUPS
Metta World Peace,1897,Jump Shot,2PT Field Goal,3,1,JUMP_SHOTS
Michael Dickerson,1722,Jump Shot,2PT Field Goal,1,0,JUMP_SHOTS
Michael Dickerson,1722,Jump Shot,3PT Field Goal,1,0,JUMP_SHOTS
Michael Doleac,1720,Driving Dunk Shot,2PT Field Goal,1,1,DUNKS
Michael Doleac,1720,Hook Shot,2PT Field Goal,3,1,POST_MOVES
Michael Doleac,1720,Jump Shot,2PT Field Goal,19,6,JUMP_SHOTS
Michael Olowokandi,1709,Driving Layup Shot,2PT Field Goal,3,2,LAYUPS
Michael Olowokandi,1709,Dunk Shot,2PT Field Goal,4,4,DUNKS
Michael Olowokandi,1709,Follow Up Dunk Shot,2PT Field Goal,2,2,DUNKS
Michael Olowokandi,1709,Hook Shot,2PT Field Goal,11,7,POST_MOVES
Michael Olowokandi,1709,Jump Hook Shot,2PT Field Goal,1,1,POST_MOVES
Michael Olowokandi,1709,Jump Shot,2PT Field Goal,67,18,JUMP_SHOTS
Michael Olowokandi,1709,Layup Shot,2PT Field Goal,13,5,LAYUPS
Michael Olowokandi,1709,Running Jump Shot,2PT Field Goal,2,2,JUMP_SHOTS
Michael Olowokandi,1709,Slam Dunk Shot,2PT Field Goal,6,6,DUNKS
Michael Olowokandi,1709,Tip Shot,2PT Field Goal,2,1,SPECIALTY_SHOTS
Michael Olowokandi,1709,Turnaround Hook Shot,2PT Field Goal,6,5,POST_MOVES
Michael Olowokandi,1709,Turnaround Jump Shot,2PT Field Goal,8,4,JUMP_SHOTS
Michael Redd,2072,Driving Layup Shot,2PT Field Goal,1,1,LAYUPS
Michael Redd,2072,Jump Shot,2PT Field Goal,4,2,JUMP_SHOTS
Michael Redd,2072,Jump Shot,3PT Field Goal,1,1,JUMP_SHOTS
Michael Redd,2072,Layup Shot,2PT Field Goal,1,1,LAYUPS
Michael Redd,2072,Running Jump Shot,2PT Field Goal,1,0,JUMP_SHOTS
Mike James,2229,Driving Layup Shot,2PT Field Goal,1,1,LAYUPS
Mike James,2229,Jump Shot,2PT Field Goal,1,1,JUMP_SHOTS
Mike Miller,2034,Driving Layup Shot,2PT Field Goal,1,1,LAYUPS
Mike Miller,2034,Jump Shot,2PT Field Goal,4,1,JUMP_SHOTS
Mike Miller,2034,Jump Shot,3PT Field Goal,4,1,JUMP_SHOTS
Mike Miller,2034,Layup Shot,2PT Field Goal,2,2,LAYUPS
Mike Miller,2034,Turnaround Jump Shot,2PT Field Goal,2,1,JUMP_SHOTS
Mikki Moore,1630,Alley Oop Dunk Shot,2PT Field Goal,1,1,DUNKS
Mikki Moore,1630,Dunk Shot,2PT Field Goal,4,2,DUNKS
Mikki Moore,1630,Hook Shot,2PT Field Goal,4,2,POST_MOVES
Mikki Moore,1630,Jump Shot,2PT Field Goal,8,1,JUMP_SHOTS
Mikki Moore,1630,Jump Shot,3PT Field Goal,1,0,JUMP_SHOTS
Mikki Moore,1630,Layup Shot,2PT Field Goal,4,2,LAYUPS
Mikki Moore,1630,Slam Dunk Shot,2PT Field Goal,1,1,DUNKS
Mikki Moore,1630,Tip Shot,2PT Field Goal,1,0,SPECIALTY_SHOTS
Milt Palacio,1960,Jump Shot,2PT Field Goal,4,2,JUMP_SHOTS
Milt Palacio,1960,Jump Shot,3PT Field Goal,2,0,JUMP_SHOTS
Milt Palacio,1960,Layup Shot,2PT Field Goal,1,1,LAYUPS
Mitchell Butler,348,Driving Layup Shot,2PT Field Goal,1,1,LAYUPS
Nazr Mohammed,1737,Dunk Shot,2PT Field Goal,3,1,DUNKS
Nazr Mohammed,1737,Fadeaway Jump Shot,2PT Field Goal,1,1,JUMP_SHOTS
Nazr Mohammed,1737,Hook Shot,2PT Field Goal,3,1,POST_MOVES
Nazr Mohammed,1737,Jump Shot,2PT Field Goal,33,9,JUMP_SHOTS
Nazr Mohammed,1737,Layup Shot,2PT Field Goal,24,13,LAYUPS
Nazr Mohammed,1737,Reverse Layup Shot,2PT Field Goal,1,1,LAYUPS
Nazr Mohammed,1737,Slam Dunk Shot,2PT Field Goal,1,1,DUNKS
Nazr Mohammed,1737,Tip Shot,2PT Field Goal,10,5,SPECIALTY_SHOTS
Nazr Mohammed,1737,Turnaround Jump Shot,2PT Field Goal,1,0,JUMP_SHOTS
Olumide Oyedeji,2071,Jump Shot,2PT Field Goal,1,1,JUMP_SHOTS
P.J. Brown,136,Alley Oop Layup shot,2PT Field Goal,1,1,LAYUPS
P.J. Brown,136,Driving Dunk Shot,2PT Field Goal,1,1,DUNKS
P.J. Brown,136,Driving Layup Shot,2PT Field Goal,1,1,LAYUPS
P.J. Brown,136,Dunk Shot,2PT Field Goal,6,5,DUNKS
P.J. Brown,136,Hook Shot,2PT Field Goal,1,0,POST_MOVES
P.J. Brown,136,Jump Shot,2PT Field Goal,63,33,JUMP_SHOTS
P.J. Brown,136,Layup Shot,2PT Field Goal,11,6,LAYUPS
P.J. Brown,136,Reverse Layup Shot,2PT Field Goal,1,1,LAYUPS
P.J. Brown,136,Running Hook Shot,2PT Field Goal,1,1,POST_MOVES
P.J. Brown,136,Tip Shot,2PT Field Goal,13,3,SPECIALTY_SHOTS
P.J. Brown,136,Turnaround Jump Shot,2PT Field Goal,2,1,JUMP_SHOTS
Pat Garrity,1727,Jump Shot,2PT Field Goal,7,1,JUMP_SHOTS
Pat Garrity,1727,Jump Shot,3PT Field Goal,7,3,JUMP_SHOTS
Pat Garrity,1727,Layup Shot,2PT Field Goal,1,0,LAYUPS
Pat Garrity,1727,Turnaround Jump Shot,2PT Field Goal,1,0,JUMP_SHOTS
Patrick Ewing,121,Driving Layup Shot,2PT Field Goal,5,4,LAYUPS
Patrick Ewing,121,Dunk Shot,2PT Field Goal,4,3,DUNKS
Patrick Ewing,121,Fadeaway Jump Shot,2PT Field Goal,12,6,JUMP_SHOTS
Patrick Ewing,121,Hook Shot,2PT Field Goal,4,3,POST_MOVES
Patrick Ewing,121,Jump Shot,2PT Field Goal,103,30,JUMP_SHOTS
Patrick Ewing,121,Jump Shot,3PT Field Goal,1,0,JUMP_SHOTS
Patrick Ewing,121,Layup Shot,2PT Field Goal,33,19,LAYUPS
Patrick Ewing,121,Reverse Layup Shot,2PT Field Goal,7,3,LAYUPS
Patrick Ewing,121,Running Hook Shot,2PT Field Goal,1,0,POST_MOVES
Patrick Ewing,121,Running Jump Shot,2PT Field Goal,2,1,JUMP_SHOTS
Patrick Ewing,121,Slam Dunk Shot,2PT Field Goal,5,5,DUNKS
Patrick Ewing,121,Tip Shot,2PT Field Goal,11,7,SPECIALTY_SHOTS
Patrick Ewing,121,Turnaround Jump Shot,2PT Field Goal,16,7,JUMP_SHOTS
Pau Gasol,2200,Hook Shot,2PT Field Goal,1,0,POST_MOVES
Pau Gasol,2200,Layup Shot,2PT Field Goal,1,1,LAYUPS
Paul Pierce,1718,Driving Dunk Shot,2PT Field Goal,4,4,DUNKS
Paul Pierce,1718,Driving Finger Roll Shot,2PT Field Goal,1,0,LAYUPS
Paul Pierce,1718,Driving Layup Shot,2PT Field Goal,21,16,LAYUPS
Paul Pierce,1718,Dunk Shot,2PT Field Goal,2,1,DUNKS
Paul Pierce,1718,Fadeaway Jump Shot,2PT Field Goal,4,3,JUMP_SHOTS
Paul Pierce,1718,Finger Roll Shot,2PT Field Goal,2,1,LAYUPS
Paul Pierce,1718,Hook Shot,2PT Field Goal,1,0,POST_MOVES
Paul Pierce,1718,Jump Shot,2PT Field Goal,91,26,JUMP_SHOTS
Paul Pierce,1718,Jump Shot,3PT Field Goal,88,31,JUMP_SHOTS
Paul Pierce,1718,Layup Shot,2PT Field Goal,32,12,LAYUPS
Paul Pierce,1718,Reverse Layup Shot,2PT Field Goal,4,3,LAYUPS
Paul Pierce,1718,Running Hook Shot,2PT Field Goal,1,1,POST_MOVES
Paul Pierce,1718,Running Jump Shot,2PT Field Goal,2,2,JUMP_SHOTS
Paul Pierce,1718,Slam Dunk Shot,2PT Field Goal,2,2,DUNKS
Paul Pierce,1718,Tip Shot,2PT Field Goal,1,1,SPECIALTY_SHOTS
Paul Pierce,1718,Turnaround Jump Shot,2PT Field Goal,3,2,JUMP_SHOTS
Predrag Drobnjak,1542,Driving Dunk Shot,2PT Field Goal,1,1,DUNKS
Predrag Drobnjak,1542,Driving Layup Shot,2PT Field Goal,3,3,LAYUPS
Predrag Drobnjak,1542,Hook Shot,2PT Field Goal,2,1,POST_MOVES
Predrag Drobnjak,1542,Jump Shot,2PT Field Goal,71,32,JUMP_SHOTS
Predrag Drobnjak,1542,Layup Shot,2PT Field Goal,19,10,LAYUPS
Predrag Drobnjak,1542,Running Hook Shot,2PT Field Goal,1,0,POST_MOVES
Predrag Drobnjak,1542,Slam Dunk Shot,2PT Field Goal,2,2,DUNKS
Predrag Drobnjak,1542,Tip Shot,2PT Field Goal,2,2,SPECIALTY_SHOTS
Predrag Drobnjak,1542,Turnaround Jump Shot,2PT Field Goal,2,1,JUMP_SHOTS
Quincy Lewis,1900,Driving Layup Shot,2PT Field Goal,2,2,LAYUPS
Quincy Lewis,1900,Jump Shot,2PT Field Goal,18,7,JUMP_SHOTS
Quincy Lewis,1900,Jump Shot,3PT Field Goal,5,0,JUMP_SHOTS
Quincy Lewis,1900,Layup Shot,2PT Field Goal,4,3,LAYUPS
Quincy Lewis,1900,Running Jump Shot,2PT Field Goal,1,1,JUMP_SHOTS
Quincy Lewis,1900,Tip Shot,2PT Field Goal,1,1,SPECIALTY_SHOTS
Raef LaFrentz,1711,Alley Oop Dunk Shot,2PT Field Goal,1,1,DUNKS
Raef LaFrentz,1711,Alley Oop Layup shot,2PT Field Goal,1,0,LAYUPS
Raef LaFrentz,1711,Driving Layup Shot,2PT Field Goal,19,14,LAYUPS
Raef LaFrentz,1711,Dunk Shot,2PT Field Goal,6,5,DUNKS
Raef LaFrentz,1711,Fadeaway Jump Shot,2PT Field Goal,4,1,JUMP_SHOTS
Raef LaFrentz,1711,Hook Shot,2PT Field Goal,5,2,POST_MOVES
Raef LaFrentz,1711,Jump Hook Shot,2PT Field Goal,1,1,POST_MOVES
Raef LaFrentz,1711,Jump Shot,2PT Field Goal,122,35,JUMP_SHOTS
Raef LaFrentz,1711,Jump Shot,3PT Field Goal,146,58,JUMP_SHOTS
Raef LaFrentz,1711,Layup Shot,2PT Field Goal,91,52,LAYUPS
Raef LaFrentz,1711,Reverse Dunk Shot,2PT Field Goal,2,2,DUNKS
Raef LaFrentz,1711,Reverse Layup Shot,2PT Field Goal,5,4,LAYUPS
Raef LaFrentz,1711,Running Hook Shot,2PT Field Goal,1,0,POST_MOVES
Raef LaFrentz,1711,Running Jump Shot,2PT Field Goal,3,1,JUMP_SHOTS
Raef LaFrentz,1711,Slam Dunk Shot,2PT Field Goal,15,15,DUNKS
Raef LaFrentz,1711,Tip Shot,2PT Field Goal,21,13,SPECIALTY_SHOTS
Raef LaFrentz,1711,Turnaround Jump Shot,2PT Field Goal,16,7,JUMP_SHOTS
Rafer Alston,1747,Driving Layup Shot,2PT Field Goal,2,1,LAYUPS
Rafer Alston,1747,Jump Hook Shot,2PT Field Goal,1,0,POST_MOVES
Rafer Alston,1747,Jump Shot,2PT Field Goal,15,3,JUMP_SHOTS
Rafer Alston,1747,Jump Shot,3PT Field Goal,11,3,JUMP_SHOTS
Rafer Alston,1747,Layup Shot,2PT Field Goal,4,1,LAYUPS
Rafer Alston,1747,Running Jump Shot,2PT Field Goal,1,1,JUMP_SHOTS
Rashard Lewis,1740,Driving Dunk Shot,2PT Field Goal,2,2,DUNKS
Rashard Lewis,1740,Driving Layup Shot,2PT Field Goal,5,5,LAYUPS
Rashard Lewis,1740,Dunk Shot,2PT Field Goal,2,2,DUNKS
Rashard Lewis,1740,Hook Shot,2PT Field Goal,3,2,POST_MOVES
Rashard Lewis,1740,Jump Shot,2PT Field Goal,59,18,JUMP_SHOTS
Rashard Lewis,1740,Jump Shot,3PT Field Goal,56,21,JUMP_SHOTS
Rashard Lewis,1740,Layup Shot,2PT Field Goal,9,7,LAYUPS
Rashard Lewis,1740,Reverse Layup Shot,2PT Field Goal,1,1,LAYUPS
Rashard Lewis,1740,Running Jump Shot,2PT Field Goal,6,4,JUMP_SHOTS
Rashard Lewis,1740,Running Layup Shot,2PT Field Goal,1,1,LAYUPS
Rashard Lewis,1740,Slam Dunk Shot,2PT Field Goal,3,3,DUNKS
Rashard Lewis,1740,Tip Shot,2PT Field Goal,3,2,SPECIALTY_SHOTS
Rashard Lewis,1740,Turnaround Jump Shot,2PT Field Goal,1,0,JUMP_SHOTS
Rasho Nesterovic,1725,Dunk Shot,2PT Field Goal,2,2,DUNKS
Rasho Nesterovic,1725,Fadeaway Jump Shot,2PT Field Goal,2,0,JUMP_SHOTS
Rasho Nesterovic,1725,Hook Shot,2PT Field Goal,10,4,POST_MOVES
Rasho Nesterovic,1725,Jump Hook Shot,2PT Field Goal,1,0,POST_MOVES
Rasho Nesterovic,1725,Jump Shot,2PT Field Goal,26,7,JUMP_SHOTS
Rasho Nesterovic,1725,Layup Shot,2PT Field Goal,15,12,LAYUPS
Rasho Nesterovic,1725,Running Hook Shot,2PT Field Goal,1,1,POST_MOVES
Rasho Nesterovic,1725,Tip Shot,2PT Field Goal,1,0,SPECIALTY_SHOTS
Rasho Nesterovic,1725,Turnaround Jump Shot,2PT Field Goal,2,1,JUMP_SHOTS
Reggie Slater,1073,Jump Shot,2PT Field Goal,2,1,JUMP_SHOTS
Reggie Slater,1073,Layup Shot,2PT Field Goal,1,0,LAYUPS
Richard Hamilton,1888,Driving Layup Shot,2PT Field Goal,4,4,LAYUPS
Richard Hamilton,1888,Dunk Shot,2PT Field Goal,3,3,DUNKS
Richard Hamilton,1888,Fadeaway Jump Shot,2PT Field Goal,3,1,JUMP_SHOTS
Richard Hamilton,1888,Finger Roll Shot,2PT Field Goal,1,1,LAYUPS
Richard Hamilton,1888,Hook Shot,2PT Field Goal,1,0,POST_MOVES
Richard Hamilton,1888,Jump Shot,2PT Field Goal,74,23,JUMP_SHOTS
Richard Hamilton,1888,Jump Shot,3PT Field Goal,2,1,JUMP_SHOTS
Richard Hamilton,1888,Layup Shot,2PT Field Goal,14,8,LAYUPS
Richard Hamilton,1888,Running Jump Shot,2PT Field Goal,6,5,JUMP_SHOTS
Richard Hamilton,1888,Running Layup Shot,2PT Field Goal,1,1,LAYUPS
Richard Hamilton,1888,Slam Dunk Shot,2PT Field Goal,2,2,DUNKS
Richard Hamilton,1888,Tip Shot,2PT Field Goal,1,0,SPECIALTY_SHOTS
Richard Hamilton,1888,Turnaround Jump Shot,2PT Field Goal,1,1,JUMP_SHOTS
Richard Jefferson,2210,Jump Shot,2PT Field Goal,2,1,JUMP_SHOTS
Richard Jefferson,2210,Jump Shot,3PT Field Goal,1,0,JUMP_SHOTS
Rick Brunson,1594,Driving Finger Roll Shot,2PT Field Goal,1,1,LAYUPS
Rick Brunson,1594,Driving Layup Shot,2PT Field Goal,10,8,LAYUPS
Rick Brunson,1594,Jump Shot,2PT Field Goal,28,8,JUMP_SHOTS
Rick Brunson,1594,Jump Shot,3PT Field Goal,1,0,JUMP_SHOTS
Rick Brunson,1594,Layup Shot,2PT Field Goal,11,3,LAYUPS
Rick Brunson,1594,Reverse Layup Shot,2PT Field Goal,1,0,LAYUPS
Rick Brunson,1594,Running Jump Shot,2PT Field Goal,1,0,JUMP_SHOTS
Rick Fox,296,Driving Layup Shot,2PT Field Goal,2,1,LAYUPS
Rick Fox,296,Hook Shot,2PT Field Goal,1,1,POST_MOVES
Rick Fox,296,Jump Shot,2PT Field Goal,19,5,JUMP_SHOTS
Rick Fox,296,Jump Shot,3PT Field Goal,19,5,JUMP_SHOTS
Rick Fox,296,Layup Shot,2PT Field Goal,5,3,LAYUPS
Rick Fox,296,Reverse Layup Shot,2PT Field Goal,1,1,LAYUPS
Rick Fox,296,Tip Shot,2PT Field Goal,2,0,SPECIALTY_SHOTS
Rick Fox,296,Turnaround Jump Shot,2PT Field Goal,2,1,JUMP_SHOTS
Ricky Davis,1729,Alley Oop Dunk Shot,2PT Field Goal,2,1,DUNKS
Ricky Davis,1729,Driving Dunk Shot,2PT Field Goal,2,2,DUNKS
Ricky Davis,1729,Driving Layup Shot,2PT Field Goal,5,4,LAYUPS
Ricky Davis,1729,Fadeaway Jump Shot,2PT Field Goal,2,1,JUMP_SHOTS
Ricky Davis,1729,Jump Shot,2PT Field Goal,54,18,JUMP_SHOTS
Ricky Davis,1729,Jump Shot,3PT Field Goal,5,0,JUMP_SHOTS
Ricky Davis,1729,Layup Shot,2PT Field Goal,6,2,LAYUPS
Ricky Davis,1729,Reverse Dunk Shot,2PT Field Goal,1,1,DUNKS
Ricky Davis,1729,Slam Dunk Shot,2PT Field Goal,4,4,DUNKS
Robert Horry,109,Driving Dunk Shot,2PT Field Goal,2,2,DUNKS
Robert Horry,109,Driving Finger Roll Shot,2PT Field Goal,1,1,LAYUPS
Robert Horry,109,Driving Layup Shot,2PT Field Goal,10,4,LAYUPS
Robert Horry,109,Dunk Shot,2PT Field Goal,3,2,DUNKS
Robert Horry,109,Fadeaway Jump Shot,2PT Field Goal,6,4,JUMP_SHOTS
Robert Horry,109,Follow Up Dunk Shot,2PT Field Goal,3,3,DUNKS
Robert Horry,109,Hook Shot,2PT Field Goal,2,0,POST_MOVES
Robert Horry,109,Jump Hook Shot,2PT Field Goal,1,1,POST_MOVES
Robert Horry,109,Jump Shot,2PT Field Goal,87,23,JUMP_SHOTS
Robert Horry,109,Jump Shot,3PT Field Goal,138,51,JUMP_SHOTS
Robert Horry,109,Layup Shot,2PT Field Goal,21,6,LAYUPS
Robert Horry,109,Reverse Layup Shot,2PT Field Goal,3,2,LAYUPS
Robert Horry,109,Running Hook Shot,2PT Field Goal,2,1,POST_MOVES
Robert Horry,109,Running Jump Shot,2PT Field Goal,1,1,JUMP_SHOTS
Robert Horry,109,Running Layup Shot,2PT Field Goal,1,1,LAYUPS
Robert Horry,109,Slam Dunk Shot,2PT Field Goal,8,8,DUNKS
Robert Horry,109,Tip Shot,2PT Field Goal,13,4,SPECIALTY_SHOTS
Robert Horry,109,Turnaround Jump Shot,2PT Field Goal,8,3,JUMP_SHOTS
Robert Pack,123,Driving Layup Shot,2PT Field Goal,3,3,LAYUPS
Robert Pack,123,Jump Shot,2PT Field Goal,10,2,JUMP_SHOTS
Robert Pack,123,Jump Shot,3PT Field Goal,2,1,JUMP_SHOTS
Robert Traylor,1714,Alley Oop Dunk Shot,2PT Field Goal,1,1,DUNKS
Robert Traylor,1714,Driving Layup Shot,2PT Field Goal,1,1,LAYUPS
Robert Traylor,1714,Dunk Shot,2PT Field Goal,4,3,DUNKS
Robert Traylor,1714,Hook Shot,2PT Field Goal,3,1,POST_MOVES
Robert Traylor,1714,Jump Hook Shot,2PT Field Goal,1,1,POST_MOVES
Robert Traylor,1714,Jump Shot,2PT Field Goal,21,1,JUMP_SHOTS
Robert Traylor,1714,Jump Shot,3PT Field Goal,1,1,JUMP_SHOTS
Robert Traylor,1714,Layup Shot,2PT Field Goal,21,9,LAYUPS
Robert Traylor,1714,Running Jump Shot,2PT Field Goal,1,1,JUMP_SHOTS
Robert Traylor,1714,Slam Dunk Shot,2PT Field Goal,1,1,DUNKS
Robert Traylor,1714,Tip Shot,2PT Field Goal,5,1,SPECIALTY_SHOTS
Robert Traylor,1714,Turnaround Jump Shot,2PT Field Goal,2,2,JUMP_SHOTS
Rodney Buford,1934,Driving Layup Shot,2PT Field Goal,1,1,LAYUPS
Rodney Buford,1934,Jump Hook Shot,2PT Field Goal,1,0,POST_MOVES
Rodney Buford,1934,Jump Shot,2PT Field Goal,17,7,JUMP_SHOTS
Rodney Buford,1934,Jump Shot,3PT Field Goal,3,1,JUMP_SHOTS
Rodney Buford,1934,Layup Shot,2PT Field Goal,3,1,LAYUPS
Rodney Buford,1934,Running Jump Shot,2PT Field Goal,3,1,JUMP_SHOTS
Rodney Buford,1934,Turnaround Jump Shot,2PT Field Goal,1,1,JUMP_SHOTS
Rodney Rogers,915,Jump Shot,3PT Field Goal,2,1,JUMP_SHOTS
Ron Mercer,1500,Alley Oop Dunk Shot,2PT Field Goal,1,1,DUNKS
Ron Mercer,1500,Driving Layup Shot,2PT Field Goal,5,4,LAYUPS
Ron Mercer,1500,Fadeaway Jump Shot,2PT Field Goal,2,1,JUMP_SHOTS
Ron Mercer,1500,Hook Shot,2PT Field Goal,1,1,POST_MOVES
Ron Mercer,1500,Jump Shot,2PT Field Goal,144,47,JUMP_SHOTS
Ron Mercer,1500,Jump Shot,3PT Field Goal,20,8,JUMP_SHOTS
Ron Mercer,1500,Layup Shot,2PT Field Goal,19,6,LAYUPS
Ron Mercer,1500,Reverse Layup Shot,2PT Field Goal,5,3,LAYUPS
Ron Mercer,1500,Running Dunk Shot,2PT Field Goal,1,1,DUNKS
Ron Mercer,1500,Running Jump Shot,2PT Field Goal,4,1,JUMP_SHOTS
Ron Mercer,1500,Tip Shot,2PT Field Goal,3,1,SPECIALTY_SHOTS
Ruben Boumtje-Boumtje,2257,Jump Shot,2PT Field Goal,1,0,JUMP_SHOTS
Ruben Boumtje-Boumtje,2257,Turnaround Jump Shot,2PT Field Goal,1,0,JUMP_SHOTS
Ruben Patterson,1739,Alley Oop Dunk Shot,2PT Field Goal,5,5,DUNKS
Ruben Patterson,1739,Driving Dunk Shot,2PT Field Goal,2,2,DUNKS
Ruben Patterson,1739,Driving Finger Roll Shot,2PT Field Goal,2,2,LAYUPS
Ruben Patterson,1739,Driving Layup Shot,2PT Field Goal,8,6,LAYUPS
Ruben Patterson,1739,Dunk Shot,2PT Field Goal,4,3,DUNKS
Ruben Patterson,1739,Fadeaway Jump Shot,2PT Field Goal,1,1,JUMP_SHOTS
Ruben Patterson,1739,Finger Roll Shot,2PT Field Goal,1,1,LAYUPS
Ruben Patterson,1739,Hook Shot,2PT Field Goal,1,1,POST_MOVES
Ruben Patterson,1739,Jump Hook Shot,2PT Field Goal,1,1,POST_MOVES
Ruben Patterson,1739,Jump Shot,2PT Field Goal,24,6,JUMP_SHOTS
Ruben Patterson,1739,Jump Shot,3PT Field Goal,5,2,JUMP_SHOTS
Ruben Patterson,1739,Layup Shot,2PT Field Goal,37,26,LAYUPS
Ruben Patterson,1739,Reverse Layup Shot,2PT Field Goal,2,0,LAYUPS
Ruben Patterson,1739,Slam Dunk Shot,2PT Field Goal,3,3,DUNKS
Ruben Patterson,1739,Tip Shot,2PT Field Goal,1,0,SPECIALTY_SHOTS
Ruben Patterson,1739,Turnaround Hook Shot,2PT Field Goal,1,0,POST_MOVES
Rusty LaRue,1601,Driving Layup Shot,2PT Field Goal,2,2,LAYUPS
Rusty LaRue,1601,Jump Shot,2PT Field Goal,18,6,JUMP_SHOTS
Rusty LaRue,1601,Jump Shot,3PT Field Goal,6,3,JUMP_SHOTS
Rusty LaRue,1601,Layup Shot,2PT Field Goal,7,2,LAYUPS
Rusty LaRue,1601,Running Jump Shot,2PT Field Goal,3,2,JUMP_SHOTS
Ryan Bowen,1763,Driving Layup Shot,2PT Field Goal,3,2,LAYUPS
Ryan Bowen,1763,Dunk Shot,2PT Field Goal,1,1,DUNKS
Ryan Bowen,1763,Fadeaway Jump Shot,2PT Field Goal,1,0,JUMP_SHOTS
Ryan Bowen,1763,Hook Shot,2PT Field Goal,4,1,POST_MOVES
Ryan Bowen,1763,Jump Shot,2PT Field Goal,27,7,JUMP_SHOTS
Ryan Bowen,1763,Jump Shot,3PT Field Goal,5,0,JUMP_SHOTS
Ryan Bowen,1763,Layup Shot,2PT Field Goal,50,29,LAYUPS
Ryan Bowen,1763,Reverse Layup Shot,2PT Field Goal,6,6,LAYUPS
Ryan Bowen,1763,Running Jump Shot,2PT Field Goal,1,0,JUMP_SHOTS
Ryan Bowen,1763,Running Layup Shot,2PT Field Goal,1,1,LAYUPS
Ryan Bowen,1763,Tip Shot,2PT Field Goal,6,6,SPECIALTY_SHOTS
Scot Pollard,1513,Driving Layup Shot,2PT Field Goal,1,1,LAYUPS
Scot Pollard,1513,Dunk Shot,2PT Field Goal,1,1,DUNKS
Scot Pollard,1513,Hook Shot,2PT Field Goal,7,4,POST_MOVES
Scot Pollard,1513,Jump Shot,2PT Field Goal,4,0,JUMP_SHOTS
Scot Pollard,1513,Layup Shot,2PT Field Goal,3,1,LAYUPS
Scot Pollard,1513,Reverse Layup Shot,2PT Field Goal,2,1,LAYUPS
Scot Pollard,1513,Slam Dunk Shot,2PT Field Goal,1,1,DUNKS
Scot Pollard,1513,Tip Shot,2PT Field Goal,4,1,SPECIALTY_SHOTS
Scott Padgett,1909,Jump Shot,2PT Field Goal,6,1,JUMP_SHOTS
Scott Padgett,1909,Jump Shot,3PT Field Goal,7,1,JUMP_SHOTS
Scott Padgett,1909,Layup Shot,2PT Field Goal,12,5,LAYUPS
Scott Padgett,1909,Reverse Dunk Shot,2PT Field Goal,1,1,DUNKS
Scott Padgett,1909,Reverse Layup Shot,2PT Field Goal,2,0,LAYUPS
Scott Padgett,1909,Tip Shot,2PT Field Goal,2,2,SPECIALTY_SHOTS
Scott Williams,281,Hook Shot,2PT Field Goal,1,0,POST_MOVES
Scott Williams,281,Jump Shot,2PT Field Goal,2,2,JUMP_SHOTS
Sean Marks,1752,Dunk Shot,2PT Field Goal,2,1,DUNKS
Sean Marks,1752,Hook Shot,2PT Field Goal,1,0,POST_MOVES
Sean Marks,1752,Jump Shot,2PT Field Goal,7,0,JUMP_SHOTS
Sean Marks,1752,Layup Shot,2PT Field Goal,1,1,LAYUPS
Sean Marks,1752,Slam Dunk Shot,2PT Field Goal,1,1,DUNKS
Sean Marks,1752,Turnaround Jump Shot,2PT Field Goal,1,0,JUMP_SHOTS
Shammond Williams,1742,Driving Dunk Shot,2PT Field Goal,1,1,DUNKS
Shammond Williams,1742,Jump Shot,2PT Field Goal,6,2,JUMP_SHOTS
Shammond Williams,1742,Jump Shot,3PT Field Goal,1,0,JUMP_SHOTS
Shandon Anderson,1000,Driving Layup Shot,2PT Field Goal,9,7,LAYUPS
Shandon Anderson,1000,Dunk Shot,2PT Field Goal,1,0,DUNKS
Shandon Anderson,1000,Jump Shot,2PT Field Goal,28,11,JUMP_SHOTS
Shandon Anderson,1000,Jump Shot,3PT Field Goal,46,13,JUMP_SHOTS
Shandon Anderson,1000,Layup Shot,2PT Field Goal,31,13,LAYUPS
Shandon Anderson,1000,Reverse Layup Shot,2PT Field Goal,4,2,LAYUPS
Shandon Anderson,1000,Running Dunk Shot,2PT Field Goal,1,1,DUNKS
Shandon Anderson,1000,Running Jump Shot,2PT Field Goal,1,1,JUMP_SHOTS
Shandon Anderson,1000,Slam Dunk Shot,2PT Field Goal,2,2,DUNKS
Shandon Anderson,1000,Tip Shot,2PT Field Goal,3,1,SPECIALTY_SHOTS
Shandon Anderson,1000,Turnaround Jump Shot,2PT Field Goal,2,1,JUMP_SHOTS
Shawn Kemp,431,Driving Layup Shot,2PT Field Goal,1,1,LAYUPS
Shawn Kemp,431,Jump Shot,2PT Field Goal,1,1,JUMP_SHOTS
Shawn Kemp,431,Layup Shot,2PT Field Goal,4,2,LAYUPS
Shawn Marion,1890,Alley Oop Dunk Shot,2PT Field Goal,12,12,DUNKS
Shawn Marion,1890,Alley Oop Layup shot,2PT Field Goal,4,2,LAYUPS
Shawn Marion,1890,Driving Dunk Shot,2PT Field Goal,9,9,DUNKS
Shawn Marion,1890,Driving Finger Roll Shot,2PT Field Goal,2,2,LAYUPS
Shawn Marion,1890,Driving Layup Shot,2PT Field Goal,14,8,LAYUPS
Shawn Marion,1890,Dunk Shot,2PT Field Goal,35,33,DUNKS
Shawn Marion,1890,Fadeaway Jump Shot,2PT Field Goal,2,1,JUMP_SHOTS
Shawn Marion,1890,Finger Roll Shot,2PT Field Goal,1,1,LAYUPS
Shawn Marion,1890,Follow Up Dunk Shot,2PT Field Goal,4,3,DUNKS
Shawn Marion,1890,Hook Shot,2PT Field Goal,3,3,POST_MOVES
Shawn Marion,1890,Jump Shot,2PT Field Goal,684,273,JUMP_SHOTS
Shawn Marion,1890,Jump Shot,3PT Field Goal,93,33,JUMP_SHOTS
Shawn Marion,1890,Layup Shot,2PT Field Goal,118,63,LAYUPS
Shawn Marion,1890,Reverse Dunk Shot,2PT Field Goal,1,1,DUNKS
Shawn Marion,1890,Reverse Layup Shot,2PT Field Goal,3,2,LAYUPS
Shawn Marion,1890,Running Hook Shot,2PT Field Goal,1,1,POST_MOVES
Shawn Marion,1890,Running Jump Shot,2PT Field Goal,36,27,JUMP_SHOTS
Shawn Marion,1890,Slam Dunk Shot,2PT Field Goal,18,18,DUNKS
Shawn Marion,1890,Tip Shot,2PT Field Goal,24,8,SPECIALTY_SHOTS
Shawn Marion,1890,Turnaround Hook Shot,2PT Field Goal,1,1,POST_MOVES
Shawn Marion,1890,Turnaround Jump Shot,2PT Field Goal,13,8,JUMP_SHOTS
Shawnelle Scott,1035,Driving Layup Shot,2PT Field Goal,2,2,LAYUPS
Shawnelle Scott,1035,Dunk Shot,2PT Field Goal,2,2,DUNKS
Shawnelle Scott,1035,Hook Shot,2PT Field Goal,4,1,POST_MOVES
Shawnelle Scott,1035,Jump Shot,2PT Field Goal,5,2,JUMP_SHOTS
Shawnelle Scott,1035,Layup Shot,2PT Field Goal,14,10,LAYUPS
Shawnelle Scott,1035,Reverse Layup Shot,2PT Field Goal,1,0,LAYUPS
Shawnelle Scott,1035,Tip Shot,2PT Field Goal,5,4,SPECIALTY_SHOTS
Slava Medvedenko,2098,Driving Dunk Shot,2PT Field Goal,3,3,DUNKS
Slava Medvedenko,2098,Driving Layup Shot,2PT Field Goal,4,3,LAYUPS
Slava Medvedenko,2098,Hook Shot,2PT Field Goal,1,1,POST_MOVES
Slava Medvedenko,2098,Jump Shot,2PT Field Goal,25,9,JUMP_SHOTS
Slava Medvedenko,2098,Jump Shot,3PT Field Goal,2,0,JUMP_SHOTS
Slava Medvedenko,2098,Layup Shot,2PT Field Goal,13,10,LAYUPS
Slava Medvedenko,2098,Reverse Layup Shot,2PT Field Goal,1,1,LAYUPS
Slava Medvedenko,2098,Slam Dunk Shot,2PT Field Goal,1,1,DUNKS
Slava Medvedenko,2098,Tip Shot,2PT Field Goal,6,2,SPECIALTY_SHOTS
Slava Medvedenko,2098,Turnaround Jump Shot,2PT Field Goal,3,2,JUMP_SHOTS
Stephen Jackson,1536,Jump Shot,3PT Field Goal,1,0,JUMP_SHOTS
Steve Francis,1883,Driving Layup Shot,2PT Field Goal,1,1,LAYUPS
Steve Francis,1883,Dunk Shot,2PT Field Goal,1,1,DUNKS
Steve Francis,1883,Jump Shot,2PT Field Goal,4,1,JUMP_SHOTS
Steve Francis,1883,Jump Shot,3PT Field Goal,2,1,JUMP_SHOTS
Steve Francis,1883,Tip Shot,2PT Field Goal,1,1,SPECIALTY_SHOTS
Steven Smith,120,Driving Layup Shot,2PT Field Goal,11,8,LAYUPS
Steven Smith,120,Dunk Shot,2PT Field Goal,1,1,DUNKS
Steven Smith,120,Fadeaway Jump Shot,2PT Field Goal,3,1,JUMP_SHOTS
Steven Smith,120,Finger Roll Shot,2PT Field Goal,1,1,LAYUPS
Steven Smith,120,Hook Shot,2PT Field Goal,2,2,POST_MOVES
Steven Smith,120,Jump Shot,2PT Field Goal,102,22,JUMP_SHOTS
Steven Smith,120,Jump Shot,3PT Field Goal,112,54,JUMP_SHOTS
Steven Smith,120,Layup Shot,2PT Field Goal,41,21,LAYUPS
Steven Smith,120,Reverse Layup Shot,2PT Field Goal,6,5,LAYUPS
Steven Smith,120,Running Jump Shot,2PT Field Goal,3,2,JUMP_SHOTS
Steven Smith,120,Running Layup Shot,2PT Field Goal,1,1,LAYUPS
Steven Smith,120,Tip Shot,2PT Field Goal,3,2,SPECIALTY_SHOTS
Steven Smith,120,Turnaround Jump Shot,2PT Field Goal,8,4,JUMP_SHOTS
Stromile Swift,2031,Dunk Shot,2PT Field Goal,1,1,DUNKS
Stromile Swift,2031,Follow Up Dunk Shot,2PT Field Goal,1,1,DUNKS
Stromile Swift,2031,Jump Shot,2PT Field Goal,10,2,JUMP_SHOTS
Stromile Swift,2031,Layup Shot,2PT Field Goal,1,0,LAYUPS
Stromile Swift,2031,Reverse Layup Shot,2PT Field Goal,1,0,LAYUPS
Stromile Swift,2031,Running Jump Shot,2PT Field Goal,1,0,JUMP_SHOTS
Stromile Swift,2031,Tip Shot,2PT Field Goal,1,1,SPECIALTY_SHOTS
Tariq Abdul-Wahad,1505,Driving Dunk Shot,2PT Field Goal,1,1,DUNKS
Tariq Abdul-Wahad,1505,Driving Layup Shot,2PT Field Goal,5,5,LAYUPS
Tariq Abdul-Wahad,1505,Dunk Shot,2PT Field Goal,5,3,DUNKS
Tariq Abdul-Wahad,1505,Fadeaway Jump Shot,2PT Field Goal,1,1,JUMP_SHOTS
Tariq Abdul-Wahad,1505,Finger Roll Shot,2PT Field Goal,2,0,LAYUPS
Tariq Abdul-Wahad,1505,Hook Shot,2PT Field Goal,1,1,POST_MOVES
Tariq Abdul-Wahad,1505,Jump Hook Shot,2PT Field Goal,1,0,POST_MOVES
Tariq Abdul-Wahad,1505,Jump Shot,2PT Field Goal,47,9,JUMP_SHOTS
Tariq Abdul-Wahad,1505,Jump Shot,3PT Field Goal,1,1,JUMP_SHOTS
Tariq Abdul-Wahad,1505,Layup Shot,2PT Field Goal,18,9,LAYUPS
Tariq Abdul-Wahad,1505,Reverse Layup Shot,2PT Field Goal,5,4,LAYUPS
Tariq Abdul-Wahad,1505,Running Jump Shot,2PT Field Goal,1,0,JUMP_SHOTS
Tariq Abdul-Wahad,1505,Tip Shot,2PT Field Goal,4,1,SPECIALTY_SHOTS
Tariq Abdul-Wahad,1505,Turnaround Jump Shot,2PT Field Goal,5,2,JUMP_SHOTS
Tim Duncan,1495,Alley Oop Dunk Shot,2PT Field Goal,1,1,DUNKS
Tim Duncan,1495,Driving Dunk Shot,2PT Field Goal,2,2,DUNKS
Tim Duncan,1495,Driving Layup Shot,2PT Field Goal,2,1,LAYUPS
Tim Duncan,1495,Dunk Shot,2PT Field Goal,8,8,DUNKS
Tim Duncan,1495,Finger Roll Shot,2PT Field Goal,1,1,LAYUPS
Tim Duncan,1495,Hook Shot,2PT Field Goal,3,2,POST_MOVES
Tim Duncan,1495,Jump Hook Shot,2PT Field Goal,1,1,POST_MOVES
Tim Duncan,1495,Jump Shot,2PT Field Goal,80,32,JUMP_SHOTS
Tim Duncan,1495,Jump Shot,3PT Field Goal,4,1,JUMP_SHOTS
Tim Duncan,1495,Layup Shot,2PT Field Goal,32,17,LAYUPS
Tim Duncan,1495,Running Jump Shot,2PT Field Goal,3,2,JUMP_SHOTS
Tim Duncan,1495,Running Layup Shot,2PT Field Goal,1,1,LAYUPS
Tim Duncan,1495,Slam Dunk Shot,2PT Field Goal,2,2,DUNKS
Tim Duncan,1495,Tip Shot,2PT Field Goal,1,1,SPECIALTY_SHOTS
Tim Duncan,1495,Turnaround Hook Shot,2PT Field Goal,2,1,POST_MOVES
Tim Duncan,1495,Turnaround Jump Shot,2PT Field Goal,6,4,JUMP_SHOTS
Tim Thomas,1501,Driving Dunk Shot,2PT Field Goal,3,3,DUNKS
Tim Thomas,1501,Driving Layup Shot,2PT Field Goal,14,12,LAYUPS
Tim Thomas,1501,Dunk Shot,2PT Field Goal,17,17,DUNKS
Tim Thomas,1501,Jump Hook Shot,2PT Field Goal,1,1,POST_MOVES
Tim Thomas,1501,Jump Shot,2PT Field Goal,122,38,JUMP_SHOTS
Tim Thomas,1501,Jump Shot,3PT Field Goal,148,46,JUMP_SHOTS
Tim Thomas,1501,Layup Shot,2PT Field Goal,63,25,LAYUPS
Tim Thomas,1501,Reverse Dunk Shot,2PT Field Goal,1,0,DUNKS
Tim Thomas,1501,Running Dunk Shot,2PT Field Goal,1,1,DUNKS
Tim Thomas,1501,Running Jump Shot,2PT Field Goal,6,5,JUMP_SHOTS
Tim Thomas,1501,Running Layup Shot,2PT Field Goal,1,1,LAYUPS
Tim Thomas,1501,Slam Dunk Shot,2PT Field Goal,10,10,DUNKS
Tim Thomas,1501,Tip Shot,2PT Field Goal,5,4,SPECIALTY_SHOTS
Tim Thomas,1501,Turnaround Jump Shot,2PT Field Goal,8,8,JUMP_SHOTS
Todd MacCulloch,1928,Hook Shot,2PT Field Goal,2,1,POST_MOVES
Todd MacCulloch,1928,Jump Shot,2PT Field Goal,1,0,JUMP_SHOTS
Todd MacCulloch,1928,Layup Shot,2PT Field Goal,7,4,LAYUPS
Todd MacCulloch,1928,Tip Shot,2PT Field Goal,1,0,SPECIALTY_SHOTS
Tom Gugliotta,339,Jump Shot,2PT Field Goal,6,2,JUMP_SHOTS
Tony Battie,1499,Alley Oop Dunk Shot,2PT Field Goal,4,4,DUNKS
Tony Battie,1499,Alley Oop Layup shot,2PT Field Goal,4,3,LAYUPS
Tony Battie,1499,Driving Dunk Shot,2PT Field Goal,1,1,DUNKS
Tony Battie,1499,Driving Layup Shot,2PT Field Goal,2,2,LAYUPS
Tony Battie,1499,Dunk Shot,2PT Field Goal,7,7,DUNKS
Tony Battie,1499,Fadeaway Jump Shot,2PT Field Goal,1,1,JUMP_SHOTS
Tony Battie,1499,Follow Up Dunk Shot,2PT Field Goal,2,2,DUNKS
Tony Battie,1499,Hook Shot,2PT Field Goal,1,0,POST_MOVES
Tony Battie,1499,Jump Shot,2PT Field Goal,112,43,JUMP_SHOTS
Tony Battie,1499,Layup Shot,2PT Field Goal,38,19,LAYUPS
Tony Battie,1499,Reverse Dunk Shot,2PT Field Goal,2,2,DUNKS
Tony Battie,1499,Reverse Layup Shot,2PT Field Goal,3,2,LAYUPS
Tony Battie,1499,Slam Dunk Shot,2PT Field Goal,26,26,DUNKS
Tony Battie,1499,Tip Shot,2PT Field Goal,9,6,SPECIALTY_SHOTS
Tony Battie,1499,Turnaround Jump Shot,2PT Field Goal,4,2,JUMP_SHOTS
Tracy McGrady,1503,Alley Oop Dunk Shot,2PT Field Goal,10,10,DUNKS
Tracy McGrady,1503,Alley Oop Layup shot,2PT Field Goal,4,3,LAYUPS
Tracy McGrady,1503,Driving Dunk Shot,2PT Field Goal,17,15,DUNKS
Tracy McGrady,1503,Driving Finger Roll Shot,2PT Field Goal,6,3,LAYUPS
Tracy McGrady,1503,Driving Layup Shot,2PT Field Goal,59,39,LAYUPS
Tracy McGrady,1503,Dunk Shot,2PT Field Goal,20,16,DUNKS
Tracy McGrady,1503,Fadeaway Jump Shot,2PT Field Goal,22,11,JUMP_SHOTS
Tracy McGrady,1503,Finger Roll Shot,2PT Field Goal,3,2,LAYUPS
Tracy McGrady,1503,Follow Up Dunk Shot,2PT Field Goal,3,3,DUNKS
Tracy McGrady,1503,Hook Shot,2PT Field Goal,10,3,POST_MOVES
Tracy McGrady,1503,Jump Shot,2PT Field Goal,342,119,JUMP_SHOTS
Tracy McGrady,1503,Jump Shot,3PT Field Goal,177,67,JUMP_SHOTS
Tracy McGrady,1503,Layup Shot,2PT Field Goal,88,36,LAYUPS
Tracy McGrady,1503,Reverse Dunk Shot,2PT Field Goal,9,8,DUNKS
Tracy McGrady,1503,Reverse Layup Shot,2PT Field Goal,26,14,LAYUPS
Tracy McGrady,1503,Running Dunk Shot,2PT Field Goal,2,2,DUNKS
Tracy McGrady,1503,Running Hook Shot,2PT Field Goal,3,2,POST_MOVES
Tracy McGrady,1503,Running Jump Shot,2PT Field Goal,33,20,JUMP_SHOTS
Tracy McGrady,1503,Running Jump Shot,3PT Field Goal,1,0,JUMP_SHOTS
Tracy McGrady,1503,Running Layup Shot,2PT Field Goal,1,1,LAYUPS
Tracy McGrady,1503,Slam Dunk Shot,2PT Field Goal,13,13,DUNKS
Tracy McGrady,1503,Tip Shot,2PT Field Goal,21,10,SPECIALTY_SHOTS
Tracy McGrady,1503,Turnaround Jump Shot,2PT Field Goal,46,18,JUMP_SHOTS
Tracy McGrady,1503,Turnaround Jump Shot,3PT Field Goal,2,1,JUMP_SHOTS
Tremaine Fowlkes,1762,Hook Shot,2PT Field Goal,1,0,POST_MOVES
Troy Hudson,1607,Driving Finger Roll Shot,2PT Field Goal,2,2,LAYUPS
Troy Hudson,1607,Driving Layup Shot,2PT Field Goal,12,7,LAYUPS
Troy Hudson,1607,Fadeaway Jump Shot,2PT Field Goal,3,1,JUMP_SHOTS
Troy Hudson,1607,Finger Roll Shot,2PT Field Goal,1,1,LAYUPS
Troy Hudson,1607,Jump Shot,2PT Field Goal,35,13,JUMP_SHOTS
Troy Hudson,1607,Jump Shot,3PT Field Goal,19,8,JUMP_SHOTS
Troy Hudson,1607,Layup Shot,2PT Field Goal,9,4,LAYUPS
Troy Hudson,1607,Reverse Layup Shot,2PT Field Goal,1,0,LAYUPS
Troy Hudson,1607,Running Hook Shot,2PT Field Goal,1,1,POST_MOVES
Troy Hudson,1607,Running Jump Shot,2PT Field Goal,1,1,JUMP_SHOTS
Tyrone Nesby,1838,Alley Oop Dunk Shot,2PT Field Goal,1,1,DUNKS
Tyrone Nesby,1838,Alley Oop Layup shot,2PT Field Goal,1,0,LAYUPS
Tyrone Nesby,1838,Driving Dunk Shot,2PT Field Goal,1,1,DUNKS
Tyrone Nesby,1838,Driving Layup Shot,2PT Field Goal,6,6,LAYUPS
Tyrone Nesby,1838,Fadeaway Jump Shot,2PT Field Goal,1,1,JUMP_SHOTS
Tyrone Nesby,1838,Jump Shot,2PT Field Goal,34,12,JUMP_SHOTS
Tyrone Nesby,1838,Jump Shot,3PT Field Goal,7,1,JUMP_SHOTS
Tyrone Nesby,1838,Layup Shot,2PT Field Goal,6,2,LAYUPS
Tyrone Nesby,1838,Running Jump Shot,2PT Field Goal,1,0,JUMP_SHOTS
Tyrone Nesby,1838,Slam Dunk Shot,2PT Field Goal,2,2,DUNKS
Tyrone Nesby,1838,Tip Shot,2PT Field Goal,1,1,SPECIALTY_SHOTS
Tyronn Lue,1731,Driving Layup Shot,2PT Field Goal,24,23,LAYUPS
Tyronn Lue,1731,Fadeaway Jump Shot,2PT Field Goal,2,2,JUMP_SHOTS
Tyronn Lue,1731,Jump Shot,2PT Field Goal,131,38,JUMP_SHOTS
Tyronn Lue,1731,Jump Shot,3PT Field Goal,71,30,JUMP_SHOTS
Tyronn Lue,1731,Layup Shot,2PT Field Goal,20,4,LAYUPS
Tyronn Lue,1731,Reverse Layup Shot,2PT Field Goal,2,2,LAYUPS
Tyronn Lue,1731,Running Jump Shot,2PT Field Goal,18,15,JUMP_SHOTS
Tyronn Lue,1731,Running Jump Shot,3PT Field Goal,1,1,JUMP_SHOTS
Tyronn Lue,1731,Tip Shot,2PT Field Goal,1,1,SPECIALTY_SHOTS
Tyronn Lue,1731,Turnaround Jump Shot,2PT Field Goal,6,5,JUMP_SHOTS
Vlade Divac,124,Driving Dunk Shot,2PT Field Goal,3,3,DUNKS
Vlade Divac,124,Driving Finger Roll Shot,2PT Field Goal,1,1,LAYUPS
Vlade Divac,124,Driving Layup Shot,2PT Field Goal,7,4,LAYUPS
Vlade Divac,124,Dunk Shot,2PT Field Goal,2,2,DUNKS
Vlade Divac,124,Fadeaway Jump Shot,2PT Field Goal,1,0,JUMP_SHOTS
Vlade Divac,124,Finger Roll Shot,2PT Field Goal,2,1,LAYUPS
Vlade Divac,124,Hook Shot,2PT Field Goal,7,1,POST_MOVES
Vlade Divac,124,Jump Hook Shot,2PT Field Goal,1,1,POST_MOVES
Vlade Divac,124,Jump Shot,2PT Field Goal,38,12,JUMP_SHOTS
Vlade Divac,124,Jump Shot,3PT Field Goal,3,1,JUMP_SHOTS
Vlade Divac,124,Layup Shot,2PT Field Goal,20,12,LAYUPS
Vlade Divac,124,Reverse Layup Shot,2PT Field Goal,2,2,LAYUPS
Vlade Divac,124,Running Hook Shot,2PT Field Goal,3,2,POST_MOVES
Vlade Divac,124,Slam Dunk Shot,2PT Field Goal,1,1,DUNKS
Vlade Divac,124,Tip Shot,2PT Field Goal,7,2,SPECIALTY_SHOTS
Vlade Divac,124,Turnaround Jump Shot,2PT Field Goal,1,1,JUMP_SHOTS
Vladimir Radmanovic,2209,Jump Shot,3PT Field Goal,2,1,JUMP_SHOTS
Vladimir Stepania,1735,Alley Oop Layup shot,2PT Field Goal,1,1,LAYUPS
Vladimir Stepania,1735,Driving Layup Shot,2PT Field Goal,2,1,LAYUPS
Vladimir Stepania,1735,Dunk Shot,2PT Field Goal,3,2,DUNKS
Vladimir Stepania,1735,Fadeaway Jump Shot,2PT Field Goal,1,0,JUMP_SHOTS
Vladimir Stepania,1735,Hook Shot,2PT Field Goal,5,3,POST_MOVES
Vladimir Stepania,1735,Jump Hook Shot,2PT Field Goal,1,1,POST_MOVES
Vladimir Stepania,1735,Jump Shot,2PT Field Goal,20,4,JUMP_SHOTS
Vladimir Stepania,1735,Layup Shot,2PT Field Goal,10,5,LAYUPS
Vladimir Stepania,1735,Running Hook Shot,2PT Field Goal,2,1,POST_MOVES
Vladimir Stepania,1735,Slam Dunk Shot,2PT Field Goal,1,1,DUNKS
Vladimir Stepania,1735,Tip Shot,2PT Field Goal,3,2,SPECIALTY_SHOTS
Wally Szczerbiak,1887,Driving Layup Shot,2PT Field Goal,2,2,LAYUPS
Wally Szczerbiak,1887,Jump Hook Shot,2PT Field Goal,1,0,POST_MOVES
Wally Szczerbiak,1887,Jump Shot,2PT Field Goal,3,1,JUMP_SHOTS
Wally Szczerbiak,1887,Layup Shot,2PT Field Goal,1,1,LAYUPS
Wally Szczerbiak,1887,Turnaround Jump Shot,2PT Field Goal,1,1,JUMP_SHOTS
Walt Williams,1005,Driving Dunk Shot,2PT Field Goal,2,2,DUNKS
Walt Williams,1005,Driving Layup Shot,2PT Field Goal,6,3,LAYUPS
Walt Williams,1005,Fadeaway Jump Shot,2PT Field Goal,1,1,JUMP_SHOTS
Walt Williams,1005,Finger Roll Shot,2PT Field Goal,2,1,LAYUPS
Walt Williams,1005,Jump Shot,2PT Field Goal,9,3,JUMP_SHOTS
Walt Williams,1005,Jump Shot,3PT Field Goal,35,17,JUMP_SHOTS
Walt Williams,1005,Layup Shot,2PT Field Goal,8,3,LAYUPS
Walt Williams,1005,Running Jump Shot,2PT Field Goal,2,0,JUMP_SHOTS
Walt Williams,1005,Tip Shot,2PT Field Goal,1,1,SPECIALTY_SHOTS
Walt Williams,1005,Turnaround Jump Shot,2PT Field Goal,1,1,JUMP_SHOTS
Wang Zhi-zhi,1917,Driving Layup Shot,2PT Field Goal,3,3,LAYUPS
Wang Zhi-zhi,1917,Jump Shot,2PT Field Goal,12,3,JUMP_SHOTS
Wang Zhi-zhi,1917,Jump Shot,3PT Field Goal,20,6,JUMP_SHOTS
Wang Zhi-zhi,1917,Layup Shot,2PT Field Goal,2,0,LAYUPS
Wang Zhi-zhi,1917,Reverse Layup Shot,2PT Field Goal,1,1,LAYUPS
Zeljko Rebraca,1442,Driving Dunk Shot,2PT Field Goal,1,1,DUNKS
Zeljko Rebraca,1442,Driving Hook Shot,2PT Field Goal,1,1,POST_MOVES
Zeljko Rebraca,1442,Driving Layup Shot,2PT Field Goal,1,1,LAYUPS
Zeljko Rebraca,1442,Dunk Shot,2PT Field Goal,2,2,DUNKS
Zeljko Rebraca,1442,Fadeaway Jump Shot,2PT Field Goal,3,2,JUMP_SHOTS
Zeljko Rebraca,1442,Finger Roll Shot,2PT Field Goal,1,1,LAYUPS
Zeljko Rebraca,1442,Hook Shot,2PT Field Goal,23,7,POST_MOVES
Zeljko Rebraca,1442,Jump Hook Shot,2PT Field Goal,1,0,POST_MOVES
Zeljko Rebraca,1442,Jump Shot,2PT Field Goal,48,14,JUMP_SHOTS
Zeljko Rebraca,1442,Layup Shot,2PT Field Goal,27,15,LAYUPS
Zeljko Rebraca,1442,Reverse Layup Shot,2PT Field Goal,1,0,LAYUPS
Zeljko Rebraca,1442,Tip Shot,2PT Field Goal,1,0,SPECIALTY_SHOTS
Zeljko Rebraca,1442,Turnaround Hook Shot,2PT Field Goal,2,2,POST_MOVES
Zeljko Rebraca,1442,Turnaround Jump Shot,2PT Field Goal,4,1,JUMP_SHOTS
Zendon Hamilton,1985,Dunk Shot,2PT Field Goal,1,1,DUNKS
Zendon Hamilton,1985,Jump Shot,2PT Field Goal,5,2,JUMP_SHOTS
Zendon Hamilton,1985,Layup Shot,2PT Field Goal,4,3,LAYUPS
Zendon Hamilton,1985,Tip Shot,2PT Field Goal,1,1,SPECIALTY_SHOTS
