PLAYER_NAME,PLAYER_ID,shot_description,shot_count,shot_makes,shot_group,year
Aaron McKie,243,2PT Jump Shot,21,9,TWO_POINT_JUMPERS,2002
Aaron McKie,243,2PT Running Jump Shot,1,1,TWO_POINT_JUMPERS,2002
Aaron McKie,243,3PT Jump Shot,16,6,THREE_POINT_JUMPERS,2002
Aaron McKie,243,Driving Layup,2,2,LAYUPS,2002
Aaron McKie,243,Standard Layup,6,2,LAYUPS,2002
Aaron Williams,1425,2PT Jump Shot,44,19,TWO_POINT_JUMPERS,2002
Aaron Williams,1425,2PT Turnaround Jump Shot,2,1,TWO_POINT_JUMPERS,2002
Aaron Williams,1425,3PT Jump Shot,1,0,THREE_POINT_JUMPERS,2002
Aaron Williams,1425,Alley Oop Layup,1,1,LAYUPS,2002
Aaron Williams,1425,Driving Layup,2,0,LAYUPS,2002
Aaron Williams,1425,Finger Roll,3,2,LAYUPS,2002
Aaron Williams,1425,Hook Shot,7,3,POST_MOVES,2002
Aaron Williams,1425,Running Hook Shot,1,1,POST_MOVES,2002
Aaron Williams,1425,Standard Dunk,9,8,DUNKS,2002
Aaron Williams,1425,Standard Layup,18,8,LAYUPS,2002
Aaron Williams,1425,Tip Shot,7,2,TIP_SHOTS,2002
Aaron Williams,1425,Turnaround Hook Shot,1,1,POST_MOVES,2002
Adrian Griffin,1559,2PT Fadeaway Jump Shot,1,0,TWO_POINT_JUMPERS,2002
Adrian Griffin,1559,2PT Jump Shot,10,7,TWO_POINT_JUMPERS,2002
Adrian Griffin,1559,3PT Jump Shot,2,0,THREE_POINT_JUMPERS,2002
Adrian Griffin,1559,Driving Layup,1,1,LAYUPS,2002
Adrian Griffin,1559,Running Hook Shot,1,1,POST_MOVES,2002
Adrian Griffin,1559,Standard Layup,2,1,LAYUPS,2002
Allen Iverson,947,2PT Fadeaway Jump Shot,4,4,TWO_POINT_JUMPERS,2002
Allen Iverson,947,2PT Jump Shot,54,16,TWO_POINT_JUMPERS,2002
Allen Iverson,947,2PT Running Jump Shot,3,3,TWO_POINT_JUMPERS,2002
Allen Iverson,947,3PT Jump Shot,27,9,THREE_POINT_JUMPERS,2002
Allen Iverson,947,Driving Layup,4,4,LAYUPS,2002
Allen Iverson,947,Finger Roll,2,2,LAYUPS,2002
Allen Iverson,947,Reverse Layup,3,3,LAYUPS,2002
Allen Iverson,947,Standard Layup,21,4,LAYUPS,2002
Alvin Williams,1541,2PT Fadeaway Jump Shot,3,0,TWO_POINT_JUMPERS,2002
Alvin Williams,1541,2PT Jump Shot,36,10,TWO_POINT_JUMPERS,2002
Alvin Williams,1541,2PT Running Jump Shot,7,2,TWO_POINT_JUMPERS,2002
Alvin Williams,1541,2PT Turnaround Jump Shot,1,1,TWO_POINT_JUMPERS,2002
Alvin Williams,1541,3PT Jump Shot,14,3,THREE_POINT_JUMPERS,2002
Alvin Williams,1541,Driving Layup,5,4,LAYUPS,2002
Alvin Williams,1541,Standard Layup,9,4,LAYUPS,2002
Andrei Kirilenko,1905,2PT Jump Shot,11,3,TWO_POINT_JUMPERS,2002
Andrei Kirilenko,1905,3PT Jump Shot,4,0,THREE_POINT_JUMPERS,2002
Andrei Kirilenko,1905,Driving Layup,2,2,LAYUPS,2002
Andrei Kirilenko,1905,Standard Dunk,4,4,DUNKS,2002
Andrei Kirilenko,1905,Standard Layup,5,1,LAYUPS,2002
Andrei Kirilenko,1905,Tip Shot,2,1,TIP_SHOTS,2002
Ansu Sesay,1738,2PT Jump Shot,4,0,TWO_POINT_JUMPERS,2002
Ansu Sesay,1738,Driving Layup,1,0,LAYUPS,2002
Ansu Sesay,1738,Reverse Layup,1,1,LAYUPS,2002
Ansu Sesay,1738,Standard Layup,2,2,LAYUPS,2002
Anthony Johnson,1533,2PT Jump Shot,26,12,TWO_POINT_JUMPERS,2002
Anthony Johnson,1533,2PT Running Jump Shot,4,2,TWO_POINT_JUMPERS,2002
Anthony Johnson,1533,2PT Turnaround Jump Shot,2,1,TWO_POINT_JUMPERS,2002
Anthony Johnson,1533,3PT Jump Shot,10,1,THREE_POINT_JUMPERS,2002
Anthony Johnson,1533,Driving Layup,6,3,LAYUPS,2002
Anthony Johnson,1533,Standard Layup,5,1,LAYUPS,2002
Anthony Peeler,324,2PT Jump Shot,8,2,TWO_POINT_JUMPERS,2002
Anthony Peeler,324,3PT Jump Shot,9,5,THREE_POINT_JUMPERS,2002
Anthony Peeler,324,Driving Layup,1,1,LAYUPS,2002
Anthony Peeler,324,Reverse Layup,1,1,LAYUPS,2002
Anthony Peeler,324,Standard Layup,1,0,LAYUPS,2002
Antoine Walker,952,2PT Fadeaway Jump Shot,4,2,TWO_POINT_JUMPERS,2002
Antoine Walker,952,2PT Jump Shot,69,15,TWO_POINT_JUMPERS,2002
Antoine Walker,952,2PT Running Jump Shot,8,4,TWO_POINT_JUMPERS,2002
Antoine Walker,952,2PT Turnaround Jump Shot,6,2,TWO_POINT_JUMPERS,2002
Antoine Walker,952,3PT Jump Shot,109,42,THREE_POINT_JUMPERS,2002
Antoine Walker,952,Driving Dunk,1,1,DUNKS,2002
Antoine Walker,952,Driving Layup,19,13,LAYUPS,2002
Antoine Walker,952,Finger Roll,2,0,LAYUPS,2002
Antoine Walker,952,Hook Shot,14,11,POST_MOVES,2002
Antoine Walker,952,Reverse Layup,1,1,LAYUPS,2002
Antoine Walker,952,Standard Dunk,3,3,DUNKS,2002
Antoine Walker,952,Standard Layup,76,32,LAYUPS,2002
Antoine Walker,952,Tip Shot,7,5,TIP_SHOTS,2002
Antonio Daniels,1498,2PT Jump Shot,26,6,TWO_POINT_JUMPERS,2002
Antonio Daniels,1498,2PT Running Jump Shot,7,4,TWO_POINT_JUMPERS,2002
Antonio Daniels,1498,2PT Turnaround Jump Shot,1,1,TWO_POINT_JUMPERS,2002
Antonio Daniels,1498,3PT Jump Shot,16,6,THREE_POINT_JUMPERS,2002
Antonio Daniels,1498,Driving Dunk,1,1,DUNKS,2002
Antonio Daniels,1498,Driving Layup,8,7,LAYUPS,2002
Antonio Daniels,1498,Finger Roll,1,1,LAYUPS,2002
Antonio Daniels,1498,Hook Shot,1,1,POST_MOVES,2002
Antonio Daniels,1498,Reverse Layup,2,2,LAYUPS,2002
Antonio Daniels,1498,Standard Dunk,2,2,DUNKS,2002
Antonio Daniels,1498,Standard Layup,12,4,LAYUPS,2002
Antonio Davis,213,2PT Fadeaway Jump Shot,3,1,TWO_POINT_JUMPERS,2002
Antonio Davis,213,2PT Jump Shot,37,17,TWO_POINT_JUMPERS,2002
Antonio Davis,213,2PT Turnaround Jump Shot,3,3,TWO_POINT_JUMPERS,2002
Antonio Davis,213,Alley Oop Dunk,1,1,DUNKS,2002
Antonio Davis,213,Driving Dunk,1,1,DUNKS,2002
Antonio Davis,213,Driving Layup,1,1,LAYUPS,2002
Antonio Davis,213,Hook Shot,7,3,POST_MOVES,2002
Antonio Davis,213,Reverse Layup,1,1,LAYUPS,2002
Antonio Davis,213,Running Hook Shot,1,0,POST_MOVES,2002
Antonio Davis,213,Standard Dunk,6,4,DUNKS,2002
Antonio Davis,213,Standard Layup,14,2,LAYUPS,2002
Austin Croshere,1506,2PT Fadeaway Jump Shot,2,2,TWO_POINT_JUMPERS,2002
Austin Croshere,1506,2PT Jump Shot,6,2,TWO_POINT_JUMPERS,2002
Austin Croshere,1506,3PT Jump Shot,6,2,THREE_POINT_JUMPERS,2002
Austin Croshere,1506,Driving Dunk,1,0,DUNKS,2002
Austin Croshere,1506,Driving Layup,1,1,LAYUPS,2002
Austin Croshere,1506,Standard Dunk,1,1,DUNKS,2002
Austin Croshere,1506,Standard Layup,3,0,LAYUPS,2002
Baron Davis,1884,2PT Fadeaway Jump Shot,8,5,TWO_POINT_JUMPERS,2002
Baron Davis,1884,2PT Jump Shot,46,10,TWO_POINT_JUMPERS,2002
Baron Davis,1884,2PT Running Jump Shot,5,2,TWO_POINT_JUMPERS,2002
Baron Davis,1884,2PT Turnaround Jump Shot,3,2,TWO_POINT_JUMPERS,2002
Baron Davis,1884,3PT Jump Shot,62,21,THREE_POINT_JUMPERS,2002
Baron Davis,1884,Driving Dunk,4,4,DUNKS,2002
Baron Davis,1884,Driving Layup,23,12,LAYUPS,2002
Baron Davis,1884,Reverse Dunk,1,0,DUNKS,2002
Baron Davis,1884,Reverse Layup,5,3,LAYUPS,2002
Baron Davis,1884,Standard Dunk,1,1,DUNKS,2002
Baron Davis,1884,Standard Layup,28,11,LAYUPS,2002
Baron Davis,1884,Tip Shot,2,0,TIP_SHOTS,2002
Ben Wallace,1112,2PT Fadeaway Jump Shot,1,1,TWO_POINT_JUMPERS,2002
Ben Wallace,1112,2PT Jump Shot,3,1,TWO_POINT_JUMPERS,2002
Ben Wallace,1112,Alley Oop Layup,1,1,LAYUPS,2002
Ben Wallace,1112,Hook Shot,9,2,POST_MOVES,2002
Ben Wallace,1112,Standard Dunk,21,18,DUNKS,2002
Ben Wallace,1112,Standard Layup,15,3,LAYUPS,2002
Ben Wallace,1112,Tip Shot,9,2,TIP_SHOTS,2002
Bobby Jackson,1517,2PT Jump Shot,50,23,TWO_POINT_JUMPERS,2002
Bobby Jackson,1517,2PT Running Jump Shot,1,1,TWO_POINT_JUMPERS,2002
Bobby Jackson,1517,3PT Jump Shot,43,11,THREE_POINT_JUMPERS,2002
Bobby Jackson,1517,Driving Layup,21,16,LAYUPS,2002
Bobby Jackson,1517,Hook Shot,1,1,POST_MOVES,2002
Bobby Jackson,1517,Reverse Layup,5,3,LAYUPS,2002
Bobby Jackson,1517,Standard Layup,25,10,LAYUPS,2002
Bonzi Wells,1719,2PT Fadeaway Jump Shot,1,0,TWO_POINT_JUMPERS,2002
Bonzi Wells,1719,2PT Jump Shot,10,0,TWO_POINT_JUMPERS,2002
Bonzi Wells,1719,2PT Running Jump Shot,1,0,TWO_POINT_JUMPERS,2002
Bonzi Wells,1719,2PT Turnaround Jump Shot,2,2,TWO_POINT_JUMPERS,2002
Bonzi Wells,1719,3PT Jump Shot,7,0,THREE_POINT_JUMPERS,2002
Bonzi Wells,1719,Alley Oop Dunk,1,1,DUNKS,2002
Bonzi Wells,1719,Driving Layup,6,5,LAYUPS,2002
Bonzi Wells,1719,Specialty Dunk,1,0,DUNKS,2002
Bonzi Wells,1719,Standard Dunk,3,2,DUNKS,2002
Bonzi Wells,1719,Standard Layup,6,4,LAYUPS,2002
Brad Miller,1802,2PT Jump Shot,32,14,TWO_POINT_JUMPERS,2002
Brad Miller,1802,2PT Turnaround Jump Shot,3,1,TWO_POINT_JUMPERS,2002
Brad Miller,1802,Driving Layup,1,1,LAYUPS,2002
Brad Miller,1802,Reverse Layup,1,0,LAYUPS,2002
Brad Miller,1802,Standard Dunk,1,1,DUNKS,2002
Brad Miller,1802,Standard Layup,6,3,LAYUPS,2002
Brent Barry,699,2PT Jump Shot,10,3,TWO_POINT_JUMPERS,2002
Brent Barry,699,2PT Running Jump Shot,2,1,TWO_POINT_JUMPERS,2002
Brent Barry,699,2PT Turnaround Jump Shot,1,0,TWO_POINT_JUMPERS,2002
Brent Barry,699,3PT Jump Shot,16,7,THREE_POINT_JUMPERS,2002
Brent Barry,699,Alley Oop Layup,1,1,LAYUPS,2002
Brent Barry,699,Driving Layup,1,0,LAYUPS,2002
Brent Barry,699,Standard Layup,3,2,LAYUPS,2002
Brian Scalabrine,2243,2PT Jump Shot,1,0,TWO_POINT_JUMPERS,2002
Brian Scalabrine,2243,3PT Jump Shot,1,0,THREE_POINT_JUMPERS,2002
Brian Scalabrine,2243,Standard Layup,1,1,LAYUPS,2002
Brian Shaw,216,2PT Jump Shot,14,5,TWO_POINT_JUMPERS,2002
Brian Shaw,216,3PT Jump Shot,32,9,THREE_POINT_JUMPERS,2002
Brian Shaw,216,Driving Layup,5,2,LAYUPS,2002
Brian Shaw,216,Reverse Layup,1,0,LAYUPS,2002
Brian Shaw,216,Standard Layup,9,4,LAYUPS,2002
Brian Shaw,216,Tip Shot,2,1,TIP_SHOTS,2002
Bruce Bowen,1477,2PT Jump Shot,24,8,TWO_POINT_JUMPERS,2002
Bruce Bowen,1477,2PT Turnaround Jump Shot,1,0,TWO_POINT_JUMPERS,2002
Bruce Bowen,1477,3PT Jump Shot,26,11,THREE_POINT_JUMPERS,2002
Bruce Bowen,1477,Driving Layup,3,2,LAYUPS,2002
Bruce Bowen,1477,Reverse Layup,1,0,LAYUPS,2002
Bruce Bowen,1477,Standard Layup,6,4,LAYUPS,2002
Bruno Sundov,1743,Standard Dunk,1,1,DUNKS,2002
Bryce Drew,1724,2PT Turnaround Jump Shot,1,1,TWO_POINT_JUMPERS,2002
Bryon Russell,935,2PT Jump Shot,13,1,TWO_POINT_JUMPERS,2002
Bryon Russell,935,3PT Jump Shot,16,6,THREE_POINT_JUMPERS,2002
Bryon Russell,935,Driving Layup,1,0,LAYUPS,2002
Bryon Russell,935,Standard Layup,5,1,LAYUPS,2002
Bryon Russell,935,Tip Shot,1,1,TIP_SHOTS,2002
Charles Smith,1520,2PT Jump Shot,2,1,TWO_POINT_JUMPERS,2002
Charles Smith,1520,2PT Running Jump Shot,1,1,TWO_POINT_JUMPERS,2002
Chauncey Billups,1497,2PT Jump Shot,24,10,TWO_POINT_JUMPERS,2002
Chauncey Billups,1497,2PT Running Jump Shot,1,1,TWO_POINT_JUMPERS,2002
Chauncey Billups,1497,3PT Jump Shot,15,6,THREE_POINT_JUMPERS,2002
Chauncey Billups,1497,Driving Layup,6,4,LAYUPS,2002
Chauncey Billups,1497,Standard Layup,5,2,LAYUPS,2002
Cherokee Parks,685,2PT Jump Shot,8,1,TWO_POINT_JUMPERS,2002
Cherokee Parks,685,2PT Turnaround Jump Shot,1,0,TWO_POINT_JUMPERS,2002
Cherokee Parks,685,Driving Layup,1,1,LAYUPS,2002
Cherokee Parks,685,Hook Shot,1,1,POST_MOVES,2002
Cherokee Parks,685,Reverse Layup,1,1,LAYUPS,2002
Cherokee Parks,685,Standard Layup,1,0,LAYUPS,2002
Cherokee Parks,685,Tip Shot,1,0,TIP_SHOTS,2002
Chris Childs,164,2PT Fadeaway Jump Shot,1,0,TWO_POINT_JUMPERS,2002
Chris Childs,164,2PT Jump Shot,22,7,TWO_POINT_JUMPERS,2002
Chris Childs,164,2PT Running Jump Shot,2,0,TWO_POINT_JUMPERS,2002
Chris Childs,164,2PT Turnaround Jump Shot,1,0,TWO_POINT_JUMPERS,2002
Chris Childs,164,3PT Jump Shot,17,8,THREE_POINT_JUMPERS,2002
Chris Childs,164,Driving Layup,4,4,LAYUPS,2002
Chris Childs,164,Finger Roll,2,2,LAYUPS,2002
Chris Childs,164,Standard Layup,5,0,LAYUPS,2002
Chris Dudley,201,Hook Shot,1,0,POST_MOVES,2002
Chris Webber,185,2PT Fadeaway Jump Shot,1,1,TWO_POINT_JUMPERS,2002
Chris Webber,185,2PT Jump Shot,153,61,TWO_POINT_JUMPERS,2002
Chris Webber,185,2PT Running Jump Shot,1,1,TWO_POINT_JUMPERS,2002
Chris Webber,185,2PT Turnaround Jump Shot,1,1,TWO_POINT_JUMPERS,2002
Chris Webber,185,3PT Jump Shot,4,0,THREE_POINT_JUMPERS,2002
Chris Webber,185,Alley Oop Dunk,4,4,DUNKS,2002
Chris Webber,185,Alley Oop Layup,3,3,LAYUPS,2002
Chris Webber,185,Driving Dunk,6,6,DUNKS,2002
Chris Webber,185,Driving Layup,10,8,LAYUPS,2002
Chris Webber,185,Finger Roll,5,4,LAYUPS,2002
Chris Webber,185,Hook Shot,49,18,POST_MOVES,2002
Chris Webber,185,Running Hook Shot,1,1,POST_MOVES,2002
Chris Webber,185,Specialty Dunk,2,2,DUNKS,2002
Chris Webber,185,Standard Dunk,22,21,DUNKS,2002
Chris Webber,185,Standard Layup,44,22,LAYUPS,2002
Chris Webber,185,Tip Shot,12,6,TIP_SHOTS,2002
Chris Webber,185,Turnaround Hook Shot,1,1,POST_MOVES,2002
Chucky Atkins,1088,2PT Jump Shot,30,8,TWO_POINT_JUMPERS,2002
Chucky Atkins,1088,2PT Running Jump Shot,9,3,TWO_POINT_JUMPERS,2002
Chucky Atkins,1088,3PT Jump Shot,39,14,THREE_POINT_JUMPERS,2002
Chucky Atkins,1088,Driving Layup,15,13,LAYUPS,2002
Chucky Atkins,1088,Finger Roll,1,1,LAYUPS,2002
Chucky Atkins,1088,Reverse Layup,1,1,LAYUPS,2002
Chucky Atkins,1088,Standard Layup,23,3,LAYUPS,2002
Clifford Robinson,361,2PT Jump Shot,48,18,TWO_POINT_JUMPERS,2002
Clifford Robinson,361,2PT Running Jump Shot,4,3,TWO_POINT_JUMPERS,2002
Clifford Robinson,361,3PT Jump Shot,54,18,THREE_POINT_JUMPERS,2002
Clifford Robinson,361,Driving Dunk,1,1,DUNKS,2002
Clifford Robinson,361,Driving Layup,2,1,LAYUPS,2002
Clifford Robinson,361,Finger Roll,1,1,LAYUPS,2002
Clifford Robinson,361,Hook Shot,6,0,POST_MOVES,2002
Clifford Robinson,361,Standard Layup,8,3,LAYUPS,2002
Corie Blount,916,2PT Jump Shot,5,0,TWO_POINT_JUMPERS,2002
Corie Blount,916,Standard Dunk,1,1,DUNKS,2002
Corie Blount,916,Tip Shot,2,1,TIP_SHOTS,2002
Corliss Williamson,722,2PT Jump Shot,42,15,TWO_POINT_JUMPERS,2002
Corliss Williamson,722,2PT Running Jump Shot,3,2,TWO_POINT_JUMPERS,2002
Corliss Williamson,722,2PT Turnaround Jump Shot,7,4,TWO_POINT_JUMPERS,2002
Corliss Williamson,722,3PT Jump Shot,2,0,THREE_POINT_JUMPERS,2002
Corliss Williamson,722,Driving Hook Shot,1,1,POST_MOVES,2002
Corliss Williamson,722,Driving Layup,5,5,LAYUPS,2002
Corliss Williamson,722,Hook Shot,8,4,POST_MOVES,2002
Corliss Williamson,722,Reverse Layup,4,3,LAYUPS,2002
Corliss Williamson,722,Running Hook Shot,1,1,POST_MOVES,2002
Corliss Williamson,722,Standard Dunk,1,0,DUNKS,2002
Corliss Williamson,722,Standard Layup,34,16,LAYUPS,2002
Corliss Williamson,722,Tip Shot,3,1,TIP_SHOTS,2002
Corliss Williamson,722,Turnaround Hook Shot,1,0,POST_MOVES,2002
Dale Davis,905,2PT Jump Shot,6,0,TWO_POINT_JUMPERS,2002
Dale Davis,905,Driving Dunk,1,1,DUNKS,2002
Dale Davis,905,Standard Dunk,1,1,DUNKS,2002
Dale Davis,905,Standard Layup,2,0,LAYUPS,2002
Dale Davis,905,Tip Shot,1,1,TIP_SHOTS,2002
Damon Jones,1800,2PT Jump Shot,7,4,TWO_POINT_JUMPERS,2002
Damon Jones,1800,3PT Jump Shot,27,8,THREE_POINT_JUMPERS,2002
Damon Jones,1800,Driving Layup,4,4,LAYUPS,2002
Damon Jones,1800,Standard Layup,4,0,LAYUPS,2002
Damon Stoudamire,757,2PT Jump Shot,14,0,TWO_POINT_JUMPERS,2002
Damon Stoudamire,757,3PT Jump Shot,4,3,THREE_POINT_JUMPERS,2002
Damon Stoudamire,757,Driving Layup,1,1,LAYUPS,2002
Damon Stoudamire,757,Standard Layup,3,1,LAYUPS,2002
Dana Barros,344,2PT Jump Shot,1,0,TWO_POINT_JUMPERS,2002
Dana Barros,344,3PT Jump Shot,1,0,THREE_POINT_JUMPERS,2002
Dana Barros,344,Driving Layup,1,1,LAYUPS,2002
Danny Ferry,198,2PT Jump Shot,13,3,TWO_POINT_JUMPERS,2002
Danny Ferry,198,3PT Jump Shot,20,7,THREE_POINT_JUMPERS,2002
Darrell Armstrong,353,2PT Jump Shot,16,9,TWO_POINT_JUMPERS,2002
Darrell Armstrong,353,3PT Jump Shot,17,4,THREE_POINT_JUMPERS,2002
Darrell Armstrong,353,Driving Layup,6,5,LAYUPS,2002
Darrell Armstrong,353,Standard Layup,3,2,LAYUPS,2002
David Robinson,764,2PT Jump Shot,10,4,TWO_POINT_JUMPERS,2002
David Robinson,764,Alley Oop Dunk,2,1,DUNKS,2002
David Robinson,764,Specialty Dunk,1,0,DUNKS,2002
David Robinson,764,Standard Dunk,2,2,DUNKS,2002
David Robinson,764,Standard Layup,3,1,LAYUPS,2002
David Robinson,764,Tip Shot,1,1,TIP_SHOTS,2002
David Wesley,133,2PT Jump Shot,65,19,TWO_POINT_JUMPERS,2002
David Wesley,133,2PT Running Jump Shot,4,1,TWO_POINT_JUMPERS,2002
David Wesley,133,3PT Jump Shot,38,17,THREE_POINT_JUMPERS,2002
David Wesley,133,Driving Layup,10,7,LAYUPS,2002
David Wesley,133,Reverse Layup,1,1,LAYUPS,2002
David Wesley,133,Standard Layup,11,7,LAYUPS,2002
Dell Curry,209,2PT Jump Shot,17,6,TWO_POINT_JUMPERS,2002
Dell Curry,209,3PT Jump Shot,5,4,THREE_POINT_JUMPERS,2002
Dell Curry,209,Finger Roll,1,0,LAYUPS,2002
Dell Curry,209,Standard Layup,2,0,LAYUPS,2002
Derek Anderson,1507,2PT Jump Shot,10,6,TWO_POINT_JUMPERS,2002
Derek Anderson,1507,2PT Running Jump Shot,3,2,TWO_POINT_JUMPERS,2002
Derek Anderson,1507,2PT Turnaround Jump Shot,1,0,TWO_POINT_JUMPERS,2002
Derek Anderson,1507,3PT Jump Shot,6,2,THREE_POINT_JUMPERS,2002
Derek Anderson,1507,Driving Dunk,1,1,DUNKS,2002
Derek Anderson,1507,Driving Layup,2,1,LAYUPS,2002
Derek Anderson,1507,Standard Layup,7,1,LAYUPS,2002
Derek Fisher,965,2PT Jump Shot,66,24,TWO_POINT_JUMPERS,2002
Derek Fisher,965,2PT Running Jump Shot,2,1,TWO_POINT_JUMPERS,2002
Derek Fisher,965,3PT Jump Shot,81,29,THREE_POINT_JUMPERS,2002
Derek Fisher,965,Driving Layup,10,3,LAYUPS,2002
Derek Fisher,965,Standard Layup,9,3,LAYUPS,2002
Derrick Coleman,934,2PT Jump Shot,13,5,TWO_POINT_JUMPERS,2002
Derrick Coleman,934,2PT Turnaround Jump Shot,2,2,TWO_POINT_JUMPERS,2002
Derrick Coleman,934,3PT Jump Shot,13,4,THREE_POINT_JUMPERS,2002
Derrick Coleman,934,Reverse Layup,1,1,LAYUPS,2002
Derrick Coleman,934,Standard Dunk,4,4,DUNKS,2002
Derrick Coleman,934,Standard Layup,9,6,LAYUPS,2002
Derrick McKey,365,2PT Jump Shot,5,2,TWO_POINT_JUMPERS,2002
Derrick McKey,365,Finger Roll,1,1,LAYUPS,2002
Derrick McKey,365,Standard Layup,1,1,LAYUPS,2002
Derrick McKey,365,Tip Shot,1,0,TIP_SHOTS,2002
Desmond Mason,2046,2PT Jump Shot,40,14,TWO_POINT_JUMPERS,2002
Desmond Mason,2046,3PT Jump Shot,3,1,THREE_POINT_JUMPERS,2002
Desmond Mason,2046,Alley Oop Dunk,1,0,DUNKS,2002
Desmond Mason,2046,Hook Shot,1,1,POST_MOVES,2002
Desmond Mason,2046,Reverse Layup,1,0,LAYUPS,2002
Desmond Mason,2046,Specialty Dunk,1,1,DUNKS,2002
Desmond Mason,2046,Standard Dunk,5,5,DUNKS,2002
Desmond Mason,2046,Standard Layup,2,0,LAYUPS,2002
Desmond Mason,2046,Tip Shot,2,2,TIP_SHOTS,2002
Desmond Mason,2046,Turnaround Hook Shot,1,0,POST_MOVES,2002
Devean George,1904,2PT Jump Shot,33,9,TWO_POINT_JUMPERS,2002
Devean George,1904,2PT Running Jump Shot,2,1,TWO_POINT_JUMPERS,2002
Devean George,1904,2PT Turnaround Jump Shot,1,1,TWO_POINT_JUMPERS,2002
Devean George,1904,3PT Jump Shot,35,8,THREE_POINT_JUMPERS,2002
Devean George,1904,Alley Oop Dunk,1,1,DUNKS,2002
Devean George,1904,Driving Layup,4,4,LAYUPS,2002
Devean George,1904,Finger Roll,1,1,LAYUPS,2002
Devean George,1904,Specialty Dunk,1,1,DUNKS,2002
Devean George,1904,Standard Dunk,7,6,DUNKS,2002
Devean George,1904,Standard Layup,14,5,LAYUPS,2002
Devean George,1904,Tip Shot,5,1,TIP_SHOTS,2002
Dikembe Mutombo,87,2PT Jump Shot,8,0,TWO_POINT_JUMPERS,2002
Dikembe Mutombo,87,Hook Shot,3,2,POST_MOVES,2002
Dikembe Mutombo,87,Standard Dunk,4,4,DUNKS,2002
Dikembe Mutombo,87,Standard Layup,15,7,LAYUPS,2002
Dikembe Mutombo,87,Tip Shot,1,1,TIP_SHOTS,2002
Dirk Nowitzki,1717,2PT Fadeaway Jump Shot,7,4,TWO_POINT_JUMPERS,2002
Dirk Nowitzki,1717,2PT Jump Shot,80,25,TWO_POINT_JUMPERS,2002
Dirk Nowitzki,1717,2PT Running Jump Shot,1,1,TWO_POINT_JUMPERS,2002
Dirk Nowitzki,1717,2PT Turnaround Jump Shot,5,5,TWO_POINT_JUMPERS,2002
Dirk Nowitzki,1717,3PT Jump Shot,28,16,THREE_POINT_JUMPERS,2002
Dirk Nowitzki,1717,Alley Oop Layup,1,1,LAYUPS,2002
Dirk Nowitzki,1717,Driving Dunk,2,2,DUNKS,2002
Dirk Nowitzki,1717,Driving Layup,10,6,LAYUPS,2002
Dirk Nowitzki,1717,Hook Shot,1,0,POST_MOVES,2002
Dirk Nowitzki,1717,Running Hook Shot,1,1,POST_MOVES,2002
Dirk Nowitzki,1717,Standard Dunk,5,5,DUNKS,2002
Dirk Nowitzki,1717,Standard Layup,22,7,LAYUPS,2002
Dirk Nowitzki,1717,Tip Shot,1,0,TIP_SHOTS,2002
Don Reid,690,2PT Jump Shot,1,0,TWO_POINT_JUMPERS,2002
Don Reid,690,Hook Shot,1,0,POST_MOVES,2002
Don Reid,690,Standard Dunk,1,1,DUNKS,2002
Don Reid,690,Standard Layup,3,3,LAYUPS,2002
Donny Marshall,681,2PT Jump Shot,1,1,TWO_POINT_JUMPERS,2002
Donny Marshall,681,3PT Jump Shot,4,0,THREE_POINT_JUMPERS,2002
Donyell Marshall,923,2PT Jump Shot,21,5,TWO_POINT_JUMPERS,2002
Donyell Marshall,923,2PT Running Jump Shot,1,0,TWO_POINT_JUMPERS,2002
Donyell Marshall,923,3PT Jump Shot,6,3,THREE_POINT_JUMPERS,2002
Donyell Marshall,923,Hook Shot,6,4,POST_MOVES,2002
Donyell Marshall,923,Standard Dunk,4,4,DUNKS,2002
Donyell Marshall,923,Standard Layup,10,4,LAYUPS,2002
Donyell Marshall,923,Tip Shot,1,0,TIP_SHOTS,2002
Donyell Marshall,923,Turnaround Hook Shot,1,1,POST_MOVES,2002
Doug Christie,57,2PT Fadeaway Jump Shot,1,1,TWO_POINT_JUMPERS,2002
Doug Christie,57,2PT Jump Shot,23,5,TWO_POINT_JUMPERS,2002
Doug Christie,57,3PT Jump Shot,64,17,THREE_POINT_JUMPERS,2002
Doug Christie,57,Driving Dunk,1,1,DUNKS,2002
Doug Christie,57,Driving Layup,16,13,LAYUPS,2002
Doug Christie,57,Reverse Layup,2,1,LAYUPS,2002
Doug Christie,57,Running Hook Shot,1,1,POST_MOVES,2002
Doug Christie,57,Standard Dunk,7,7,DUNKS,2002
Doug Christie,57,Standard Layup,16,8,LAYUPS,2002
Doug Christie,57,Tip Shot,1,0,TIP_SHOTS,2002
Eduardo Najera,2059,2PT Jump Shot,15,10,TWO_POINT_JUMPERS,2002
Eduardo Najera,2059,Hook Shot,1,1,POST_MOVES,2002
Eduardo Najera,2059,Standard Dunk,1,1,DUNKS,2002
Eduardo Najera,2059,Standard Layup,6,4,LAYUPS,2002
Elden Campbell,922,2PT Jump Shot,50,18,TWO_POINT_JUMPERS,2002
Elden Campbell,922,2PT Running Jump Shot,2,1,TWO_POINT_JUMPERS,2002
Elden Campbell,922,2PT Turnaround Jump Shot,13,4,TWO_POINT_JUMPERS,2002
Elden Campbell,922,3PT Jump Shot,1,0,THREE_POINT_JUMPERS,2002
Elden Campbell,922,Driving Dunk,1,1,DUNKS,2002
Elden Campbell,922,Driving Layup,2,1,LAYUPS,2002
Elden Campbell,922,Hook Shot,9,6,POST_MOVES,2002
Elden Campbell,922,Running Hook Shot,1,1,POST_MOVES,2002
Elden Campbell,922,Standard Dunk,3,3,DUNKS,2002
Elden Campbell,922,Standard Layup,25,14,LAYUPS,2002
Elden Campbell,922,Tip Shot,3,0,TIP_SHOTS,2002
Eric Snow,727,2PT Fadeaway Jump Shot,1,1,TWO_POINT_JUMPERS,2002
Eric Snow,727,2PT Jump Shot,41,13,TWO_POINT_JUMPERS,2002
Eric Snow,727,2PT Turnaround Jump Shot,1,1,TWO_POINT_JUMPERS,2002
Eric Snow,727,3PT Jump Shot,6,1,THREE_POINT_JUMPERS,2002
Eric Snow,727,Driving Layup,1,1,LAYUPS,2002
Eric Snow,727,Standard Layup,6,1,LAYUPS,2002
Eric Williams,677,2PT Jump Shot,26,8,TWO_POINT_JUMPERS,2002
Eric Williams,677,2PT Turnaround Jump Shot,3,3,TWO_POINT_JUMPERS,2002
Eric Williams,677,3PT Jump Shot,30,14,THREE_POINT_JUMPERS,2002
Eric Williams,677,Driving Layup,6,3,LAYUPS,2002
Eric Williams,677,Hook Shot,3,2,POST_MOVES,2002
Eric Williams,677,Reverse Layup,2,2,LAYUPS,2002
Eric Williams,677,Standard Dunk,1,1,DUNKS,2002
Eric Williams,677,Standard Layup,23,14,LAYUPS,2002
Erick Strickland,1065,2PT Jump Shot,9,2,TWO_POINT_JUMPERS,2002
Erick Strickland,1065,2PT Running Jump Shot,2,2,TWO_POINT_JUMPERS,2002
Erick Strickland,1065,3PT Jump Shot,20,4,THREE_POINT_JUMPERS,2002
Erick Strickland,1065,Reverse Layup,1,1,LAYUPS,2002
Erick Strickland,1065,Standard Layup,7,2,LAYUPS,2002
Evan Eschmeyer,1915,Standard Layup,1,0,LAYUPS,2002
Felipe Lopez,1732,3PT Jump Shot,2,1,THREE_POINT_JUMPERS,2002
Felipe Lopez,1732,Standard Layup,2,0,LAYUPS,2002
Gary Payton,56,2PT Fadeaway Jump Shot,3,2,TWO_POINT_JUMPERS,2002
Gary Payton,56,2PT Jump Shot,58,23,TWO_POINT_JUMPERS,2002
Gary Payton,56,2PT Running Jump Shot,2,1,TWO_POINT_JUMPERS,2002
Gary Payton,56,2PT Turnaround Jump Shot,6,3,TWO_POINT_JUMPERS,2002
Gary Payton,56,3PT Jump Shot,15,4,THREE_POINT_JUMPERS,2002
Gary Payton,56,Alley Oop Layup,1,1,LAYUPS,2002
Gary Payton,56,Driving Layup,3,3,LAYUPS,2002
Gary Payton,56,Finger Roll,1,1,LAYUPS,2002
Gary Payton,56,Standard Layup,17,7,LAYUPS,2002
Gary Trent,718,2PT Jump Shot,6,1,TWO_POINT_JUMPERS,2002
Gary Trent,718,2PT Running Jump Shot,1,1,TWO_POINT_JUMPERS,2002
Gary Trent,718,2PT Turnaround Jump Shot,2,2,TWO_POINT_JUMPERS,2002
Gary Trent,718,Reverse Layup,1,1,LAYUPS,2002
Gary Trent,718,Standard Layup,6,3,LAYUPS,2002
George Lynch,248,2PT Fadeaway Jump Shot,1,1,TWO_POINT_JUMPERS,2002
George Lynch,248,2PT Jump Shot,23,10,TWO_POINT_JUMPERS,2002
George Lynch,248,2PT Turnaround Jump Shot,2,2,TWO_POINT_JUMPERS,2002
George Lynch,248,3PT Jump Shot,6,2,THREE_POINT_JUMPERS,2002
George Lynch,248,Alley Oop Layup,1,1,LAYUPS,2002
George Lynch,248,Driving Dunk,1,0,DUNKS,2002
George Lynch,248,Driving Layup,2,0,LAYUPS,2002
George Lynch,248,Reverse Layup,3,2,LAYUPS,2002
George Lynch,248,Running Hook Shot,1,1,POST_MOVES,2002
George Lynch,248,Standard Dunk,1,1,DUNKS,2002
George Lynch,248,Standard Layup,12,6,LAYUPS,2002
George Lynch,248,Tip Shot,6,3,TIP_SHOTS,2002
Gerald Wallace,2222,Tip Shot,1,0,TIP_SHOTS,2002
Greg Buckner,1761,2PT Jump Shot,11,6,TWO_POINT_JUMPERS,2002
Greg Buckner,1761,3PT Jump Shot,1,0,THREE_POINT_JUMPERS,2002
Greg Buckner,1761,Driving Layup,2,2,LAYUPS,2002
Greg Buckner,1761,Standard Layup,7,3,LAYUPS,2002
Greg Buckner,1761,Tip Shot,4,1,TIP_SHOTS,2002
Greg Ostertag,731,2PT Jump Shot,4,1,TWO_POINT_JUMPERS,2002
Greg Ostertag,731,Hook Shot,1,1,POST_MOVES,2002
Greg Ostertag,731,Standard Dunk,3,3,DUNKS,2002
Greg Ostertag,731,Standard Layup,10,6,LAYUPS,2002
Greg Ostertag,731,Tip Shot,3,2,TIP_SHOTS,2002
Hakeem Olajuwon,165,2PT Fadeaway Jump Shot,2,2,TWO_POINT_JUMPERS,2002
Hakeem Olajuwon,165,2PT Jump Shot,11,4,TWO_POINT_JUMPERS,2002
Hakeem Olajuwon,165,2PT Turnaround Jump Shot,2,1,TWO_POINT_JUMPERS,2002
Hakeem Olajuwon,165,Reverse Layup,1,1,LAYUPS,2002
Hakeem Olajuwon,165,Standard Layup,4,2,LAYUPS,2002
Hakeem Olajuwon,165,Tip Shot,2,2,TIP_SHOTS,2002
Hedo Turkoglu,2045,2PT Fadeaway Jump Shot,2,2,TWO_POINT_JUMPERS,2002
Hedo Turkoglu,2045,2PT Jump Shot,63,19,TWO_POINT_JUMPERS,2002
Hedo Turkoglu,2045,2PT Running Jump Shot,3,3,TWO_POINT_JUMPERS,2002
Hedo Turkoglu,2045,2PT Turnaround Jump Shot,1,1,TWO_POINT_JUMPERS,2002
Hedo Turkoglu,2045,3PT Jump Shot,34,12,THREE_POINT_JUMPERS,2002
Hedo Turkoglu,2045,Driving Dunk,4,3,DUNKS,2002
Hedo Turkoglu,2045,Driving Layup,11,8,LAYUPS,2002
Hedo Turkoglu,2045,Reverse Layup,1,1,LAYUPS,2002
Hedo Turkoglu,2045,Standard Dunk,3,2,DUNKS,2002
Hedo Turkoglu,2045,Standard Layup,10,3,LAYUPS,2002
Hedo Turkoglu,2045,Tip Shot,5,1,TIP_SHOTS,2002
Horace Grant,270,2PT Jump Shot,19,7,TWO_POINT_JUMPERS,2002
Horace Grant,270,Hook Shot,1,0,POST_MOVES,2002
Horace Grant,270,Standard Layup,2,1,LAYUPS,2002
Jamaal Magloire,2048,2PT Jump Shot,7,1,TWO_POINT_JUMPERS,2002
Jamaal Magloire,2048,2PT Running Jump Shot,1,0,TWO_POINT_JUMPERS,2002
Jamaal Magloire,2048,2PT Turnaround Jump Shot,1,0,TWO_POINT_JUMPERS,2002
Jamaal Magloire,2048,Driving Layup,2,0,LAYUPS,2002
Jamaal Magloire,2048,Hook Shot,6,4,POST_MOVES,2002
Jamaal Magloire,2048,Specialty Dunk,1,1,DUNKS,2002
Jamaal Magloire,2048,Standard Dunk,7,7,DUNKS,2002
Jamaal Magloire,2048,Standard Layup,7,6,LAYUPS,2002
Jamaal Magloire,2048,Tip Shot,7,2,TIP_SHOTS,2002
Jamaal Magloire,2048,Turnaround Hook Shot,1,1,POST_MOVES,2002
Jamaal Tinsley,2224,2PT Jump Shot,9,4,TWO_POINT_JUMPERS,2002
Jamaal Tinsley,2224,3PT Jump Shot,1,0,THREE_POINT_JUMPERS,2002
Jamaal Tinsley,2224,Driving Layup,6,3,LAYUPS,2002
Jamaal Tinsley,2224,Standard Layup,3,1,LAYUPS,2002
Jamal Mashburn,469,2PT Jump Shot,5,0,TWO_POINT_JUMPERS,2002
Jamal Mashburn,469,3PT Jump Shot,1,0,THREE_POINT_JUMPERS,2002
Jamison Brewer,2249,2PT Jump Shot,1,0,TWO_POINT_JUMPERS,2002
Jamison Brewer,2249,Standard Layup,1,0,LAYUPS,2002
Jarron Collins,2260,2PT Jump Shot,13,6,TWO_POINT_JUMPERS,2002
Jarron Collins,2260,Standard Layup,5,4,LAYUPS,2002
Jason Collins,2215,2PT Jump Shot,16,5,TWO_POINT_JUMPERS,2002
Jason Collins,2215,2PT Running Jump Shot,1,1,TWO_POINT_JUMPERS,2002
Jason Collins,2215,2PT Turnaround Jump Shot,1,0,TWO_POINT_JUMPERS,2002
Jason Collins,2215,Driving Dunk,1,0,DUNKS,2002
Jason Collins,2215,Driving Layup,1,0,LAYUPS,2002
Jason Collins,2215,Hook Shot,1,0,POST_MOVES,2002
Jason Collins,2215,Specialty Dunk,1,1,DUNKS,2002
Jason Collins,2215,Standard Dunk,2,2,DUNKS,2002
Jason Collins,2215,Standard Layup,7,1,LAYUPS,2002
Jason Collins,2215,Tip Shot,2,2,TIP_SHOTS,2002
Jason Kidd,467,2PT Fadeaway Jump Shot,7,5,TWO_POINT_JUMPERS,2002
Jason Kidd,467,2PT Jump Shot,160,65,TWO_POINT_JUMPERS,2002
Jason Kidd,467,2PT Running Jump Shot,10,3,TWO_POINT_JUMPERS,2002
Jason Kidd,467,2PT Turnaround Jump Shot,2,1,TWO_POINT_JUMPERS,2002
Jason Kidd,467,3PT Jump Shot,89,17,THREE_POINT_JUMPERS,2002
Jason Kidd,467,3PT Running Jump Shot,1,0,THREE_POINT_JUMPERS,2002
Jason Kidd,467,Driving Layup,37,25,LAYUPS,2002
Jason Kidd,467,Finger Roll,8,7,LAYUPS,2002
Jason Kidd,467,Reverse Layup,2,2,LAYUPS,2002
Jason Kidd,467,Standard Layup,36,21,LAYUPS,2002
Jason Kidd,467,Tip Shot,2,1,TIP_SHOTS,2002
Jeff Foster,1902,2PT Jump Shot,3,0,TWO_POINT_JUMPERS,2002
Jeff Foster,1902,3PT Jump Shot,4,2,THREE_POINT_JUMPERS,2002
Jeff Foster,1902,Driving Layup,1,1,LAYUPS,2002
Jeff Foster,1902,Standard Dunk,2,2,DUNKS,2002
Jeff Foster,1902,Standard Layup,2,1,LAYUPS,2002
Jeff Foster,1902,Tip Shot,1,1,TIP_SHOTS,2002
Jermaine Jackson,1983,2PT Jump Shot,1,1,TWO_POINT_JUMPERS,2002
Jermaine Jackson,1983,Standard Layup,2,1,LAYUPS,2002
Jermaine O'Neal,979,2PT Fadeaway Jump Shot,2,1,TWO_POINT_JUMPERS,2002
Jermaine O'Neal,979,2PT Jump Shot,36,9,TWO_POINT_JUMPERS,2002
Jermaine O'Neal,979,2PT Running Jump Shot,1,0,TWO_POINT_JUMPERS,2002
Jermaine O'Neal,979,2PT Turnaround Jump Shot,17,11,TWO_POINT_JUMPERS,2002
Jermaine O'Neal,979,3PT Jump Shot,1,0,THREE_POINT_JUMPERS,2002
Jermaine O'Neal,979,Alley Oop Dunk,1,1,DUNKS,2002
Jermaine O'Neal,979,Driving Dunk,4,3,DUNKS,2002
Jermaine O'Neal,979,Driving Layup,1,0,LAYUPS,2002
Jermaine O'Neal,979,Hook Shot,1,1,POST_MOVES,2002
Jermaine O'Neal,979,Reverse Layup,1,1,LAYUPS,2002
Jermaine O'Neal,979,Standard Dunk,4,4,DUNKS,2002
Jermaine O'Neal,979,Standard Layup,6,2,LAYUPS,2002
Jermaine O'Neal,979,Turnaround Hook Shot,1,1,POST_MOVES,2002
Jerome James,1744,2PT Fadeaway Jump Shot,1,1,TWO_POINT_JUMPERS,2002
Jerome James,1744,2PT Jump Shot,9,1,TWO_POINT_JUMPERS,2002
Jerome James,1744,2PT Turnaround Jump Shot,6,4,TWO_POINT_JUMPERS,2002
Jerome James,1744,Hook Shot,1,0,POST_MOVES,2002
Jerome James,1744,Standard Layup,4,2,LAYUPS,2002
Jerome James,1744,Tip Shot,2,1,TIP_SHOTS,2002
Jerome Williams,966,2PT Jump Shot,15,5,TWO_POINT_JUMPERS,2002
Jerome Williams,966,Alley Oop Dunk,1,1,DUNKS,2002
Jerome Williams,966,Specialty Dunk,2,1,DUNKS,2002
Jerome Williams,966,Standard Dunk,2,2,DUNKS,2002
Jerome Williams,966,Standard Layup,10,4,LAYUPS,2002
Jerome Williams,966,Tip Shot,3,1,TIP_SHOTS,2002
Jerry Stackhouse,711,2PT Fadeaway Jump Shot,3,2,TWO_POINT_JUMPERS,2002
Jerry Stackhouse,711,2PT Jump Shot,58,8,TWO_POINT_JUMPERS,2002
Jerry Stackhouse,711,2PT Running Jump Shot,11,5,TWO_POINT_JUMPERS,2002
Jerry Stackhouse,711,2PT Turnaround Jump Shot,2,1,TWO_POINT_JUMPERS,2002
Jerry Stackhouse,711,3PT Jump Shot,53,18,THREE_POINT_JUMPERS,2002
Jerry Stackhouse,711,Alley Oop Dunk,1,1,DUNKS,2002
Jerry Stackhouse,711,Driving Dunk,1,1,DUNKS,2002
Jerry Stackhouse,711,Driving Layup,8,8,LAYUPS,2002
Jerry Stackhouse,711,Hook Shot,2,1,POST_MOVES,2002
Jerry Stackhouse,711,Standard Dunk,2,2,DUNKS,2002
Jerry Stackhouse,711,Standard Layup,22,6,LAYUPS,2002
Jerry Stackhouse,711,Tip Shot,2,0,TIP_SHOTS,2002
Joe Smith,693,2PT Jump Shot,4,1,TWO_POINT_JUMPERS,2002
Joe Smith,693,Standard Layup,2,1,LAYUPS,2002
Joe Smith,693,Tip Shot,1,1,TIP_SHOTS,2002
John Stockton,304,2PT Jump Shot,24,13,TWO_POINT_JUMPERS,2002
John Stockton,304,2PT Running Jump Shot,3,2,TWO_POINT_JUMPERS,2002
John Stockton,304,3PT Jump Shot,7,2,THREE_POINT_JUMPERS,2002
John Stockton,304,Driving Layup,5,1,LAYUPS,2002
John Stockton,304,Standard Layup,1,0,LAYUPS,2002
Johnny Newman,271,2PT Jump Shot,1,0,TWO_POINT_JUMPERS,2002
Johnny Newman,271,3PT Jump Shot,6,1,THREE_POINT_JUMPERS,2002
Jon Barry,468,2PT Jump Shot,12,5,TWO_POINT_JUMPERS,2002
Jon Barry,468,2PT Running Jump Shot,3,2,TWO_POINT_JUMPERS,2002
Jon Barry,468,3PT Jump Shot,38,17,THREE_POINT_JUMPERS,2002
Jon Barry,468,Driving Layup,2,1,LAYUPS,2002
Jon Barry,468,Reverse Layup,2,1,LAYUPS,2002
Jon Barry,468,Standard Layup,4,3,LAYUPS,2002
Jonathan Bender,1886,2PT Jump Shot,5,3,TWO_POINT_JUMPERS,2002
Jonathan Bender,1886,3PT Jump Shot,1,0,THREE_POINT_JUMPERS,2002
Karl Malone,252,2PT Fadeaway Jump Shot,2,2,TWO_POINT_JUMPERS,2002
Karl Malone,252,2PT Jump Shot,52,16,TWO_POINT_JUMPERS,2002
Karl Malone,252,3PT Jump Shot,1,0,THREE_POINT_JUMPERS,2002
Karl Malone,252,Driving Layup,2,2,LAYUPS,2002
Karl Malone,252,Hook Shot,1,1,POST_MOVES,2002
Karl Malone,252,Reverse Dunk,1,1,DUNKS,2002
Karl Malone,252,Standard Dunk,2,2,DUNKS,2002
Karl Malone,252,Standard Layup,12,6,LAYUPS,2002
Kedrick Brown,2208,2PT Jump Shot,1,1,TWO_POINT_JUMPERS,2002
Kedrick Brown,2208,3PT Jump Shot,1,1,THREE_POINT_JUMPERS,2002
Keith Van Horn,1496,2PT Fadeaway Jump Shot,3,0,TWO_POINT_JUMPERS,2002
Keith Van Horn,1496,2PT Jump Shot,64,16,TWO_POINT_JUMPERS,2002
Keith Van Horn,1496,2PT Running Jump Shot,9,1,TWO_POINT_JUMPERS,2002
Keith Van Horn,1496,2PT Turnaround Jump Shot,6,0,TWO_POINT_JUMPERS,2002
Keith Van Horn,1496,3PT Jump Shot,84,37,THREE_POINT_JUMPERS,2002
Keith Van Horn,1496,Alley Oop Layup,3,0,LAYUPS,2002
Keith Van Horn,1496,Driving Dunk,2,2,DUNKS,2002
Keith Van Horn,1496,Driving Layup,7,4,LAYUPS,2002
Keith Van Horn,1496,Finger Roll,4,1,LAYUPS,2002
Keith Van Horn,1496,Hook Shot,17,11,POST_MOVES,2002
Keith Van Horn,1496,Reverse Dunk,1,1,DUNKS,2002
Keith Van Horn,1496,Reverse Layup,5,4,LAYUPS,2002
Keith Van Horn,1496,Running Hook Shot,2,0,POST_MOVES,2002
Keith Van Horn,1496,Standard Dunk,7,7,DUNKS,2002
Keith Van Horn,1496,Standard Layup,25,11,LAYUPS,2002
Keith Van Horn,1496,Tip Shot,2,2,TIP_SHOTS,2002
Kenny Anderson,72,2PT Jump Shot,105,33,TWO_POINT_JUMPERS,2002
Kenny Anderson,72,2PT Running Jump Shot,6,2,TWO_POINT_JUMPERS,2002
Kenny Anderson,72,Driving Layup,37,33,LAYUPS,2002
Kenny Anderson,72,Reverse Layup,3,3,LAYUPS,2002
Kenny Anderson,72,Standard Layup,45,10,LAYUPS,2002
Kenny Anderson,72,Tip Shot,1,1,TIP_SHOTS,2002
Kenyon Martin,2030,2PT Fadeaway Jump Shot,5,3,TWO_POINT_JUMPERS,2002
Kenyon Martin,2030,2PT Jump Shot,124,31,TWO_POINT_JUMPERS,2002
Kenyon Martin,2030,2PT Running Jump Shot,15,8,TWO_POINT_JUMPERS,2002
Kenyon Martin,2030,2PT Turnaround Jump Shot,14,9,TWO_POINT_JUMPERS,2002
Kenyon Martin,2030,3PT Jump Shot,9,2,THREE_POINT_JUMPERS,2002
Kenyon Martin,2030,Alley Oop Dunk,6,6,DUNKS,2002
Kenyon Martin,2030,Alley Oop Layup,2,2,LAYUPS,2002
Kenyon Martin,2030,Driving Dunk,1,0,DUNKS,2002
Kenyon Martin,2030,Driving Layup,28,13,LAYUPS,2002
Kenyon Martin,2030,Finger Roll,1,0,LAYUPS,2002
Kenyon Martin,2030,Hook Shot,28,13,POST_MOVES,2002
Kenyon Martin,2030,Reverse Layup,4,1,LAYUPS,2002
Kenyon Martin,2030,Running Hook Shot,3,1,POST_MOVES,2002
Kenyon Martin,2030,Specialty Dunk,3,3,DUNKS,2002
Kenyon Martin,2030,Standard Dunk,21,20,DUNKS,2002
Kenyon Martin,2030,Standard Layup,38,16,LAYUPS,2002
Kenyon Martin,2030,Tip Shot,1,0,TIP_SHOTS,2002
Kenyon Martin,2030,Turnaround Hook Shot,1,1,POST_MOVES,2002
Keon Clark,1721,2PT Jump Shot,25,12,TWO_POINT_JUMPERS,2002
Keon Clark,1721,2PT Running Jump Shot,1,0,TWO_POINT_JUMPERS,2002
Keon Clark,1721,2PT Turnaround Jump Shot,1,0,TWO_POINT_JUMPERS,2002
Keon Clark,1721,Driving Dunk,1,1,DUNKS,2002
Keon Clark,1721,Driving Layup,2,2,LAYUPS,2002
Keon Clark,1721,Finger Roll,2,1,LAYUPS,2002
Keon Clark,1721,Hook Shot,2,1,POST_MOVES,2002
Keon Clark,1721,Reverse Layup,1,1,LAYUPS,2002
Keon Clark,1721,Standard Dunk,3,3,DUNKS,2002
Keon Clark,1721,Standard Layup,8,4,LAYUPS,2002
Keon Clark,1721,Tip Shot,2,1,TIP_SHOTS,2002
Kerry Kittles,954,2PT Jump Shot,76,30,TWO_POINT_JUMPERS,2002
Kerry Kittles,954,2PT Running Jump Shot,10,5,TWO_POINT_JUMPERS,2002
Kerry Kittles,954,3PT Jump Shot,67,17,THREE_POINT_JUMPERS,2002
Kerry Kittles,954,Alley Oop Layup,1,1,LAYUPS,2002
Kerry Kittles,954,Driving Dunk,2,2,DUNKS,2002
Kerry Kittles,954,Driving Layup,17,8,LAYUPS,2002
Kerry Kittles,954,Finger Roll,2,2,LAYUPS,2002
Kerry Kittles,954,Hook Shot,1,1,POST_MOVES,2002
Kerry Kittles,954,Reverse Layup,7,7,LAYUPS,2002
Kerry Kittles,954,Standard Dunk,6,6,DUNKS,2002
Kerry Kittles,954,Standard Layup,24,15,LAYUPS,2002
Kerry Kittles,954,Tip Shot,3,0,TIP_SHOTS,2002
Kevin Garnett,708,2PT Fadeaway Jump Shot,3,0,TWO_POINT_JUMPERS,2002
Kevin Garnett,708,2PT Jump Shot,23,7,TWO_POINT_JUMPERS,2002
Kevin Garnett,708,2PT Turnaround Jump Shot,7,4,TWO_POINT_JUMPERS,2002
Kevin Garnett,708,3PT Jump Shot,2,1,THREE_POINT_JUMPERS,2002
Kevin Garnett,708,Driving Dunk,1,1,DUNKS,2002
Kevin Garnett,708,Driving Layup,1,0,LAYUPS,2002
Kevin Garnett,708,Hook Shot,3,3,POST_MOVES,2002
Kevin Garnett,708,Standard Dunk,2,2,DUNKS,2002
Kevin Garnett,708,Standard Layup,13,5,LAYUPS,2002
Kevin Garnett,708,Tip Shot,1,1,TIP_SHOTS,2002
Kevin Ollie,1563,2PT Fadeaway Jump Shot,1,1,TWO_POINT_JUMPERS,2002
Kevin Ollie,1563,2PT Jump Shot,11,6,TWO_POINT_JUMPERS,2002
Kevin Ollie,1563,2PT Running Jump Shot,1,0,TWO_POINT_JUMPERS,2002
Kevin Ollie,1563,3PT Jump Shot,2,1,THREE_POINT_JUMPERS,2002
Kevin Ollie,1563,Driving Layup,3,1,LAYUPS,2002
Kevin Ollie,1563,Reverse Layup,2,0,LAYUPS,2002
Kevin Ollie,1563,Standard Layup,6,2,LAYUPS,2002
Kirk Haston,2213,2PT Jump Shot,1,1,TWO_POINT_JUMPERS,2002
Kobe Bryant,977,2PT Fadeaway Jump Shot,9,8,TWO_POINT_JUMPERS,2002
Kobe Bryant,977,2PT Jump Shot,197,60,TWO_POINT_JUMPERS,2002
Kobe Bryant,977,2PT Running Jump Shot,24,17,TWO_POINT_JUMPERS,2002
Kobe Bryant,977,2PT Turnaround Jump Shot,24,16,TWO_POINT_JUMPERS,2002
Kobe Bryant,977,3PT Jump Shot,58,22,THREE_POINT_JUMPERS,2002
Kobe Bryant,977,Alley Oop Dunk,1,1,DUNKS,2002
Kobe Bryant,977,Alley Oop Layup,1,1,LAYUPS,2002
Kobe Bryant,977,Driving Dunk,11,11,DUNKS,2002
Kobe Bryant,977,Driving Layup,31,21,LAYUPS,2002
Kobe Bryant,977,Finger Roll,5,3,LAYUPS,2002
Kobe Bryant,977,Hook Shot,1,0,POST_MOVES,2002
Kobe Bryant,977,Reverse Dunk,1,0,DUNKS,2002
Kobe Bryant,977,Reverse Layup,7,4,LAYUPS,2002
Kobe Bryant,977,Running Hook Shot,1,1,POST_MOVES,2002
Kobe Bryant,977,Standard Dunk,8,7,DUNKS,2002
Kobe Bryant,977,Standard Layup,45,12,LAYUPS,2002
Kobe Bryant,977,Tip Shot,7,3,TIP_SHOTS,2002
Lawrence Funderburke,1444,Driving Layup,1,1,LAYUPS,2002
Lawrence Funderburke,1444,Running Hook Shot,1,1,POST_MOVES,2002
Lawrence Funderburke,1444,Standard Layup,1,0,LAYUPS,2002
Lee Nailon,1924,2PT Jump Shot,30,10,TWO_POINT_JUMPERS,2002
Lee Nailon,1924,2PT Running Jump Shot,2,0,TWO_POINT_JUMPERS,2002
Lee Nailon,1924,3PT Jump Shot,1,0,THREE_POINT_JUMPERS,2002
Lee Nailon,1924,Driving Layup,3,1,LAYUPS,2002
Lee Nailon,1924,Hook Shot,2,2,POST_MOVES,2002
Lee Nailon,1924,Reverse Dunk,1,1,DUNKS,2002
Lee Nailon,1924,Reverse Layup,2,1,LAYUPS,2002
Lee Nailon,1924,Standard Dunk,1,1,DUNKS,2002
Lee Nailon,1924,Standard Layup,16,10,LAYUPS,2002
Lee Nailon,1924,Tip Shot,1,1,TIP_SHOTS,2002
Lindsey Hunter,283,2PT Jump Shot,14,5,TWO_POINT_JUMPERS,2002
Lindsey Hunter,283,2PT Running Jump Shot,1,1,TWO_POINT_JUMPERS,2002
Lindsey Hunter,283,3PT Jump Shot,29,8,THREE_POINT_JUMPERS,2002
Lindsey Hunter,283,Finger Roll,1,0,LAYUPS,2002
Lucious Harris,446,2PT Fadeaway Jump Shot,4,2,TWO_POINT_JUMPERS,2002
Lucious Harris,446,2PT Jump Shot,69,31,TWO_POINT_JUMPERS,2002
Lucious Harris,446,2PT Running Jump Shot,6,3,TWO_POINT_JUMPERS,2002
Lucious Harris,446,2PT Turnaround Jump Shot,4,4,TWO_POINT_JUMPERS,2002
Lucious Harris,446,3PT Jump Shot,22,8,THREE_POINT_JUMPERS,2002
Lucious Harris,446,Driving Layup,8,5,LAYUPS,2002
Lucious Harris,446,Finger Roll,1,1,LAYUPS,2002
Lucious Harris,446,Reverse Layup,2,2,LAYUPS,2002
Lucious Harris,446,Standard Layup,15,9,LAYUPS,2002
Lucious Harris,446,Tip Shot,2,0,TIP_SHOTS,2002
Malik Rose,990,2PT Jump Shot,47,13,TWO_POINT_JUMPERS,2002
Malik Rose,990,2PT Running Jump Shot,1,0,TWO_POINT_JUMPERS,2002
Malik Rose,990,2PT Turnaround Jump Shot,2,1,TWO_POINT_JUMPERS,2002
Malik Rose,990,3PT Jump Shot,1,0,THREE_POINT_JUMPERS,2002
Malik Rose,990,Driving Layup,4,3,LAYUPS,2002
Malik Rose,990,Hook Shot,7,2,POST_MOVES,2002
Malik Rose,990,Specialty Dunk,2,2,DUNKS,2002
Malik Rose,990,Standard Dunk,8,8,DUNKS,2002
Malik Rose,990,Standard Layup,21,16,LAYUPS,2002
Malik Rose,990,Tip Shot,2,0,TIP_SHOTS,2002
Malik Rose,990,Turnaround Hook Shot,1,1,POST_MOVES,2002
Mark Blount,1548,2PT Jump Shot,2,0,TWO_POINT_JUMPERS,2002
Mark Blount,1548,Standard Layup,1,1,LAYUPS,2002
Mark Blount,1548,Tip Shot,1,1,TIP_SHOTS,2002
Mark Bryant,95,2PT Jump Shot,12,6,TWO_POINT_JUMPERS,2002
Mark Bryant,95,Hook Shot,1,0,POST_MOVES,2002
Mark Bryant,95,Reverse Layup,1,0,LAYUPS,2002
Mark Bryant,95,Standard Layup,5,2,LAYUPS,2002
Mark Bryant,95,Tip Shot,1,1,TIP_SHOTS,2002
Mark Madsen,2058,3PT Jump Shot,1,0,THREE_POINT_JUMPERS,2002
Matt Harpring,1723,2PT Jump Shot,27,13,TWO_POINT_JUMPERS,2002
Matt Harpring,1723,2PT Running Jump Shot,1,1,TWO_POINT_JUMPERS,2002
Matt Harpring,1723,Reverse Layup,1,1,LAYUPS,2002
Matt Harpring,1723,Standard Layup,14,7,LAYUPS,2002
Matt Harpring,1723,Tip Shot,1,0,TIP_SHOTS,2002
Metta World Peace,1897,2PT Fadeaway Jump Shot,3,0,TWO_POINT_JUMPERS,2002
Metta World Peace,1897,2PT Jump Shot,18,5,TWO_POINT_JUMPERS,2002
Metta World Peace,1897,2PT Running Jump Shot,2,0,TWO_POINT_JUMPERS,2002
Metta World Peace,1897,3PT Jump Shot,13,6,THREE_POINT_JUMPERS,2002
Metta World Peace,1897,Driving Dunk,1,1,DUNKS,2002
Metta World Peace,1897,Driving Layup,7,5,LAYUPS,2002
Metta World Peace,1897,Finger Roll,2,1,LAYUPS,2002
Metta World Peace,1897,Standard Dunk,2,2,DUNKS,2002
Metta World Peace,1897,Standard Layup,5,2,LAYUPS,2002
Metta World Peace,1897,Tip Shot,1,0,TIP_SHOTS,2002
Michael Curry,688,2PT Jump Shot,20,12,TWO_POINT_JUMPERS,2002
Michael Curry,688,3PT Jump Shot,13,5,THREE_POINT_JUMPERS,2002
Michael Curry,688,Driving Dunk,1,1,DUNKS,2002
Michael Curry,688,Driving Layup,1,1,LAYUPS,2002
Michael Curry,688,Standard Dunk,3,2,DUNKS,2002
Michael Curry,688,Standard Layup,1,1,LAYUPS,2002
Michael Finley,714,2PT Fadeaway Jump Shot,4,3,TWO_POINT_JUMPERS,2002
Michael Finley,714,2PT Jump Shot,66,22,TWO_POINT_JUMPERS,2002
Michael Finley,714,2PT Running Jump Shot,2,2,TWO_POINT_JUMPERS,2002
Michael Finley,714,2PT Turnaround Jump Shot,1,0,TWO_POINT_JUMPERS,2002
Michael Finley,714,3PT Jump Shot,37,14,THREE_POINT_JUMPERS,2002
Michael Finley,714,Driving Dunk,1,1,DUNKS,2002
Michael Finley,714,Driving Layup,9,7,LAYUPS,2002
Michael Finley,714,Hook Shot,5,2,POST_MOVES,2002
Michael Finley,714,Running Hook Shot,1,1,POST_MOVES,2002
Michael Finley,714,Standard Dunk,13,13,DUNKS,2002
Michael Finley,714,Standard Layup,8,3,LAYUPS,2002
Michael Finley,714,Tip Shot,1,1,TIP_SHOTS,2002
Michael Stewart,1565,Standard Dunk,1,1,DUNKS,2002
Michael Stewart,1565,Standard Layup,1,1,LAYUPS,2002
Mike Bibby,1710,2PT Jump Shot,136,51,TWO_POINT_JUMPERS,2002
Mike Bibby,1710,2PT Running Jump Shot,8,8,TWO_POINT_JUMPERS,2002
Mike Bibby,1710,3PT Jump Shot,59,25,THREE_POINT_JUMPERS,2002
Mike Bibby,1710,Driving Layup,29,20,LAYUPS,2002
Mike Bibby,1710,Hook Shot,1,1,POST_MOVES,2002
Mike Bibby,1710,Reverse Layup,2,2,LAYUPS,2002
Mike Bibby,1710,Standard Layup,22,7,LAYUPS,2002
Mike Miller,2034,2PT Jump Shot,10,4,TWO_POINT_JUMPERS,2002
Mike Miller,2034,2PT Turnaround Jump Shot,2,1,TWO_POINT_JUMPERS,2002
Mike Miller,2034,3PT Jump Shot,8,1,THREE_POINT_JUMPERS,2002
Mike Miller,2034,Standard Layup,1,1,LAYUPS,2002
Mitch Richmond,782,2PT Fadeaway Jump Shot,1,1,TWO_POINT_JUMPERS,2002
Monty Williams,42,2PT Jump Shot,3,1,TWO_POINT_JUMPERS,2002
Monty Williams,42,2PT Turnaround Jump Shot,1,1,TWO_POINT_JUMPERS,2002
Monty Williams,42,3PT Jump Shot,1,0,THREE_POINT_JUMPERS,2002
Monty Williams,42,Driving Layup,5,4,LAYUPS,2002
Monty Williams,42,Finger Roll,1,1,LAYUPS,2002
Monty Williams,42,Reverse Layup,2,1,LAYUPS,2002
Monty Williams,42,Standard Layup,13,6,LAYUPS,2002
Monty Williams,42,Tip Shot,1,0,TIP_SHOTS,2002
Morris Peterson,2050,2PT Jump Shot,10,2,TWO_POINT_JUMPERS,2002
Morris Peterson,2050,2PT Running Jump Shot,9,5,TWO_POINT_JUMPERS,2002
Morris Peterson,2050,3PT Jump Shot,17,2,THREE_POINT_JUMPERS,2002
Morris Peterson,2050,Driving Layup,4,4,LAYUPS,2002
Morris Peterson,2050,Reverse Layup,1,1,LAYUPS,2002
Morris Peterson,2050,Standard Layup,7,3,LAYUPS,2002
Morris Peterson,2050,Tip Shot,1,1,TIP_SHOTS,2002
Nick Van Exel,89,2PT Fadeaway Jump Shot,1,1,TWO_POINT_JUMPERS,2002
Nick Van Exel,89,2PT Jump Shot,37,12,TWO_POINT_JUMPERS,2002
Nick Van Exel,89,2PT Running Jump Shot,5,4,TWO_POINT_JUMPERS,2002
Nick Van Exel,89,3PT Jump Shot,34,7,THREE_POINT_JUMPERS,2002
Nick Van Exel,89,Driving Layup,7,6,LAYUPS,2002
Nick Van Exel,89,Finger Roll,2,1,LAYUPS,2002
Nick Van Exel,89,Hook Shot,3,3,POST_MOVES,2002
Nick Van Exel,89,Running Hook Shot,1,1,POST_MOVES,2002
Nick Van Exel,89,Standard Layup,11,2,LAYUPS,2002
Olumide Oyedeji,2071,Driving Dunk,1,1,DUNKS,2002
Olumide Oyedeji,2071,Standard Dunk,2,1,DUNKS,2002
Olumide Oyedeji,2071,Standard Layup,2,2,LAYUPS,2002
Opponent,0,2PT Fadeaway Jump Shot,139,88,TWO_POINT_JUMPERS,2002
Opponent,0,2PT Jump Shot,4530,1505,TWO_POINT_JUMPERS,2002
Opponent,0,2PT Running Jump Shot,272,153,TWO_POINT_JUMPERS,2002
Opponent,0,2PT Turnaround Jump Shot,264,155,TWO_POINT_JUMPERS,2002
Opponent,0,3PT Jump Shot,2360,791,THREE_POINT_JUMPERS,2002
Opponent,0,3PT Running Jump Shot,1,0,THREE_POINT_JUMPERS,2002
Opponent,0,3PT Turnaround Jump Shot,1,1,THREE_POINT_JUMPERS,2002
Opponent,0,Alley Oop Dunk,34,32,DUNKS,2002
Opponent,0,Alley Oop Layup,21,17,LAYUPS,2002
Opponent,0,Driving Dunk,78,70,DUNKS,2002
Opponent,0,Driving Hook Shot,1,1,POST_MOVES,2002
Opponent,0,Driving Layup,680,468,LAYUPS,2002
Opponent,0,Finger Roll,73,47,LAYUPS,2002
Opponent,0,Hook Shot,339,160,POST_MOVES,2002
Opponent,0,Reverse Dunk,11,9,DUNKS,2002
Opponent,0,Reverse Layup,130,94,LAYUPS,2002
Opponent,0,Running Hook Shot,29,21,POST_MOVES,2002
Opponent,0,Specialty Dunk,29,24,DUNKS,2002
Opponent,0,Standard Dunk,410,381,DUNKS,2002
Opponent,0,Standard Layup,1715,764,LAYUPS,2002
Opponent,0,Tip Shot,214,95,TIP_SHOTS,2002
Opponent,0,Turnaround Hook Shot,14,11,POST_MOVES,2002
P.J. Brown,136,2PT Fadeaway Jump Shot,1,1,TWO_POINT_JUMPERS,2002
P.J. Brown,136,2PT Jump Shot,33,12,TWO_POINT_JUMPERS,2002
P.J. Brown,136,2PT Running Jump Shot,1,1,TWO_POINT_JUMPERS,2002
P.J. Brown,136,2PT Turnaround Jump Shot,3,0,TWO_POINT_JUMPERS,2002
P.J. Brown,136,Alley Oop Layup,1,1,LAYUPS,2002
P.J. Brown,136,Driving Layup,2,1,LAYUPS,2002
P.J. Brown,136,Finger Roll,1,0,LAYUPS,2002
P.J. Brown,136,Reverse Layup,1,1,LAYUPS,2002
P.J. Brown,136,Standard Dunk,7,7,DUNKS,2002
P.J. Brown,136,Standard Layup,19,4,LAYUPS,2002
P.J. Brown,136,Tip Shot,6,4,TIP_SHOTS,2002
Pat Garrity,1727,2PT Jump Shot,13,4,TWO_POINT_JUMPERS,2002
Pat Garrity,1727,3PT Jump Shot,18,7,THREE_POINT_JUMPERS,2002
Pat Garrity,1727,Driving Layup,1,1,LAYUPS,2002
Patrick Ewing,121,2PT Fadeaway Jump Shot,1,1,TWO_POINT_JUMPERS,2002
Patrick Ewing,121,2PT Jump Shot,11,2,TWO_POINT_JUMPERS,2002
Patrick Ewing,121,3PT Jump Shot,1,0,THREE_POINT_JUMPERS,2002
Patrick Ewing,121,Driving Layup,2,1,LAYUPS,2002
Patrick Ewing,121,Hook Shot,1,1,POST_MOVES,2002
Patrick Ewing,121,Standard Layup,7,3,LAYUPS,2002
Patrick Ewing,121,Tip Shot,2,0,TIP_SHOTS,2002
Paul Pierce,1718,2PT Fadeaway Jump Shot,6,6,TWO_POINT_JUMPERS,2002
Paul Pierce,1718,2PT Jump Shot,102,33,TWO_POINT_JUMPERS,2002
Paul Pierce,1718,2PT Running Jump Shot,1,1,TWO_POINT_JUMPERS,2002
Paul Pierce,1718,2PT Turnaround Jump Shot,2,1,TWO_POINT_JUMPERS,2002
Paul Pierce,1718,3PT Jump Shot,104,30,THREE_POINT_JUMPERS,2002
Paul Pierce,1718,Driving Dunk,4,3,DUNKS,2002
Paul Pierce,1718,Driving Layup,26,23,LAYUPS,2002
Paul Pierce,1718,Finger Roll,1,1,LAYUPS,2002
Paul Pierce,1718,Hook Shot,1,1,POST_MOVES,2002
Paul Pierce,1718,Reverse Layup,4,4,LAYUPS,2002
Paul Pierce,1718,Specialty Dunk,1,1,DUNKS,2002
Paul Pierce,1718,Standard Dunk,3,3,DUNKS,2002
Paul Pierce,1718,Standard Layup,45,13,LAYUPS,2002
Paul Pierce,1718,Tip Shot,3,2,TIP_SHOTS,2002
Peja Stojakovic,978,2PT Fadeaway Jump Shot,6,3,TWO_POINT_JUMPERS,2002
Peja Stojakovic,978,2PT Jump Shot,37,11,TWO_POINT_JUMPERS,2002
Peja Stojakovic,978,2PT Running Jump Shot,1,0,TWO_POINT_JUMPERS,2002
Peja Stojakovic,978,3PT Jump Shot,48,13,THREE_POINT_JUMPERS,2002
Peja Stojakovic,978,Driving Dunk,3,3,DUNKS,2002
Peja Stojakovic,978,Driving Layup,9,6,LAYUPS,2002
Peja Stojakovic,978,Finger Roll,1,1,LAYUPS,2002
Peja Stojakovic,978,Hook Shot,2,2,POST_MOVES,2002
Peja Stojakovic,978,Reverse Layup,4,0,LAYUPS,2002
Peja Stojakovic,978,Standard Dunk,2,2,DUNKS,2002
Peja Stojakovic,978,Standard Layup,15,7,LAYUPS,2002
Peja Stojakovic,978,Tip Shot,4,1,TIP_SHOTS,2002
Peja Stojakovic,978,Turnaround Hook Shot,1,1,POST_MOVES,2002
Predrag Drobnjak,1542,2PT Jump Shot,11,3,TWO_POINT_JUMPERS,2002
Predrag Drobnjak,1542,Standard Layup,1,1,LAYUPS,2002
Quincy Lewis,1900,2PT Jump Shot,14,5,TWO_POINT_JUMPERS,2002
Quincy Lewis,1900,3PT Jump Shot,5,1,THREE_POINT_JUMPERS,2002
Quincy Lewis,1900,Driving Layup,3,1,LAYUPS,2002
Quincy Lewis,1900,Standard Layup,1,1,LAYUPS,2002
Raef LaFrentz,1711,2PT Jump Shot,26,9,TWO_POINT_JUMPERS,2002
Raef LaFrentz,1711,2PT Running Jump Shot,1,1,TWO_POINT_JUMPERS,2002
Raef LaFrentz,1711,2PT Turnaround Jump Shot,1,1,TWO_POINT_JUMPERS,2002
Raef LaFrentz,1711,3PT Jump Shot,18,6,THREE_POINT_JUMPERS,2002
Raef LaFrentz,1711,Driving Layup,4,3,LAYUPS,2002
Raef LaFrentz,1711,Reverse Layup,1,1,LAYUPS,2002
Raef LaFrentz,1711,Standard Dunk,9,8,DUNKS,2002
Raef LaFrentz,1711,Standard Layup,14,7,LAYUPS,2002
Raef LaFrentz,1711,Tip Shot,4,3,TIP_SHOTS,2002
Raja Bell,1952,3PT Jump Shot,2,0,THREE_POINT_JUMPERS,2002
Raja Bell,1952,Standard Layup,1,1,LAYUPS,2002
Randy Livingston,988,2PT Jump Shot,6,0,TWO_POINT_JUMPERS,2002
Randy Livingston,988,2PT Running Jump Shot,2,1,TWO_POINT_JUMPERS,2002
Randy Livingston,988,3PT Jump Shot,3,1,THREE_POINT_JUMPERS,2002
Randy Livingston,988,Driving Layup,1,1,LAYUPS,2002
Randy Livingston,988,Standard Layup,5,4,LAYUPS,2002
Rashard Lewis,1740,2PT Jump Shot,17,5,TWO_POINT_JUMPERS,2002
Rashard Lewis,1740,2PT Running Jump Shot,2,2,TWO_POINT_JUMPERS,2002
Rashard Lewis,1740,3PT Jump Shot,6,1,THREE_POINT_JUMPERS,2002
Rashard Lewis,1740,Driving Layup,1,1,LAYUPS,2002
Rashard Lewis,1740,Hook Shot,1,1,POST_MOVES,2002
Rashard Lewis,1740,Standard Layup,5,2,LAYUPS,2002
Rasheed Wallace,739,2PT Fadeaway Jump Shot,1,0,TWO_POINT_JUMPERS,2002
Rasheed Wallace,739,2PT Jump Shot,26,3,TWO_POINT_JUMPERS,2002
Rasheed Wallace,739,2PT Running Jump Shot,2,1,TWO_POINT_JUMPERS,2002
Rasheed Wallace,739,2PT Turnaround Jump Shot,12,9,TWO_POINT_JUMPERS,2002
Rasheed Wallace,739,3PT Jump Shot,17,7,THREE_POINT_JUMPERS,2002
Rasheed Wallace,739,Driving Dunk,1,1,DUNKS,2002
Rasheed Wallace,739,Finger Roll,1,1,LAYUPS,2002
Rasheed Wallace,739,Hook Shot,1,1,POST_MOVES,2002
Rasheed Wallace,739,Reverse Layup,1,1,LAYUPS,2002
Rasheed Wallace,739,Specialty Dunk,1,1,DUNKS,2002
Rasheed Wallace,739,Standard Layup,5,3,LAYUPS,2002
Rasheed Wallace,739,Tip Shot,1,0,TIP_SHOTS,2002
Rasho Nesterovic,1725,2PT Jump Shot,17,4,TWO_POINT_JUMPERS,2002
Rasho Nesterovic,1725,2PT Turnaround Jump Shot,1,1,TWO_POINT_JUMPERS,2002
Rasho Nesterovic,1725,Hook Shot,3,1,POST_MOVES,2002
Rasho Nesterovic,1725,Standard Dunk,2,2,DUNKS,2002
Rasho Nesterovic,1725,Standard Layup,5,4,LAYUPS,2002
Rasho Nesterovic,1725,Tip Shot,2,2,TIP_SHOTS,2002
Rasho Nesterovic,1725,Turnaround Hook Shot,1,1,POST_MOVES,2002
Reggie Miller,397,2PT Fadeaway Jump Shot,1,1,TWO_POINT_JUMPERS,2002
Reggie Miller,397,2PT Jump Shot,28,9,TWO_POINT_JUMPERS,2002
Reggie Miller,397,2PT Running Jump Shot,9,7,TWO_POINT_JUMPERS,2002
Reggie Miller,397,3PT Jump Shot,30,12,THREE_POINT_JUMPERS,2002
Reggie Miller,397,3PT Turnaround Jump Shot,1,1,THREE_POINT_JUMPERS,2002
Reggie Miller,397,Alley Oop Layup,2,2,LAYUPS,2002
Reggie Miller,397,Driving Dunk,1,1,DUNKS,2002
Reggie Miller,397,Finger Roll,1,1,LAYUPS,2002
Reggie Miller,397,Reverse Layup,1,1,LAYUPS,2002
Reggie Miller,397,Standard Dunk,3,3,DUNKS,2002
Reggie Miller,397,Standard Layup,6,4,LAYUPS,2002
Richard Jefferson,2210,2PT Fadeaway Jump Shot,1,0,TWO_POINT_JUMPERS,2002
Richard Jefferson,2210,2PT Jump Shot,56,18,TWO_POINT_JUMPERS,2002
Richard Jefferson,2210,2PT Running Jump Shot,2,1,TWO_POINT_JUMPERS,2002
Richard Jefferson,2210,3PT Jump Shot,2,0,THREE_POINT_JUMPERS,2002
Richard Jefferson,2210,Alley Oop Dunk,3,3,DUNKS,2002
Richard Jefferson,2210,Driving Dunk,3,3,DUNKS,2002
Richard Jefferson,2210,Driving Layup,10,7,LAYUPS,2002
Richard Jefferson,2210,Reverse Dunk,3,3,DUNKS,2002
Richard Jefferson,2210,Reverse Layup,2,2,LAYUPS,2002
Richard Jefferson,2210,Specialty Dunk,1,1,DUNKS,2002
Richard Jefferson,2210,Standard Dunk,9,9,DUNKS,2002
Richard Jefferson,2210,Standard Layup,18,5,LAYUPS,2002
Richard Jefferson,2210,Tip Shot,4,1,TIP_SHOTS,2002
Rick Fox,296,2PT Fadeaway Jump Shot,1,1,TWO_POINT_JUMPERS,2002
Rick Fox,296,2PT Jump Shot,47,18,TWO_POINT_JUMPERS,2002
Rick Fox,296,2PT Running Jump Shot,1,1,TWO_POINT_JUMPERS,2002
Rick Fox,296,2PT Turnaround Jump Shot,3,3,TWO_POINT_JUMPERS,2002
Rick Fox,296,3PT Jump Shot,43,15,THREE_POINT_JUMPERS,2002
Rick Fox,296,Driving Dunk,1,1,DUNKS,2002
Rick Fox,296,Driving Layup,11,9,LAYUPS,2002
Rick Fox,296,Hook Shot,1,0,POST_MOVES,2002
Rick Fox,296,Reverse Layup,3,2,LAYUPS,2002
Rick Fox,296,Standard Dunk,4,3,DUNKS,2002
Rick Fox,296,Standard Layup,22,14,LAYUPS,2002
Rick Fox,296,Tip Shot,2,0,TIP_SHOTS,2002
Robert Horry,109,2PT Fadeaway Jump Shot,3,2,TWO_POINT_JUMPERS,2002
Robert Horry,109,2PT Jump Shot,34,11,TWO_POINT_JUMPERS,2002
Robert Horry,109,2PT Running Jump Shot,1,0,TWO_POINT_JUMPERS,2002
Robert Horry,109,2PT Turnaround Jump Shot,2,1,TWO_POINT_JUMPERS,2002
Robert Horry,109,3PT Jump Shot,62,24,THREE_POINT_JUMPERS,2002
Robert Horry,109,Driving Layup,4,3,LAYUPS,2002
Robert Horry,109,Hook Shot,2,1,POST_MOVES,2002
Robert Horry,109,Specialty Dunk,1,1,DUNKS,2002
Robert Horry,109,Standard Dunk,12,10,DUNKS,2002
Robert Horry,109,Standard Layup,12,8,LAYUPS,2002
Robert Horry,109,Tip Shot,3,0,TIP_SHOTS,2002
Robert Pack,123,2PT Jump Shot,1,0,TWO_POINT_JUMPERS,2002
Robert Pack,123,3PT Jump Shot,1,0,THREE_POINT_JUMPERS,2002
Robert Pack,123,Driving Layup,3,1,LAYUPS,2002
Robert Traylor,1714,2PT Jump Shot,7,1,TWO_POINT_JUMPERS,2002
Robert Traylor,1714,2PT Turnaround Jump Shot,1,1,TWO_POINT_JUMPERS,2002
Robert Traylor,1714,3PT Jump Shot,1,0,THREE_POINT_JUMPERS,2002
Robert Traylor,1714,Driving Layup,1,0,LAYUPS,2002
Robert Traylor,1714,Hook Shot,2,1,POST_MOVES,2002
Robert Traylor,1714,Reverse Dunk,1,1,DUNKS,2002
Robert Traylor,1714,Standard Dunk,4,2,DUNKS,2002
Robert Traylor,1714,Standard Layup,3,1,LAYUPS,2002
Rodney Rogers,915,2PT Fadeaway Jump Shot,1,0,TWO_POINT_JUMPERS,2002
Rodney Rogers,915,2PT Jump Shot,15,5,TWO_POINT_JUMPERS,2002
Rodney Rogers,915,3PT Jump Shot,52,19,THREE_POINT_JUMPERS,2002
Rodney Rogers,915,Driving Layup,3,3,LAYUPS,2002
Rodney Rogers,915,Finger Roll,1,0,LAYUPS,2002
Rodney Rogers,915,Hook Shot,1,1,POST_MOVES,2002
Rodney Rogers,915,Reverse Layup,1,1,LAYUPS,2002
Rodney Rogers,915,Standard Dunk,4,3,DUNKS,2002
Rodney Rogers,915,Standard Layup,29,13,LAYUPS,2002
Rodney Rogers,915,Tip Shot,1,1,TIP_SHOTS,2002
Rodney White,2206,2PT Jump Shot,1,0,TWO_POINT_JUMPERS,2002
Ron Mercer,1500,2PT Jump Shot,30,14,TWO_POINT_JUMPERS,2002
Ron Mercer,1500,2PT Turnaround Jump Shot,1,1,TWO_POINT_JUMPERS,2002
Ron Mercer,1500,Driving Layup,3,1,LAYUPS,2002
Ron Mercer,1500,Reverse Layup,1,1,LAYUPS,2002
Ron Mercer,1500,Standard Dunk,1,1,DUNKS,2002
Ruben Patterson,1739,2PT Jump Shot,3,0,TWO_POINT_JUMPERS,2002
Ruben Patterson,1739,2PT Running Jump Shot,1,1,TWO_POINT_JUMPERS,2002
Ruben Patterson,1739,3PT Jump Shot,1,0,THREE_POINT_JUMPERS,2002
Ruben Patterson,1739,Driving Layup,1,0,LAYUPS,2002
Ruben Patterson,1739,Standard Dunk,2,2,DUNKS,2002
Ruben Patterson,1739,Standard Layup,7,2,LAYUPS,2002
Rusty LaRue,1601,2PT Jump Shot,8,2,TWO_POINT_JUMPERS,2002
Rusty LaRue,1601,2PT Running Jump Shot,1,1,TWO_POINT_JUMPERS,2002
Rusty LaRue,1601,3PT Jump Shot,5,2,THREE_POINT_JUMPERS,2002
Rusty LaRue,1601,Running Hook Shot,1,0,POST_MOVES,2002
Rusty LaRue,1601,Standard Layup,1,1,LAYUPS,2002
Sam Mitchell,417,2PT Jump Shot,8,2,TWO_POINT_JUMPERS,2002
Sam Mitchell,417,Driving Layup,1,1,LAYUPS,2002
Samaki Walker,955,2PT Jump Shot,22,7,TWO_POINT_JUMPERS,2002
Samaki Walker,955,3PT Jump Shot,1,1,THREE_POINT_JUMPERS,2002
Samaki Walker,955,Finger Roll,1,1,LAYUPS,2002
Samaki Walker,955,Hook Shot,4,1,POST_MOVES,2002
Samaki Walker,955,Specialty Dunk,3,3,DUNKS,2002
Samaki Walker,955,Standard Dunk,6,2,DUNKS,2002
Samaki Walker,955,Standard Layup,14,8,LAYUPS,2002
Samaki Walker,955,Tip Shot,1,1,TIP_SHOTS,2002
Scot Pollard,1513,2PT Jump Shot,6,2,TWO_POINT_JUMPERS,2002
Scot Pollard,1513,Driving Dunk,1,1,DUNKS,2002
Scot Pollard,1513,Driving Layup,1,1,LAYUPS,2002
Scot Pollard,1513,Hook Shot,5,1,POST_MOVES,2002
Scot Pollard,1513,Reverse Layup,1,0,LAYUPS,2002
Scot Pollard,1513,Standard Dunk,3,3,DUNKS,2002
Scot Pollard,1513,Standard Layup,17,9,LAYUPS,2002
Scot Pollard,1513,Tip Shot,6,4,TIP_SHOTS,2002
Scott Padgett,1909,2PT Jump Shot,4,1,TWO_POINT_JUMPERS,2002
Scott Padgett,1909,3PT Jump Shot,3,0,THREE_POINT_JUMPERS,2002
Scott Padgett,1909,Standard Dunk,2,2,DUNKS,2002
Scott Padgett,1909,Standard Layup,4,3,LAYUPS,2002
Scottie Pippen,937,2PT Jump Shot,14,3,TWO_POINT_JUMPERS,2002
Scottie Pippen,937,2PT Running Jump Shot,2,1,TWO_POINT_JUMPERS,2002
Scottie Pippen,937,3PT Jump Shot,11,6,THREE_POINT_JUMPERS,2002
Scottie Pippen,937,Driving Dunk,1,0,DUNKS,2002
Scottie Pippen,937,Driving Layup,1,1,LAYUPS,2002
Scottie Pippen,937,Hook Shot,1,1,POST_MOVES,2002
Scottie Pippen,937,Standard Dunk,1,1,DUNKS,2002
Scottie Pippen,937,Standard Layup,8,5,LAYUPS,2002
Shammond Williams,1742,2PT Jump Shot,7,2,TWO_POINT_JUMPERS,2002
Shammond Williams,1742,3PT Jump Shot,4,2,THREE_POINT_JUMPERS,2002
Shammond Williams,1742,Standard Layup,3,2,LAYUPS,2002
Shaquille O'Neal,406,2PT Fadeaway Jump Shot,2,2,TWO_POINT_JUMPERS,2002
Shaquille O'Neal,406,2PT Jump Shot,127,37,TWO_POINT_JUMPERS,2002
Shaquille O'Neal,406,2PT Turnaround Jump Shot,39,19,TWO_POINT_JUMPERS,2002
Shaquille O'Neal,406,Alley Oop Dunk,4,4,DUNKS,2002
Shaquille O'Neal,406,Alley Oop Layup,1,0,LAYUPS,2002
Shaquille O'Neal,406,Driving Layup,2,2,LAYUPS,2002
Shaquille O'Neal,406,Finger Roll,2,1,LAYUPS,2002
Shaquille O'Neal,406,Hook Shot,52,20,POST_MOVES,2002
Shaquille O'Neal,406,Reverse Layup,6,4,LAYUPS,2002
Shaquille O'Neal,406,Running Hook Shot,5,4,POST_MOVES,2002
Shaquille O'Neal,406,Specialty Dunk,3,2,DUNKS,2002
Shaquille O'Neal,406,Standard Dunk,72,71,DUNKS,2002
Shaquille O'Neal,406,Standard Layup,64,35,LAYUPS,2002
Shaquille O'Neal,406,Tip Shot,4,1,TIP_SHOTS,2002
Shaquille O'Neal,406,Turnaround Hook Shot,1,1,POST_MOVES,2002
Shawn Bradley,762,2PT Jump Shot,4,1,TWO_POINT_JUMPERS,2002
Shawn Bradley,762,Alley Oop Dunk,1,1,DUNKS,2002
Shawn Bradley,762,Turnaround Hook Shot,1,1,POST_MOVES,2002
Shawn Kemp,431,2PT Jump Shot,5,2,TWO_POINT_JUMPERS,2002
Shawn Kemp,431,Standard Layup,1,0,LAYUPS,2002
Shawn Kemp,431,Tip Shot,1,0,TIP_SHOTS,2002
Slava Medvedenko,2098,2PT Jump Shot,2,0,TWO_POINT_JUMPERS,2002
Slava Medvedenko,2098,Standard Dunk,1,1,DUNKS,2002
Slava Medvedenko,2098,Standard Layup,1,1,LAYUPS,2002
Slava Medvedenko,2098,Tip Shot,1,1,TIP_SHOTS,2002
Speedy Claxton,2049,2PT Jump Shot,10,4,TWO_POINT_JUMPERS,2002
Speedy Claxton,2049,3PT Jump Shot,1,0,THREE_POINT_JUMPERS,2002
Speedy Claxton,2049,Standard Layup,1,0,LAYUPS,2002
Stacey Augmon,278,2PT Fadeaway Jump Shot,2,0,TWO_POINT_JUMPERS,2002
Stacey Augmon,278,2PT Jump Shot,26,8,TWO_POINT_JUMPERS,2002
Stacey Augmon,278,2PT Running Jump Shot,2,0,TWO_POINT_JUMPERS,2002
Stacey Augmon,278,2PT Turnaround Jump Shot,2,1,TWO_POINT_JUMPERS,2002
Stacey Augmon,278,Driving Layup,1,0,LAYUPS,2002
Stacey Augmon,278,Finger Roll,1,0,LAYUPS,2002
Stacey Augmon,278,Standard Dunk,3,3,DUNKS,2002
Stacey Augmon,278,Standard Layup,4,4,LAYUPS,2002
Steve Kerr,70,2PT Jump Shot,4,2,TWO_POINT_JUMPERS,2002
Steve Kerr,70,2PT Running Jump Shot,2,2,TWO_POINT_JUMPERS,2002
Steve Kerr,70,3PT Jump Shot,8,2,THREE_POINT_JUMPERS,2002
Steve Nash,959,2PT Fadeaway Jump Shot,7,5,TWO_POINT_JUMPERS,2002
Steve Nash,959,2PT Jump Shot,40,12,TWO_POINT_JUMPERS,2002
Steve Nash,959,2PT Running Jump Shot,4,4,TWO_POINT_JUMPERS,2002
Steve Nash,959,3PT Jump Shot,45,20,THREE_POINT_JUMPERS,2002
Steve Nash,959,Driving Layup,10,6,LAYUPS,2002
Steve Nash,959,Hook Shot,2,1,POST_MOVES,2002
Steve Nash,959,Reverse Layup,2,1,LAYUPS,2002
Steve Nash,959,Standard Layup,8,2,LAYUPS,2002
Steven Smith,120,2PT Jump Shot,29,10,TWO_POINT_JUMPERS,2002
Steven Smith,120,2PT Running Jump Shot,3,2,TWO_POINT_JUMPERS,2002
Steven Smith,120,2PT Turnaround Jump Shot,2,2,TWO_POINT_JUMPERS,2002
Steven Smith,120,3PT Jump Shot,38,10,THREE_POINT_JUMPERS,2002
Steven Smith,120,Driving Layup,1,1,LAYUPS,2002
Steven Smith,120,Reverse Layup,2,2,LAYUPS,2002
Steven Smith,120,Running Hook Shot,1,0,POST_MOVES,2002
Steven Smith,120,Standard Layup,7,3,LAYUPS,2002
Steven Smith,120,Tip Shot,4,2,TIP_SHOTS,2002
Terry Porter,345,2PT Jump Shot,10,2,TWO_POINT_JUMPERS,2002
Terry Porter,345,2PT Running Jump Shot,2,2,TWO_POINT_JUMPERS,2002
Terry Porter,345,3PT Jump Shot,17,5,THREE_POINT_JUMPERS,2002
Terry Porter,345,Standard Layup,6,4,LAYUPS,2002
Tim Duncan,1495,2PT Fadeaway Jump Shot,3,2,TWO_POINT_JUMPERS,2002
Tim Duncan,1495,2PT Jump Shot,95,29,TWO_POINT_JUMPERS,2002
Tim Duncan,1495,2PT Running Jump Shot,4,3,TWO_POINT_JUMPERS,2002
Tim Duncan,1495,2PT Turnaround Jump Shot,17,7,TWO_POINT_JUMPERS,2002
Tim Duncan,1495,3PT Jump Shot,3,1,THREE_POINT_JUMPERS,2002
Tim Duncan,1495,Alley Oop Dunk,3,3,DUNKS,2002
Tim Duncan,1495,Driving Layup,5,5,LAYUPS,2002
Tim Duncan,1495,Finger Roll,5,3,LAYUPS,2002
Tim Duncan,1495,Hook Shot,5,2,POST_MOVES,2002
Tim Duncan,1495,Specialty Dunk,3,2,DUNKS,2002
Tim Duncan,1495,Standard Dunk,9,8,DUNKS,2002
Tim Duncan,1495,Standard Layup,26,16,LAYUPS,2002
Tim Duncan,1495,Tip Shot,3,1,TIP_SHOTS,2002
Todd MacCulloch,1928,2PT Fadeaway Jump Shot,2,2,TWO_POINT_JUMPERS,2002
Todd MacCulloch,1928,2PT Jump Shot,11,0,TWO_POINT_JUMPERS,2002
Todd MacCulloch,1928,2PT Turnaround Jump Shot,2,2,TWO_POINT_JUMPERS,2002
Todd MacCulloch,1928,Driving Dunk,1,1,DUNKS,2002
Todd MacCulloch,1928,Driving Layup,9,1,LAYUPS,2002
Todd MacCulloch,1928,Hook Shot,16,9,POST_MOVES,2002
Todd MacCulloch,1928,Reverse Layup,2,1,LAYUPS,2002
Todd MacCulloch,1928,Running Hook Shot,1,1,POST_MOVES,2002
Todd MacCulloch,1928,Standard Dunk,3,3,DUNKS,2002
Todd MacCulloch,1928,Standard Layup,53,32,LAYUPS,2002
Todd MacCulloch,1928,Tip Shot,6,0,TIP_SHOTS,2002
Tony Battie,1499,2PT Jump Shot,54,19,TWO_POINT_JUMPERS,2002
Tony Battie,1499,2PT Turnaround Jump Shot,1,1,TWO_POINT_JUMPERS,2002
Tony Battie,1499,Alley Oop Dunk,3,3,DUNKS,2002
Tony Battie,1499,Hook Shot,1,0,POST_MOVES,2002
Tony Battie,1499,Reverse Dunk,1,1,DUNKS,2002
Tony Battie,1499,Standard Dunk,11,11,DUNKS,2002
Tony Battie,1499,Standard Layup,10,3,LAYUPS,2002
Tony Battie,1499,Tip Shot,5,4,TIP_SHOTS,2002
Tony Delk,960,2PT Jump Shot,16,4,TWO_POINT_JUMPERS,2002
Tony Delk,960,2PT Running Jump Shot,1,1,TWO_POINT_JUMPERS,2002
Tony Delk,960,3PT Jump Shot,33,13,THREE_POINT_JUMPERS,2002
Tony Delk,960,Driving Layup,5,3,LAYUPS,2002
Tony Delk,960,Standard Layup,9,2,LAYUPS,2002
Tony Delk,960,Tip Shot,1,0,TIP_SHOTS,2002
Tony Parker,2225,2PT Fadeaway Jump Shot,1,0,TWO_POINT_JUMPERS,2002
Tony Parker,2225,2PT Jump Shot,54,17,TWO_POINT_JUMPERS,2002
Tony Parker,2225,2PT Running Jump Shot,4,1,TWO_POINT_JUMPERS,2002
Tony Parker,2225,2PT Turnaround Jump Shot,2,2,TWO_POINT_JUMPERS,2002
Tony Parker,2225,3PT Jump Shot,27,10,THREE_POINT_JUMPERS,2002
Tony Parker,2225,Alley Oop Layup,1,1,LAYUPS,2002
Tony Parker,2225,Driving Layup,18,16,LAYUPS,2002
Tony Parker,2225,Finger Roll,1,1,LAYUPS,2002
Tony Parker,2225,Reverse Layup,3,2,LAYUPS,2002
Tony Parker,2225,Running Hook Shot,1,1,POST_MOVES,2002
Tony Parker,2225,Standard Layup,23,10,LAYUPS,2002
Tony Parker,2225,Tip Shot,1,1,TIP_SHOTS,2002
Tracy McGrady,1503,2PT Fadeaway Jump Shot,4,2,TWO_POINT_JUMPERS,2002
Tracy McGrady,1503,2PT Jump Shot,40,17,TWO_POINT_JUMPERS,2002
Tracy McGrady,1503,2PT Running Jump Shot,1,1,TWO_POINT_JUMPERS,2002
Tracy McGrady,1503,2PT Turnaround Jump Shot,4,3,TWO_POINT_JUMPERS,2002
Tracy McGrady,1503,3PT Jump Shot,16,5,THREE_POINT_JUMPERS,2002
Tracy McGrady,1503,Driving Dunk,3,3,DUNKS,2002
Tracy McGrady,1503,Driving Layup,8,4,LAYUPS,2002
Tracy McGrady,1503,Finger Roll,2,1,LAYUPS,2002
Tracy McGrady,1503,Reverse Layup,3,2,LAYUPS,2002
Tracy McGrady,1503,Standard Dunk,1,1,DUNKS,2002
Tracy McGrady,1503,Standard Layup,9,3,LAYUPS,2002
Troy Hudson,1607,2PT Jump Shot,20,8,TWO_POINT_JUMPERS,2002
Troy Hudson,1607,2PT Running Jump Shot,3,1,TWO_POINT_JUMPERS,2002
Troy Hudson,1607,3PT Jump Shot,5,0,THREE_POINT_JUMPERS,2002
Troy Hudson,1607,Driving Layup,6,4,LAYUPS,2002
Troy Hudson,1607,Finger Roll,1,0,LAYUPS,2002
Troy Hudson,1607,Reverse Layup,1,1,LAYUPS,2002
Troy Hudson,1607,Standard Layup,12,4,LAYUPS,2002
Victor Alexander,2349,2PT Jump Shot,1,0,TWO_POINT_JUMPERS,2002
Vin Baker,452,2PT Fadeaway Jump Shot,1,1,TWO_POINT_JUMPERS,2002
Vin Baker,452,2PT Jump Shot,32,10,TWO_POINT_JUMPERS,2002
Vin Baker,452,2PT Running Jump Shot,1,1,TWO_POINT_JUMPERS,2002
Vin Baker,452,2PT Turnaround Jump Shot,2,2,TWO_POINT_JUMPERS,2002
Vin Baker,452,3PT Jump Shot,1,1,THREE_POINT_JUMPERS,2002
Vin Baker,452,Hook Shot,2,2,POST_MOVES,2002
Vin Baker,452,Reverse Layup,1,1,LAYUPS,2002
Vin Baker,452,Standard Dunk,2,2,DUNKS,2002
Vin Baker,452,Standard Layup,14,7,LAYUPS,2002
Vin Baker,452,Tip Shot,2,2,TIP_SHOTS,2002
Vlade Divac,124,2PT Jump Shot,61,22,TWO_POINT_JUMPERS,2002
Vlade Divac,124,2PT Turnaround Jump Shot,1,0,TWO_POINT_JUMPERS,2002
Vlade Divac,124,3PT Jump Shot,6,2,THREE_POINT_JUMPERS,2002
Vlade Divac,124,Driving Dunk,2,2,DUNKS,2002
Vlade Divac,124,Driving Layup,3,1,LAYUPS,2002
Vlade Divac,124,Finger Roll,3,1,LAYUPS,2002
Vlade Divac,124,Hook Shot,18,5,POST_MOVES,2002
Vlade Divac,124,Reverse Dunk,1,1,DUNKS,2002
Vlade Divac,124,Reverse Layup,3,3,LAYUPS,2002
Vlade Divac,124,Running Hook Shot,2,2,POST_MOVES,2002
Vlade Divac,124,Specialty Dunk,1,1,DUNKS,2002
Vlade Divac,124,Standard Dunk,3,2,DUNKS,2002
Vlade Divac,124,Standard Layup,38,23,LAYUPS,2002
Vlade Divac,124,Tip Shot,9,5,TIP_SHOTS,2002
Vladimir Radmanovic,2209,2PT Jump Shot,9,2,TWO_POINT_JUMPERS,2002
Vladimir Radmanovic,2209,2PT Running Jump Shot,1,0,TWO_POINT_JUMPERS,2002
Vladimir Radmanovic,2209,3PT Jump Shot,13,7,THREE_POINT_JUMPERS,2002
Vladimir Radmanovic,2209,Driving Dunk,2,2,DUNKS,2002
Vladimir Radmanovic,2209,Standard Layup,5,2,LAYUPS,2002
Vladimir Radmanovic,2209,Tip Shot,2,1,TIP_SHOTS,2002
Wally Szczerbiak,1887,2PT Jump Shot,27,13,TWO_POINT_JUMPERS,2002
Wally Szczerbiak,1887,3PT Jump Shot,9,2,THREE_POINT_JUMPERS,2002
Wally Szczerbiak,1887,Driving Layup,4,2,LAYUPS,2002
Wally Szczerbiak,1887,Standard Dunk,2,2,DUNKS,2002
Wally Szczerbiak,1887,Standard Layup,2,2,LAYUPS,2002
Walter McCarty,962,2PT Jump Shot,8,3,TWO_POINT_JUMPERS,2002
Walter McCarty,962,3PT Jump Shot,18,3,THREE_POINT_JUMPERS,2002
Walter McCarty,962,Driving Dunk,1,1,DUNKS,2002
Walter McCarty,962,Driving Layup,2,2,LAYUPS,2002
Walter McCarty,962,Finger Roll,1,1,LAYUPS,2002
Walter McCarty,962,Standard Dunk,3,3,DUNKS,2002
Walter McCarty,962,Standard Layup,4,4,LAYUPS,2002
Walter McCarty,962,Turnaround Hook Shot,1,0,POST_MOVES,2002
Wang Zhi-zhi,1917,2PT Jump Shot,3,1,TWO_POINT_JUMPERS,2002
Wang Zhi-zhi,1917,2PT Running Jump Shot,1,1,TWO_POINT_JUMPERS,2002
Wang Zhi-zhi,1917,3PT Jump Shot,6,3,THREE_POINT_JUMPERS,2002
Wang Zhi-zhi,1917,Driving Layup,1,0,LAYUPS,2002
Wang Zhi-zhi,1917,Standard Layup,4,1,LAYUPS,2002
Wang Zhi-zhi,1917,Tip Shot,1,1,TIP_SHOTS,2002
Zeljko Rebraca,1442,2PT Jump Shot,4,2,TWO_POINT_JUMPERS,2002
Zeljko Rebraca,1442,Hook Shot,4,1,POST_MOVES,2002
Zeljko Rebraca,1442,Standard Layup,3,2,LAYUPS,2002
